stage	output_type	output_path	member	recorded_sha256	recorded_sha256_source	mode	mode_source	normalised	normalised_source
atacseq_bulk.01_nfcore-atacseq-wrapper	peaks	run/results/bwa/merged_library/macs2/narrow_peak	atac-a_REP1.mLb.clN_peaks.annotatePeaks.txt	f0ce8ab21b2a49ed6757358ecc38f657c5478e5e0313d33a342385c617166f07	recorded at run: manifest field outputs[].members	exact	supplied at packaging from the default comparison mode (decision 0283)	-	computed at packaging from bytes matching the record: none, this mode needs none
atacseq_bulk.01_nfcore-atacseq-wrapper	peaks	run/results/bwa/merged_library/macs2/narrow_peak	atac-a_REP1.mLb.clN_peaks.narrowPeak	9b83a4f05c0c7bedf7b053d26f00692c90ad44176451f93e6cdf084b1e615deb	recorded at run: manifest field outputs[].members	exact	supplied at packaging from the default comparison mode (decision 0283)	-	computed at packaging from bytes matching the record: none, this mode needs none
atacseq_bulk.01_nfcore-atacseq-wrapper	peaks	run/results/bwa/merged_library/macs2/narrow_peak	atac-a_REP1.mLb.clN_peaks.xls	17a38f5be6c8cd1733c57c483c8399a7d1314738bca94266804c5aaa6d2f48a0	recorded at run: manifest field outputs[].members	exact	supplied at packaging from the default comparison mode (decision 0283)	-	computed at packaging from bytes matching the record: none, this mode needs none
atacseq_bulk.01_nfcore-atacseq-wrapper	peaks	run/results/bwa/merged_library/macs2/narrow_peak	atac-a_REP1.mLb.clN_summits.bed	db90dc524d596b1ba750ec9fae5a1aad10101da81aaf66622f03cd8834640b96	recorded at run: manifest field outputs[].members	exact	supplied at packaging from the default comparison mode (decision 0283)	-	computed at packaging from bytes matching the record: none, this mode needs none
atacseq_bulk.01_nfcore-atacseq-wrapper	peaks	run/results/bwa/merged_library/macs2/narrow_peak	atac-a_REP2.mLb.clN_peaks.annotatePeaks.txt	cb8538fccd569052912c3cbef4bb45fa453fabeace4f0e29c5c846d3d5e723c4	recorded at run: manifest field outputs[].members	exact	supplied at packaging from the default comparison mode (decision 0283)	-	computed at packaging from bytes matching the record: none, this mode needs none
atacseq_bulk.01_nfcore-atacseq-wrapper	peaks	run/results/bwa/merged_library/macs2/narrow_peak	atac-a_REP2.mLb.clN_peaks.narrowPeak	05782b462db9cbfbe8936b5f31000fdb6e53ea1607f9effe175984855c7c16d2	recorded at run: manifest field outputs[].members	exact	supplied at packaging from the default comparison mode (decision 0283)	-	computed at packaging from bytes matching the record: none, this mode needs none
atacseq_bulk.01_nfcore-atacseq-wrapper	peaks	run/results/bwa/merged_library/macs2/narrow_peak	atac-a_REP2.mLb.clN_peaks.xls	da97408e2dacc3f3a4ee4e1f618d9342da97632d154c2af99f39fd21d26b3ba4	recorded at run: manifest field outputs[].members	exact	supplied at packaging from the default comparison mode (decision 0283)	-	computed at packaging from bytes matching the record: none, this mode needs none
atacseq_bulk.01_nfcore-atacseq-wrapper	peaks	run/results/bwa/merged_library/macs2/narrow_peak	atac-a_REP2.mLb.clN_summits.bed	d3b48cb9f05581cb2f5cc36484bbb26aaccd7bf5443900072974edfe862f6705	recorded at run: manifest field outputs[].members	exact	supplied at packaging from the default comparison mode (decision 0283)	-	computed at packaging from bytes matching the record: none, this mode needs none
atacseq_bulk.01_nfcore-atacseq-wrapper	peaks	run/results/bwa/merged_library/macs2/narrow_peak	atac-b_REP1.mLb.clN_peaks.annotatePeaks.txt	607e248b429b30992c6aeebb24858832e6e78ec643340816ef3d80b3e3d42bf7	recorded at run: manifest field outputs[].members	exact	supplied at packaging from the default comparison mode (decision 0283)	-	computed at packaging from bytes matching the record: none, this mode needs none
atacseq_bulk.01_nfcore-atacseq-wrapper	peaks	run/results/bwa/merged_library/macs2/narrow_peak	atac-b_REP1.mLb.clN_peaks.narrowPeak	31bd81029819e433195521f6a19cc111e0b3dbe0b2c98e95aaa57f0606286e11	recorded at run: manifest field outputs[].members	exact	supplied at packaging from the default comparison mode (decision 0283)	-	computed at packaging from bytes matching the record: none, this mode needs none
atacseq_bulk.01_nfcore-atacseq-wrapper	peaks	run/results/bwa/merged_library/macs2/narrow_peak	atac-b_REP1.mLb.clN_peaks.xls	2af170136326d144f60a37fab7c719ef0ee23b40618c924b2e473a01a5b27f16	recorded at run: manifest field outputs[].members	exact	supplied at packaging from the default comparison mode (decision 0283)	-	computed at packaging from bytes matching the record: none, this mode needs none
atacseq_bulk.01_nfcore-atacseq-wrapper	peaks	run/results/bwa/merged_library/macs2/narrow_peak	atac-b_REP1.mLb.clN_summits.bed	7d9c8364308a4730f4734332288beec7601a2b8ed54b21d39b327f7aabc23edf	recorded at run: manifest field outputs[].members	exact	supplied at packaging from the default comparison mode (decision 0283)	-	computed at packaging from bytes matching the record: none, this mode needs none
atacseq_bulk.01_nfcore-atacseq-wrapper	peaks	run/results/bwa/merged_library/macs2/narrow_peak	atac-b_REP2.mLb.clN_peaks.annotatePeaks.txt	4ab02f89ff59667d312031df50ced6abc5da4f23ce5e37dea1de476c3441734d	recorded at run: manifest field outputs[].members	exact	supplied at packaging from the default comparison mode (decision 0283)	-	computed at packaging from bytes matching the record: none, this mode needs none
atacseq_bulk.01_nfcore-atacseq-wrapper	peaks	run/results/bwa/merged_library/macs2/narrow_peak	atac-b_REP2.mLb.clN_peaks.narrowPeak	98c61f7c857e40fe7e2837a7451b252b6221f05b855bfb6210805f0045b19296	recorded at run: manifest field outputs[].members	exact	supplied at packaging from the default comparison mode (decision 0283)	-	computed at packaging from bytes matching the record: none, this mode needs none
atacseq_bulk.01_nfcore-atacseq-wrapper	peaks	run/results/bwa/merged_library/macs2/narrow_peak	atac-b_REP2.mLb.clN_peaks.xls	c4790e9fafd19f1e91b5ccd810877b57010a0dc5df53be03509dd5d51ab9ccaa	recorded at run: manifest field outputs[].members	exact	supplied at packaging from the default comparison mode (decision 0283)	-	computed at packaging from bytes matching the record: none, this mode needs none
atacseq_bulk.01_nfcore-atacseq-wrapper	peaks	run/results/bwa/merged_library/macs2/narrow_peak	atac-b_REP2.mLb.clN_summits.bed	b935e8460615869b1955629c019aa5e36eb491626e8845a771505cd44bfb3265	recorded at run: manifest field outputs[].members	exact	supplied at packaging from the default comparison mode (decision 0283)	-	computed at packaging from bytes matching the record: none, this mode needs none
atacseq_bulk.01_nfcore-atacseq-wrapper	peaks	run/results/bwa/merged_library/macs2/narrow_peak	consensus/consensus_peaks.mLb.clN.annotatePeaks.txt	a49ddbd8eecc686526b280ec8b6bb236577011316a3607382ffd283090d2d79a	recorded at run: manifest field outputs[].members	exact	supplied at packaging from the default comparison mode (decision 0283)	-	computed at packaging from bytes matching the record: none, this mode needs none
atacseq_bulk.01_nfcore-atacseq-wrapper	peaks	run/results/bwa/merged_library/macs2/narrow_peak	consensus/consensus_peaks.mLb.clN.bed	7e2ee1c97694918284da8dd74773d049c6f85b9ba4587f55085665530d449e50	recorded at run: manifest field outputs[].members	exact	supplied at packaging from the default comparison mode (decision 0283)	-	computed at packaging from bytes matching the record: none, this mode needs none
atacseq_bulk.01_nfcore-atacseq-wrapper	peaks	run/results/bwa/merged_library/macs2/narrow_peak	consensus/consensus_peaks.mLb.clN.boolean.intersect.plot.pdf	withheld	withheld: a presence member is compared by no hash, so its outputs[].members sha256 is never published	presence	supplied at packaging from the lane file outputs/package-tolerances.json, shipped in this package	-	computed at packaging from bytes matching the record: none, this mode needs none
atacseq_bulk.01_nfcore-atacseq-wrapper	peaks	run/results/bwa/merged_library/macs2/narrow_peak	consensus/consensus_peaks.mLb.clN.boolean.intersect.txt	70cc30b861958f3b56e5a7c40b680c69d3edb124619c56abdba0512dd0573eb6	recorded at run: manifest field outputs[].members	exact	supplied at packaging from the default comparison mode (decision 0283)	-	computed at packaging from bytes matching the record: none, this mode needs none
atacseq_bulk.01_nfcore-atacseq-wrapper	peaks	run/results/bwa/merged_library/macs2/narrow_peak	consensus/consensus_peaks.mLb.clN.boolean.txt	5d22adc6a546dcd00ef240ac7a2f5b2ef5ab3896caf514086b29cda67b679eb1	recorded at run: manifest field outputs[].members	exact	supplied at packaging from the default comparison mode (decision 0283)	-	computed at packaging from bytes matching the record: none, this mode needs none
atacseq_bulk.01_nfcore-atacseq-wrapper	peaks	run/results/bwa/merged_library/macs2/narrow_peak	consensus/consensus_peaks.mLb.clN.featureCounts.txt	e33dc9c084f1a5b291cc1ef99ea42276872401e67ae8fba59cd71cee7126a840	recorded at run: manifest field outputs[].members	column_matched_table	supplied at packaging from the lane file outputs/package-tolerances.json, shipped in this package	sha256:d82086540c554a9eda01ebb441bfacf698b7d81febf3e54a61af71a5d542c801	computed at packaging from bytes matching the record
atacseq_bulk.01_nfcore-atacseq-wrapper	peaks	run/results/bwa/merged_library/macs2/narrow_peak	consensus/consensus_peaks.mLb.clN.featureCounts.txt.summary	1c30ae6ed47ad801c762dd3cc5a1bedd0f6edc3392bca36a0e163f317e1e0d86	recorded at run: manifest field outputs[].members	column_matched_table	supplied at packaging from the lane file outputs/package-tolerances.json, shipped in this package	sha256:38c99697ef28d73acb28ffab380523e9f6beba8a12f0223880972c6bb4b018ac	computed at packaging from bytes matching the record
atacseq_bulk.01_nfcore-atacseq-wrapper	peaks	run/results/bwa/merged_library/macs2/narrow_peak	consensus/consensus_peaks.mLb.clN.saf	323f6bb74469f8013ee19b6c65be2bd965c193ad84dd48de32d6b2127f284bcb	recorded at run: manifest field outputs[].members	exact	supplied at packaging from the default comparison mode (decision 0283)	-	computed at packaging from bytes matching the record: none, this mode needs none
atacseq_bulk.01_nfcore-atacseq-wrapper	peaks	run/results/bwa/merged_library/macs2/narrow_peak	consensus/deseq2/R_sessionInfo.log	50351dc5cb78e2969a95c4549a543f37cf133e6f76c58164ea142f755a63adc2	recorded at run: manifest field outputs[].members	exact	supplied at packaging from the default comparison mode (decision 0283)	-	computed at packaging from bytes matching the record: none, this mode needs none
atacseq_bulk.01_nfcore-atacseq-wrapper	peaks	run/results/bwa/merged_library/macs2/narrow_peak	consensus/deseq2/consensus_peaks.mLb.clN.dds.RData	withheld	withheld: a presence member is compared by no hash, so its outputs[].members sha256 is never published	presence	supplied at packaging from the lane file outputs/package-tolerances.json, shipped in this package	-	computed at packaging from bytes matching the record: none, this mode needs none
atacseq_bulk.01_nfcore-atacseq-wrapper	peaks	run/results/bwa/merged_library/macs2/narrow_peak	consensus/deseq2/consensus_peaks.mLb.clN.pca.vals.txt	6e15def31a35a706202b689bad9e4344e9fb50a581e2a06fc435486c6a64c51e	recorded at run: manifest field outputs[].members	sign_aligned_numeric	supplied at packaging from the lane file outputs/package-tolerances.json, shipped in this package	{"atac-a_REP1":[3.9928642939662,-7.35246771408569],"atac-a_REP2":[9.56516077694755,4.78390491930372],"atac-b_REP1":[-7.23271284930167,0.170213954159205],"atac-b_REP2":[-6.32531222161208,2.39834884062276]}	computed at packaging from bytes matching the record
atacseq_bulk.01_nfcore-atacseq-wrapper	peaks	run/results/bwa/merged_library/macs2/narrow_peak	consensus/deseq2/consensus_peaks.mLb.clN.pca.vals_mqc.tsv	da7825b67fe95d9899807d16d14e2315a834cd38d6a6b6800974a61f1f972681	recorded at run: manifest field outputs[].members	sign_aligned_numeric	supplied at packaging from the lane file outputs/package-tolerances.json, shipped in this package	{"atac-a_REP1":[3.9928642939662,-7.35246771408569],"atac-a_REP2":[9.56516077694755,4.78390491930372],"atac-b_REP1":[-7.23271284930167,0.170213954159205],"atac-b_REP2":[-6.32531222161208,2.39834884062276]}	computed at packaging from bytes matching the record
atacseq_bulk.01_nfcore-atacseq-wrapper	peaks	run/results/bwa/merged_library/macs2/narrow_peak	consensus/deseq2/consensus_peaks.mLb.clN.plots.pdf	withheld	withheld: a presence member is compared by no hash, so its outputs[].members sha256 is never published	presence	supplied at packaging from the lane file outputs/package-tolerances.json, shipped in this package	-	computed at packaging from bytes matching the record: none, this mode needs none
atacseq_bulk.01_nfcore-atacseq-wrapper	peaks	run/results/bwa/merged_library/macs2/narrow_peak	consensus/deseq2/consensus_peaks.mLb.clN.rds	withheld	withheld: a presence member is compared by no hash, so its outputs[].members sha256 is never published	presence	supplied at packaging from the lane file outputs/package-tolerances.json, shipped in this package	-	computed at packaging from bytes matching the record: none, this mode needs none
atacseq_bulk.01_nfcore-atacseq-wrapper	peaks	run/results/bwa/merged_library/macs2/narrow_peak	consensus/deseq2/consensus_peaks.mLb.clN.sample.dists.txt	21b1080a821bdbbd7190742ee21b6b4c5c8ecbe491b73ee0811fa09c8a78e824	recorded at run: manifest field outputs[].members	exact	supplied at packaging from the default comparison mode (decision 0283)	-	computed at packaging from bytes matching the record: none, this mode needs none
atacseq_bulk.01_nfcore-atacseq-wrapper	peaks	run/results/bwa/merged_library/macs2/narrow_peak	consensus/deseq2/consensus_peaks.mLb.clN.sample.dists_mqc.tsv	00c9396af1e5a9fcdbd23981f9f1c5c0c2ec0771b0946060899314c4f781e91a	recorded at run: manifest field outputs[].members	exact	supplied at packaging from the default comparison mode (decision 0283)	-	computed at packaging from bytes matching the record: none, this mode needs none
atacseq_bulk.01_nfcore-atacseq-wrapper	peaks	run/results/bwa/merged_library/macs2/narrow_peak	consensus/deseq2/size_factors/atac-a_REP1.size_factors.txt	37eaa7f397aebd32ac96d80b83903022eaca1753e76a4d9f911d74b0d10d5c0c	recorded at run: manifest field outputs[].members	exact	supplied at packaging from the default comparison mode (decision 0283)	-	computed at packaging from bytes matching the record: none, this mode needs none
atacseq_bulk.01_nfcore-atacseq-wrapper	peaks	run/results/bwa/merged_library/macs2/narrow_peak	consensus/deseq2/size_factors/atac-a_REP2.size_factors.txt	8250ceb146b42f49b4e4956b17325db92fece6af1473544c4f360be979fab0dd	recorded at run: manifest field outputs[].members	exact	supplied at packaging from the default comparison mode (decision 0283)	-	computed at packaging from bytes matching the record: none, this mode needs none
atacseq_bulk.01_nfcore-atacseq-wrapper	peaks	run/results/bwa/merged_library/macs2/narrow_peak	consensus/deseq2/size_factors/atac-b_REP1.size_factors.txt	2210e5257ab5c2de56da26a84cb5be4c1c0df1bbee68b27a0298a38a5fa4f45c	recorded at run: manifest field outputs[].members	exact	supplied at packaging from the default comparison mode (decision 0283)	-	computed at packaging from bytes matching the record: none, this mode needs none
atacseq_bulk.01_nfcore-atacseq-wrapper	peaks	run/results/bwa/merged_library/macs2/narrow_peak	consensus/deseq2/size_factors/atac-b_REP2.size_factors.txt	d7c56b122d3dbeeec2adedee9789cfe2dca8ea441c485681ff29d27cfc4819ec	recorded at run: manifest field outputs[].members	exact	supplied at packaging from the default comparison mode (decision 0283)	-	computed at packaging from bytes matching the record: none, this mode needs none
atacseq_bulk.01_nfcore-atacseq-wrapper	peaks	run/results/bwa/merged_library/macs2/narrow_peak	consensus/deseq2/size_factors/consensus_peaks.mLb.clN.size_factors.RData	withheld	withheld: a presence member is compared by no hash, so its outputs[].members sha256 is never published	presence	supplied at packaging from the lane file outputs/package-tolerances.json, shipped in this package	-	computed at packaging from bytes matching the record: none, this mode needs none
atacseq_bulk.01_nfcore-atacseq-wrapper	peaks	run/results/bwa/merged_library/macs2/narrow_peak	qc/atac-a_REP1.mLb.clN_peaks.FRiP_mqc.tsv	1dfc72b62aa75f592492701509ac92d8d40042d9986104602cc4c54e9854a021	recorded at run: manifest field outputs[].members	exact	supplied at packaging from the default comparison mode (decision 0283)	-	computed at packaging from bytes matching the record: none, this mode needs none
atacseq_bulk.01_nfcore-atacseq-wrapper	peaks	run/results/bwa/merged_library/macs2/narrow_peak	qc/atac-a_REP1.mLb.clN_peaks.count_mqc.tsv	000a7802570f182992b7a3c6ce3bea95b30060f6aa11add31819a61d7031e0f5	recorded at run: manifest field outputs[].members	exact	supplied at packaging from the default comparison mode (decision 0283)	-	computed at packaging from bytes matching the record: none, this mode needs none
atacseq_bulk.01_nfcore-atacseq-wrapper	peaks	run/results/bwa/merged_library/macs2/narrow_peak	qc/atac-a_REP2.mLb.clN_peaks.FRiP_mqc.tsv	a25ce625f6b49fd632b39c4d31530887cb19bfc089876dc1e4e1069e41ca46fe	recorded at run: manifest field outputs[].members	exact	supplied at packaging from the default comparison mode (decision 0283)	-	computed at packaging from bytes matching the record: none, this mode needs none
atacseq_bulk.01_nfcore-atacseq-wrapper	peaks	run/results/bwa/merged_library/macs2/narrow_peak	qc/atac-a_REP2.mLb.clN_peaks.count_mqc.tsv	6203f21d5224565717ecf9ebe262dacaeaa82ece96bdeae0c1adcd704fc89c79	recorded at run: manifest field outputs[].members	exact	supplied at packaging from the default comparison mode (decision 0283)	-	computed at packaging from bytes matching the record: none, this mode needs none
atacseq_bulk.01_nfcore-atacseq-wrapper	peaks	run/results/bwa/merged_library/macs2/narrow_peak	qc/atac-b_REP1.mLb.clN_peaks.FRiP_mqc.tsv	41a1db874f3a07c8c42d4d83ac631015690bb503df27ae099b7176718f4db010	recorded at run: manifest field outputs[].members	exact	supplied at packaging from the default comparison mode (decision 0283)	-	computed at packaging from bytes matching the record: none, this mode needs none
atacseq_bulk.01_nfcore-atacseq-wrapper	peaks	run/results/bwa/merged_library/macs2/narrow_peak	qc/atac-b_REP1.mLb.clN_peaks.count_mqc.tsv	a92b0b7cd975d53737a4b05ad068bdec373bef66a9f06d60b656f673efbdd28c	recorded at run: manifest field outputs[].members	exact	supplied at packaging from the default comparison mode (decision 0283)	-	computed at packaging from bytes matching the record: none, this mode needs none
atacseq_bulk.01_nfcore-atacseq-wrapper	peaks	run/results/bwa/merged_library/macs2/narrow_peak	qc/atac-b_REP2.mLb.clN_peaks.FRiP_mqc.tsv	68f241756d725440a51de16ed147fdf423d077966a1bfd23fce370f00dbf95e6	recorded at run: manifest field outputs[].members	exact	supplied at packaging from the default comparison mode (decision 0283)	-	computed at packaging from bytes matching the record: none, this mode needs none
atacseq_bulk.01_nfcore-atacseq-wrapper	peaks	run/results/bwa/merged_library/macs2/narrow_peak	qc/atac-b_REP2.mLb.clN_peaks.count_mqc.tsv	7d3a5142c539fb6a513e94bffcf6d2f783b4b7f1bdba6e20dc984ac6289fc071	recorded at run: manifest field outputs[].members	exact	supplied at packaging from the default comparison mode (decision 0283)	-	computed at packaging from bytes matching the record: none, this mode needs none
atacseq_bulk.01_nfcore-atacseq-wrapper	peaks	run/results/bwa/merged_library/macs2/narrow_peak	qc/macs2_annotatePeaks.mLb.clN.plots.pdf	e2603de86af58dce29cc3fab8ce36e10f4790de9da12b0eb44b4e3b959a5d2b5	recorded at run: manifest field outputs[].members	exact	supplied at packaging from the default comparison mode (decision 0283)	-	computed at packaging from bytes matching the record: none, this mode needs none
atacseq_bulk.01_nfcore-atacseq-wrapper	peaks	run/results/bwa/merged_library/macs2/narrow_peak	qc/macs2_annotatePeaks.mLb.clN.summary.txt	5db26ffb60ae34b39daa741b11f824ec28d7ec8b4c104dc15a63371bc4bbbb2c	recorded at run: manifest field outputs[].members	exact	supplied at packaging from the default comparison mode (decision 0283)	-	computed at packaging from bytes matching the record: none, this mode needs none
atacseq_bulk.01_nfcore-atacseq-wrapper	peaks	run/results/bwa/merged_library/macs2/narrow_peak	qc/macs2_annotatePeaks.mLb.clN.summary_mqc.tsv	1dd5d6e1510b74d86d5422c34da9cba7cdf2f0d862edfc95b183abcd17b6eb71	recorded at run: manifest field outputs[].members	exact	supplied at packaging from the default comparison mode (decision 0283)	-	computed at packaging from bytes matching the record: none, this mode needs none
atacseq_bulk.01_nfcore-atacseq-wrapper	peaks	run/results/bwa/merged_library/macs2/narrow_peak	qc/macs2_peak.mLb.clN.plots.pdf	withheld	withheld: a presence member is compared by no hash, so its outputs[].members sha256 is never published	presence	supplied at packaging from the lane file outputs/package-tolerances.json, shipped in this package	-	computed at packaging from bytes matching the record: none, this mode needs none
atacseq_bulk.01_nfcore-atacseq-wrapper	peaks	run/results/bwa/merged_library/macs2/narrow_peak	qc/macs2_peak.mLb.clN.summary.txt	00b63d760d88de646d87f4609c76809ca74a1fef83c636d7374b8a54d7da19c3	recorded at run: manifest field outputs[].members	sorted_table	supplied at packaging from the lane file outputs/package-tolerances.json, shipped in this package	sha256:4ecd89dd621c1261ce13f9497f74dcf970b5abf20547a05f4cd1e9ac641f9fa7	computed at packaging from bytes matching the record
atacseq_bulk.01_nfcore-atacseq-wrapper	peaks_consensus	run/results/bwa/merged_library/macs2/narrow_peak/consensus/consensus_peaks.mLb.clN.bed	.	7e2ee1c97694918284da8dd74773d049c6f85b9ba4587f55085665530d449e50	recorded at run: manifest field outputs	exact	supplied at packaging from the default comparison mode (decision 0283)	-	computed at packaging from bytes matching the record: none, this mode needs none
atacseq_bulk.01_nfcore-atacseq-wrapper	counts_peaks	run/results/bwa/merged_library/macs2/narrow_peak/consensus/consensus_peaks.mLb.clN.featureCounts.txt	.	e33dc9c084f1a5b291cc1ef99ea42276872401e67ae8fba59cd71cee7126a840	recorded at run: manifest field outputs	column_matched_table	supplied at packaging from the lane file outputs/package-tolerances.json, shipped in this package	sha256:d82086540c554a9eda01ebb441bfacf698b7d81febf3e54a61af71a5d542c801	computed at packaging from bytes matching the record
atacseq_bulk.01_nfcore-atacseq-wrapper	bigwig	run/results/bwa/merged_library/bigwig	atac-a_REP1.mLb.clN.bigWig	591a6c97b52d26936d1136b9b9cf138f54ddc829a7033114813646a4a3b32364	recorded at run: manifest field outputs[].members	exact	supplied at packaging from the default comparison mode (decision 0283)	-	computed at packaging from bytes matching the record: none, this mode needs none
atacseq_bulk.01_nfcore-atacseq-wrapper	bigwig	run/results/bwa/merged_library/bigwig	atac-a_REP2.mLb.clN.bigWig	1c9ec1e080c3d790f603563d04c4af716a9214615e8171c2b8f47a39b54348fc	recorded at run: manifest field outputs[].members	exact	supplied at packaging from the default comparison mode (decision 0283)	-	computed at packaging from bytes matching the record: none, this mode needs none
atacseq_bulk.01_nfcore-atacseq-wrapper	bigwig	run/results/bwa/merged_library/bigwig	atac-b_REP1.mLb.clN.bigWig	213e4a3c80f6e1c1515f34d072c10d3cf229d804b3451546b1b8ae45f468f333	recorded at run: manifest field outputs[].members	exact	supplied at packaging from the default comparison mode (decision 0283)	-	computed at packaging from bytes matching the record: none, this mode needs none
atacseq_bulk.01_nfcore-atacseq-wrapper	bigwig	run/results/bwa/merged_library/bigwig	atac-b_REP2.mLb.clN.bigWig	6aee4fdf043ca963a4532d9a992274875a21d800b726d812259dd8db7fec62be	recorded at run: manifest field outputs[].members	exact	supplied at packaging from the default comparison mode (decision 0283)	-	computed at packaging from bytes matching the record: none, this mode needs none
atacseq_bulk.01_nfcore-atacseq-wrapper	bigwig	run/results/bwa/merged_library/bigwig	scale/atac-a_REP1.mLb.clN.scale_factor.txt	466fd3247a2e36e053a5bdeb6e073edd2b19422dd212e474e96a8610f5cad136	recorded at run: manifest field outputs[].members	exact	supplied at packaging from the default comparison mode (decision 0283)	-	computed at packaging from bytes matching the record: none, this mode needs none
atacseq_bulk.01_nfcore-atacseq-wrapper	bigwig	run/results/bwa/merged_library/bigwig	scale/atac-a_REP2.mLb.clN.scale_factor.txt	2c483041c1106e2eb11c1fe712b45be4c8611797fbc2c568700f7a1812fcd780	recorded at run: manifest field outputs[].members	exact	supplied at packaging from the default comparison mode (decision 0283)	-	computed at packaging from bytes matching the record: none, this mode needs none
atacseq_bulk.01_nfcore-atacseq-wrapper	bigwig	run/results/bwa/merged_library/bigwig	scale/atac-b_REP1.mLb.clN.scale_factor.txt	cb8a5fd0f44a303156178baeeab1af0c02596c9c37b7eee21f41b3dd48232b93	recorded at run: manifest field outputs[].members	exact	supplied at packaging from the default comparison mode (decision 0283)	-	computed at packaging from bytes matching the record: none, this mode needs none
atacseq_bulk.01_nfcore-atacseq-wrapper	bigwig	run/results/bwa/merged_library/bigwig	scale/atac-b_REP2.mLb.clN.scale_factor.txt	0d57624bff1cd9601958787e0509590176df40617be737337d00b1079fc856bb	recorded at run: manifest field outputs[].members	exact	supplied at packaging from the default comparison mode (decision 0283)	-	computed at packaging from bytes matching the record: none, this mode needs none
atacseq_bulk.01_nfcore-atacseq-wrapper	bam_genome	run/results/bwa/merged_library	atac-a_REP1.mLb.clN.sorted.bam	b57ab77044a40ba9d2c91d61541b0d4b0187575870d6cfab08157dff6d6b3dc3	recorded at run: manifest field outputs[].members	exact	supplied at packaging from the default comparison mode (decision 0283)	-	computed at packaging from bytes matching the record: none, this mode needs none
atacseq_bulk.01_nfcore-atacseq-wrapper	bam_genome	run/results/bwa/merged_library	atac-a_REP1.mLb.clN.sorted.bam.bai	a9ae050dca9fffba8897bb98de5cc0e58731438f4c606bd753ab9b1686308d34	recorded at run: manifest field outputs[].members	exact	supplied at packaging from the default comparison mode (decision 0283)	-	computed at packaging from bytes matching the record: none, this mode needs none
atacseq_bulk.01_nfcore-atacseq-wrapper	bam_genome	run/results/bwa/merged_library	atac-a_REP2.mLb.clN.sorted.bam	2353701f9682c843e0e2e655c44d3791b4121ab6d4fe3c05e437fe53639c2687	recorded at run: manifest field outputs[].members	exact	supplied at packaging from the default comparison mode (decision 0283)	-	computed at packaging from bytes matching the record: none, this mode needs none
atacseq_bulk.01_nfcore-atacseq-wrapper	bam_genome	run/results/bwa/merged_library	atac-a_REP2.mLb.clN.sorted.bam.bai	f691c8906cffa67bd4476a7080d1da1b2395d8d7d8ff3c1e80d2c1c32facdfcf	recorded at run: manifest field outputs[].members	exact	supplied at packaging from the default comparison mode (decision 0283)	-	computed at packaging from bytes matching the record: none, this mode needs none
atacseq_bulk.01_nfcore-atacseq-wrapper	bam_genome	run/results/bwa/merged_library	atac-b_REP1.mLb.clN.sorted.bam	51c16ce45fbad59e3f793f2f25b1c74dd040adba7ffb6d989b108e37afcc3c38	recorded at run: manifest field outputs[].members	exact	supplied at packaging from the default comparison mode (decision 0283)	-	computed at packaging from bytes matching the record: none, this mode needs none
atacseq_bulk.01_nfcore-atacseq-wrapper	bam_genome	run/results/bwa/merged_library	atac-b_REP1.mLb.clN.sorted.bam.bai	08ff06badb4a7fabc5026407b876d301b340c4283a07eaf5f72ebf683de1ae3a	recorded at run: manifest field outputs[].members	exact	supplied at packaging from the default comparison mode (decision 0283)	-	computed at packaging from bytes matching the record: none, this mode needs none
atacseq_bulk.01_nfcore-atacseq-wrapper	bam_genome	run/results/bwa/merged_library	atac-b_REP2.mLb.clN.sorted.bam	ca1601ca2509e231ad5ba7496777ffecc81a560b2493298df308728b935d5157	recorded at run: manifest field outputs[].members	exact	supplied at packaging from the default comparison mode (decision 0283)	-	computed at packaging from bytes matching the record: none, this mode needs none
atacseq_bulk.01_nfcore-atacseq-wrapper	bam_genome	run/results/bwa/merged_library	atac-b_REP2.mLb.clN.sorted.bam.bai	3ba03e0c5c530f51c5e2f51f15b4fb7f05797e0d0af31ce56df7c2c6050e5da4	recorded at run: manifest field outputs[].members	exact	supplied at packaging from the default comparison mode (decision 0283)	-	computed at packaging from bytes matching the record: none, this mode needs none
atacseq_bulk.01_nfcore-atacseq-wrapper	bam_genome	run/results/bwa/merged_library	ataqv/narrow_peak/atac-a_REP1.ataqv.json	3ebe1edcbcfb06dae1c73d486a273260be85fc99ccec9339062e91843a6a6bc7	recorded at run: manifest field outputs[].members	sorted_table	supplied at packaging from the lane file outputs/package-tolerances.json, shipped in this package	sha256:3e8fbd79bd09fbe5c25d434c73f050ff2e94fa4338bee9cbb00a42b45dc8fa38	computed at packaging from bytes matching the record
atacseq_bulk.01_nfcore-atacseq-wrapper	bam_genome	run/results/bwa/merged_library	ataqv/narrow_peak/atac-a_REP2.ataqv.json	675df2fdff95c0bf26d9a72252057d43d12db3d6ff88ea13ef37b731fdb762a8	recorded at run: manifest field outputs[].members	sorted_table	supplied at packaging from the lane file outputs/package-tolerances.json, shipped in this package	sha256:1056331b083d8f98dbef29e125d57087dbc4c4e33a0e5ee6ccffb9d36b59c60f	computed at packaging from bytes matching the record
atacseq_bulk.01_nfcore-atacseq-wrapper	bam_genome	run/results/bwa/merged_library	ataqv/narrow_peak/atac-b_REP1.ataqv.json	246b72d911395d220165e46409fa2b6a2063453c33ec835b4ac8a6c1bcb6bd75	recorded at run: manifest field outputs[].members	sorted_table	supplied at packaging from the lane file outputs/package-tolerances.json, shipped in this package	sha256:845fd1f84a77fd4a63c4bc92096ed12bc489139bf8865dccfb822d73015a4422	computed at packaging from bytes matching the record
atacseq_bulk.01_nfcore-atacseq-wrapper	bam_genome	run/results/bwa/merged_library	ataqv/narrow_peak/atac-b_REP2.ataqv.json	30464f968c275fb092176c53c890ad36a7997aeff476112adec2b78415ab6e9b	recorded at run: manifest field outputs[].members	sorted_table	supplied at packaging from the lane file outputs/package-tolerances.json, shipped in this package	sha256:b1646897770e29dfdf8bc81bbc0a9dac11d0de3a1b965ad16a6afb696f1cce49	computed at packaging from bytes matching the record
atacseq_bulk.01_nfcore-atacseq-wrapper	bam_genome	run/results/bwa/merged_library	ataqv/narrow_peak/html/css/ataqv.css	0cc6fe865d5d3d620262ce60fee26e1dd08c695c85debcfa9f133236c2db1e0d	recorded at run: manifest field outputs[].members	exact	supplied at packaging from the default comparison mode (decision 0283)	-	computed at packaging from bytes matching the record: none, this mode needs none
atacseq_bulk.01_nfcore-atacseq-wrapper	bam_genome	run/results/bwa/merged_library	ataqv/narrow_peak/html/css/datatables.buttons.min.css	d5086a5a45fefdad773ef7071aed5e7fa729cc1d9f4c2d4041228ed7f08d97ba	recorded at run: manifest field outputs[].members	exact	supplied at packaging from the default comparison mode (decision 0283)	-	computed at packaging from bytes matching the record: none, this mode needs none
atacseq_bulk.01_nfcore-atacseq-wrapper	bam_genome	run/results/bwa/merged_library	ataqv/narrow_peak/html/css/datatables.fontawesome.css	1312655859bfabbe6015291300f89771b4e6bc339d537e6dee471c78d92367e8	recorded at run: manifest field outputs[].members	exact	supplied at packaging from the default comparison mode (decision 0283)	-	computed at packaging from bytes matching the record: none, this mode needs none
atacseq_bulk.01_nfcore-atacseq-wrapper	bam_genome	run/results/bwa/merged_library	ataqv/narrow_peak/html/css/datatables.min.css	3d31f4eb703cd50d4233653dfc34d66b845e452bf9f2ad2f998fb87b4a4432e6	recorded at run: manifest field outputs[].members	exact	supplied at packaging from the default comparison mode (decision 0283)	-	computed at packaging from bytes matching the record: none, this mode needs none
atacseq_bulk.01_nfcore-atacseq-wrapper	bam_genome	run/results/bwa/merged_library	ataqv/narrow_peak/html/css/font-awesome.min.css	b5d7707ea8fc00aae40bf500ac7498d7f32f6b1bbff7b4fde976a40345eb5f9d	recorded at run: manifest field outputs[].members	exact	supplied at packaging from the default comparison mode (decision 0283)	-	computed at packaging from bytes matching the record: none, this mode needs none
atacseq_bulk.01_nfcore-atacseq-wrapper	bam_genome	run/results/bwa/merged_library	ataqv/narrow_peak/html/css/normalize.css	4d3938fc65148e3b1d23351e9ab5bc58d86d669326d303b85ee539a5a0e7b810	recorded at run: manifest field outputs[].members	exact	supplied at packaging from the default comparison mode (decision 0283)	-	computed at packaging from bytes matching the record: none, this mode needs none
atacseq_bulk.01_nfcore-atacseq-wrapper	bam_genome	run/results/bwa/merged_library	ataqv/narrow_peak/html/data/atac-a_REP1.json.gz	withheld	withheld: a presence member is compared by no hash, so its outputs[].members sha256 is never published	presence	supplied at packaging from the lane file outputs/package-tolerances.json, shipped in this package	-	computed at packaging from bytes matching the record: none, this mode needs none
atacseq_bulk.01_nfcore-atacseq-wrapper	bam_genome	run/results/bwa/merged_library	ataqv/narrow_peak/html/data/atac-a_REP2.json.gz	withheld	withheld: a presence member is compared by no hash, so its outputs[].members sha256 is never published	presence	supplied at packaging from the lane file outputs/package-tolerances.json, shipped in this package	-	computed at packaging from bytes matching the record: none, this mode needs none
atacseq_bulk.01_nfcore-atacseq-wrapper	bam_genome	run/results/bwa/merged_library	ataqv/narrow_peak/html/data/atac-b_REP1.json.gz	withheld	withheld: a presence member is compared by no hash, so its outputs[].members sha256 is never published	presence	supplied at packaging from the lane file outputs/package-tolerances.json, shipped in this package	-	computed at packaging from bytes matching the record: none, this mode needs none
atacseq_bulk.01_nfcore-atacseq-wrapper	bam_genome	run/results/bwa/merged_library	ataqv/narrow_peak/html/data/atac-b_REP2.json.gz	withheld	withheld: a presence member is compared by no hash, so its outputs[].members sha256 is never published	presence	supplied at packaging from the lane file outputs/package-tolerances.json, shipped in this package	-	computed at packaging from bytes matching the record: none, this mode needs none
atacseq_bulk.01_nfcore-atacseq-wrapper	bam_genome	run/results/bwa/merged_library	ataqv/narrow_peak/html/fonts/FontAwesome.otf	bcf2323752da19b8cc2695e88722807a803c0a2a9f20d8a7d7cb55846b55b3fa	recorded at run: manifest field outputs[].members	exact	supplied at packaging from the default comparison mode (decision 0283)	-	computed at packaging from bytes matching the record: none, this mode needs none
atacseq_bulk.01_nfcore-atacseq-wrapper	bam_genome	run/results/bwa/merged_library	ataqv/narrow_peak/html/fonts/fontawesome-webfont.eot	23f40876f4009dc2b74ad97674c979cd435ff888990d14900f38a1cb36f10bdf	recorded at run: manifest field outputs[].members	exact	supplied at packaging from the default comparison mode (decision 0283)	-	computed at packaging from bytes matching the record: none, this mode needs none
atacseq_bulk.01_nfcore-atacseq-wrapper	bam_genome	run/results/bwa/merged_library	ataqv/narrow_peak/html/fonts/fontawesome-webfont.svg	b0387cc7b1ca00f2f04bde2cd508be6e1a17caf0ee713a19627c1f02c638e280	recorded at run: manifest field outputs[].members	exact	supplied at packaging from the default comparison mode (decision 0283)	-	computed at packaging from bytes matching the record: none, this mode needs none
atacseq_bulk.01_nfcore-atacseq-wrapper	bam_genome	run/results/bwa/merged_library	ataqv/narrow_peak/html/fonts/fontawesome-webfont.ttf	3e8c3cc94dc6261132948b99958b852ff8504c64686bedd6b1505563ed72e4d8	recorded at run: manifest field outputs[].members	exact	supplied at packaging from the default comparison mode (decision 0283)	-	computed at packaging from bytes matching the record: none, this mode needs none
atacseq_bulk.01_nfcore-atacseq-wrapper	bam_genome	run/results/bwa/merged_library	ataqv/narrow_peak/html/fonts/fontawesome-webfont.woff	a4d2c0c031f66c57ec2815079e49e41cad9dc58f0986ba072fb88fff888dca0e	recorded at run: manifest field outputs[].members	exact	supplied at packaging from the default comparison mode (decision 0283)	-	computed at packaging from bytes matching the record: none, this mode needs none
atacseq_bulk.01_nfcore-atacseq-wrapper	bam_genome	run/results/bwa/merged_library	ataqv/narrow_peak/html/fonts/fontawesome-webfont.woff2	d3ebb498192527b985939ae62cc4e5eb5c108efc1896184126b45d866868e73d	recorded at run: manifest field outputs[].members	exact	supplied at packaging from the default comparison mode (decision 0283)	-	computed at packaging from bytes matching the record: none, this mode needs none
atacseq_bulk.01_nfcore-atacseq-wrapper	bam_genome	run/results/bwa/merged_library	ataqv/narrow_peak/html/fonts/sourcesanspro-regular.woff	21519c6b09f77cf565045f76a0422429dacdb73aae7d9dcc75bab92b0adfd4f1	recorded at run: manifest field outputs[].members	exact	supplied at packaging from the default comparison mode (decision 0283)	-	computed at packaging from bytes matching the record: none, this mode needs none
atacseq_bulk.01_nfcore-atacseq-wrapper	bam_genome	run/results/bwa/merged_library	ataqv/narrow_peak/html/fonts/sourcesanspro-regularit.woff	e6a7c509c6af36020db20aaa5237b183f99631473c5e1db1595f2d6ffbbde0ae	recorded at run: manifest field outputs[].members	exact	supplied at packaging from the default comparison mode (decision 0283)	-	computed at packaging from bytes matching the record: none, this mode needs none
atacseq_bulk.01_nfcore-atacseq-wrapper	bam_genome	run/results/bwa/merged_library	ataqv/narrow_peak/html/fonts/sourcesanspro-semibold.woff	6e044369b224e98102f43714e2f42b375f1a1354ab19a45e884cf416444a9483	recorded at run: manifest field outputs[].members	exact	supplied at packaging from the default comparison mode (decision 0283)	-	computed at packaging from bytes matching the record: none, this mode needs none
atacseq_bulk.01_nfcore-atacseq-wrapper	bam_genome	run/results/bwa/merged_library	ataqv/narrow_peak/html/fonts/sourcesanspro-semiboldit.woff	a3f22c4fd0d7d752f04075e9b303988265712dc09695d56fd5b41c6c682022c2	recorded at run: manifest field outputs[].members	exact	supplied at packaging from the default comparison mode (decision 0283)	-	computed at packaging from bytes matching the record: none, this mode needs none
atacseq_bulk.01_nfcore-atacseq-wrapper	bam_genome	run/results/bwa/merged_library	ataqv/narrow_peak/html/index.html	b93ec0be4d701df473c8e109128b4a3d856bfe13bc285943333ca75f41c7fbff	recorded at run: manifest field outputs[].members	exact	supplied at packaging from the default comparison mode (decision 0283)	-	computed at packaging from bytes matching the record: none, this mode needs none
atacseq_bulk.01_nfcore-atacseq-wrapper	bam_genome	run/results/bwa/merged_library	ataqv/narrow_peak/html/js/ataqv.js	f28bba2778412d4cdd956ce99ef0d000fafa37992b87554ab9d773d7ae999911	recorded at run: manifest field outputs[].members	exact	supplied at packaging from the default comparison mode (decision 0283)	-	computed at packaging from bytes matching the record: none, this mode needs none
atacseq_bulk.01_nfcore-atacseq-wrapper	bam_genome	run/results/bwa/merged_library	ataqv/narrow_peak/html/js/configuration.js	77421a7cd44e01c99aed4d4579bf13b4d359d87c00982a59dd60a6e3136233e9	recorded at run: manifest field outputs[].members	exact	supplied at packaging from the default comparison mode (decision 0283)	-	computed at packaging from bytes matching the record: none, this mode needs none
atacseq_bulk.01_nfcore-atacseq-wrapper	bam_genome	run/results/bwa/merged_library	ataqv/narrow_peak/html/js/d3.min.js	f6340e6cdabed224aa5c6ebaf88978674ca57520977c5d92cdb6cc3800443b25	recorded at run: manifest field outputs[].members	exact	supplied at packaging from the default comparison mode (decision 0283)	-	computed at packaging from bytes matching the record: none, this mode needs none
atacseq_bulk.01_nfcore-atacseq-wrapper	bam_genome	run/results/bwa/merged_library	ataqv/narrow_peak/html/js/datatables.min.js	b9b33884ed76995fba02666d68f3fa602049ba4c866219ba2c3548b8ba009dfe	recorded at run: manifest field outputs[].members	exact	supplied at packaging from the default comparison mode (decision 0283)	-	computed at packaging from bytes matching the record: none, this mode needs none
atacseq_bulk.01_nfcore-atacseq-wrapper	bam_genome	run/results/bwa/merged_library	ataqv/narrow_peak/html/js/jszip.min.js	ff586350217113fd488afcc5087a12fc4b76210df3efd88d9e4e363e465e5e10	recorded at run: manifest field outputs[].members	exact	supplied at packaging from the default comparison mode (decision 0283)	-	computed at packaging from bytes matching the record: none, this mode needs none
atacseq_bulk.01_nfcore-atacseq-wrapper	bam_genome	run/results/bwa/merged_library	bigwig/atac-a_REP1.mLb.clN.bigWig	591a6c97b52d26936d1136b9b9cf138f54ddc829a7033114813646a4a3b32364	recorded at run: manifest field outputs[].members	exact	supplied at packaging from the default comparison mode (decision 0283)	-	computed at packaging from bytes matching the record: none, this mode needs none
atacseq_bulk.01_nfcore-atacseq-wrapper	bam_genome	run/results/bwa/merged_library	bigwig/atac-a_REP2.mLb.clN.bigWig	1c9ec1e080c3d790f603563d04c4af716a9214615e8171c2b8f47a39b54348fc	recorded at run: manifest field outputs[].members	exact	supplied at packaging from the default comparison mode (decision 0283)	-	computed at packaging from bytes matching the record: none, this mode needs none
atacseq_bulk.01_nfcore-atacseq-wrapper	bam_genome	run/results/bwa/merged_library	bigwig/atac-b_REP1.mLb.clN.bigWig	213e4a3c80f6e1c1515f34d072c10d3cf229d804b3451546b1b8ae45f468f333	recorded at run: manifest field outputs[].members	exact	supplied at packaging from the default comparison mode (decision 0283)	-	computed at packaging from bytes matching the record: none, this mode needs none
atacseq_bulk.01_nfcore-atacseq-wrapper	bam_genome	run/results/bwa/merged_library	bigwig/atac-b_REP2.mLb.clN.bigWig	6aee4fdf043ca963a4532d9a992274875a21d800b726d812259dd8db7fec62be	recorded at run: manifest field outputs[].members	exact	supplied at packaging from the default comparison mode (decision 0283)	-	computed at packaging from bytes matching the record: none, this mode needs none
atacseq_bulk.01_nfcore-atacseq-wrapper	bam_genome	run/results/bwa/merged_library	bigwig/scale/atac-a_REP1.mLb.clN.scale_factor.txt	466fd3247a2e36e053a5bdeb6e073edd2b19422dd212e474e96a8610f5cad136	recorded at run: manifest field outputs[].members	exact	supplied at packaging from the default comparison mode (decision 0283)	-	computed at packaging from bytes matching the record: none, this mode needs none
atacseq_bulk.01_nfcore-atacseq-wrapper	bam_genome	run/results/bwa/merged_library	bigwig/scale/atac-a_REP2.mLb.clN.scale_factor.txt	2c483041c1106e2eb11c1fe712b45be4c8611797fbc2c568700f7a1812fcd780	recorded at run: manifest field outputs[].members	exact	supplied at packaging from the default comparison mode (decision 0283)	-	computed at packaging from bytes matching the record: none, this mode needs none
atacseq_bulk.01_nfcore-atacseq-wrapper	bam_genome	run/results/bwa/merged_library	bigwig/scale/atac-b_REP1.mLb.clN.scale_factor.txt	cb8a5fd0f44a303156178baeeab1af0c02596c9c37b7eee21f41b3dd48232b93	recorded at run: manifest field outputs[].members	exact	supplied at packaging from the default comparison mode (decision 0283)	-	computed at packaging from bytes matching the record: none, this mode needs none
atacseq_bulk.01_nfcore-atacseq-wrapper	bam_genome	run/results/bwa/merged_library	bigwig/scale/atac-b_REP2.mLb.clN.scale_factor.txt	0d57624bff1cd9601958787e0509590176df40617be737337d00b1079fc856bb	recorded at run: manifest field outputs[].members	exact	supplied at packaging from the default comparison mode (decision 0283)	-	computed at packaging from bytes matching the record: none, this mode needs none
atacseq_bulk.01_nfcore-atacseq-wrapper	bam_genome	run/results/bwa/merged_library	deeptools/plotfingerprint/atac-a_REP1.mLb.clN.plotFingerprint.pdf	withheld	withheld: a presence member is compared by no hash, so its outputs[].members sha256 is never published	presence	supplied at packaging from the lane file outputs/package-tolerances.json, shipped in this package	-	computed at packaging from bytes matching the record: none, this mode needs none
atacseq_bulk.01_nfcore-atacseq-wrapper	bam_genome	run/results/bwa/merged_library	deeptools/plotfingerprint/atac-a_REP1.mLb.clN.plotFingerprint.qcmetrics.txt	5211b8f448c2e13e72bd5bf42621d7604233a1c2c97349517bb08cf5b89431eb	recorded at run: manifest field outputs[].members	exact	supplied at packaging from the default comparison mode (decision 0283)	-	computed at packaging from bytes matching the record: none, this mode needs none
atacseq_bulk.01_nfcore-atacseq-wrapper	bam_genome	run/results/bwa/merged_library	deeptools/plotfingerprint/atac-a_REP1.mLb.clN.plotFingerprint.raw.txt	2a86f30716bd8ff834579c745e70b68c643ecd907f954e6fe481fbd2b5774012	recorded at run: manifest field outputs[].members	sorted_table	supplied at packaging from the lane file outputs/package-tolerances.json, shipped in this package	sha256:804082175434bcbc9ab294129c50de7b63e15d8b492da6cfac43c882b31204c4	computed at packaging from bytes matching the record
atacseq_bulk.01_nfcore-atacseq-wrapper	bam_genome	run/results/bwa/merged_library	deeptools/plotfingerprint/atac-a_REP2.mLb.clN.plotFingerprint.pdf	withheld	withheld: a presence member is compared by no hash, so its outputs[].members sha256 is never published	presence	supplied at packaging from the lane file outputs/package-tolerances.json, shipped in this package	-	computed at packaging from bytes matching the record: none, this mode needs none
atacseq_bulk.01_nfcore-atacseq-wrapper	bam_genome	run/results/bwa/merged_library	deeptools/plotfingerprint/atac-a_REP2.mLb.clN.plotFingerprint.qcmetrics.txt	c247ff048eb4c22178638e895dffba95ef7292df7eea7538e4e76db414bd9161	recorded at run: manifest field outputs[].members	exact	supplied at packaging from the default comparison mode (decision 0283)	-	computed at packaging from bytes matching the record: none, this mode needs none
atacseq_bulk.01_nfcore-atacseq-wrapper	bam_genome	run/results/bwa/merged_library	deeptools/plotfingerprint/atac-a_REP2.mLb.clN.plotFingerprint.raw.txt	523ecf891af19ee5ce4da9ff8342edbe4e3aea1784cb93abf6645b290eddaa79	recorded at run: manifest field outputs[].members	sorted_table	supplied at packaging from the lane file outputs/package-tolerances.json, shipped in this package	sha256:6223b88fc2fd669d1ad4ce920d363493712549be676578e67c0731269d9886db	computed at packaging from bytes matching the record
atacseq_bulk.01_nfcore-atacseq-wrapper	bam_genome	run/results/bwa/merged_library	deeptools/plotfingerprint/atac-b_REP1.mLb.clN.plotFingerprint.pdf	withheld	withheld: a presence member is compared by no hash, so its outputs[].members sha256 is never published	presence	supplied at packaging from the lane file outputs/package-tolerances.json, shipped in this package	-	computed at packaging from bytes matching the record: none, this mode needs none
atacseq_bulk.01_nfcore-atacseq-wrapper	bam_genome	run/results/bwa/merged_library	deeptools/plotfingerprint/atac-b_REP1.mLb.clN.plotFingerprint.qcmetrics.txt	2a426f8c49e5c96921610841b3e706d8b3dd676bf507a3e20f339dfd1992233d	recorded at run: manifest field outputs[].members	exact	supplied at packaging from the default comparison mode (decision 0283)	-	computed at packaging from bytes matching the record: none, this mode needs none
atacseq_bulk.01_nfcore-atacseq-wrapper	bam_genome	run/results/bwa/merged_library	deeptools/plotfingerprint/atac-b_REP1.mLb.clN.plotFingerprint.raw.txt	99bb0d7b4383921833ae5775dba58585fb7207f241b1873feab779507ee14f06	recorded at run: manifest field outputs[].members	sorted_table	supplied at packaging from the lane file outputs/package-tolerances.json, shipped in this package	sha256:aa5fa33f38d779ce3559eae4ba118a98d5b1bffa24cd8374aa062847c84d28b0	computed at packaging from bytes matching the record
atacseq_bulk.01_nfcore-atacseq-wrapper	bam_genome	run/results/bwa/merged_library	deeptools/plotfingerprint/atac-b_REP2.mLb.clN.plotFingerprint.pdf	withheld	withheld: a presence member is compared by no hash, so its outputs[].members sha256 is never published	presence	supplied at packaging from the lane file outputs/package-tolerances.json, shipped in this package	-	computed at packaging from bytes matching the record: none, this mode needs none
atacseq_bulk.01_nfcore-atacseq-wrapper	bam_genome	run/results/bwa/merged_library	deeptools/plotfingerprint/atac-b_REP2.mLb.clN.plotFingerprint.qcmetrics.txt	83ba82159ec18ed7bae840d4037770bcd400460622f29782f0241544d4017a32	recorded at run: manifest field outputs[].members	exact	supplied at packaging from the default comparison mode (decision 0283)	-	computed at packaging from bytes matching the record: none, this mode needs none
atacseq_bulk.01_nfcore-atacseq-wrapper	bam_genome	run/results/bwa/merged_library	deeptools/plotfingerprint/atac-b_REP2.mLb.clN.plotFingerprint.raw.txt	cc8e00fc1c118b124dbace1ee3d57da023e7c04c7749a3079bc38a89d9b8abb9	recorded at run: manifest field outputs[].members	sorted_table	supplied at packaging from the lane file outputs/package-tolerances.json, shipped in this package	sha256:2338f29e84a6fa06de70fa25bef03a6cf73526ae6368b06c5661f9f06617afb5	computed at packaging from bytes matching the record
atacseq_bulk.01_nfcore-atacseq-wrapper	bam_genome	run/results/bwa/merged_library	deeptools/plotprofile/atac-a_REP1.mLb.clN.reference_point.computeMatrix.mat.gz	withheld	withheld: a presence member is compared by no hash, so its outputs[].members sha256 is never published	presence	supplied at packaging from the lane file outputs/package-tolerances.json, shipped in this package	-	computed at packaging from bytes matching the record: none, this mode needs none
atacseq_bulk.01_nfcore-atacseq-wrapper	bam_genome	run/results/bwa/merged_library	deeptools/plotprofile/atac-a_REP1.mLb.clN.reference_point.computeMatrix.vals.mat.tab	babfc07345c79fb17d113bb2ec89f70e92aac7673681e9be6a5eade73775977a	recorded at run: manifest field outputs[].members	exact	supplied at packaging from the default comparison mode (decision 0283)	-	computed at packaging from bytes matching the record: none, this mode needs none
atacseq_bulk.01_nfcore-atacseq-wrapper	bam_genome	run/results/bwa/merged_library	deeptools/plotprofile/atac-a_REP1.mLb.clN.reference_point.plotProfile.pdf	withheld	withheld: a presence member is compared by no hash, so its outputs[].members sha256 is never published	presence	supplied at packaging from the lane file outputs/package-tolerances.json, shipped in this package	-	computed at packaging from bytes matching the record: none, this mode needs none
atacseq_bulk.01_nfcore-atacseq-wrapper	bam_genome	run/results/bwa/merged_library	deeptools/plotprofile/atac-a_REP1.mLb.clN.reference_point.plotProfile.tab	24f1bc970013afc943192839c83737c37f53d79ce1a7f2dd3a24a3d92d452759	recorded at run: manifest field outputs[].members	exact	supplied at packaging from the default comparison mode (decision 0283)	-	computed at packaging from bytes matching the record: none, this mode needs none
atacseq_bulk.01_nfcore-atacseq-wrapper	bam_genome	run/results/bwa/merged_library	deeptools/plotprofile/atac-a_REP1.mLb.clN.scale_regions.computeMatrix.mat.gz	withheld	withheld: a presence member is compared by no hash, so its outputs[].members sha256 is never published	presence	supplied at packaging from the lane file outputs/package-tolerances.json, shipped in this package	-	computed at packaging from bytes matching the record: none, this mode needs none
atacseq_bulk.01_nfcore-atacseq-wrapper	bam_genome	run/results/bwa/merged_library	deeptools/plotprofile/atac-a_REP1.mLb.clN.scale_regions.computeMatrix.vals.mat.tab	04673fdbc6574c280f3e3dbb945f1b795c557a8f35c35563e03fc940e67bcdff	recorded at run: manifest field outputs[].members	sorted_table	supplied at packaging from the lane file outputs/package-tolerances.json, shipped in this package	sha256:00748d2f335ecd1d20e4a2d78aaeb1ad07c58847a26ef5c43160dd60e0191aee	computed at packaging from bytes matching the record
atacseq_bulk.01_nfcore-atacseq-wrapper	bam_genome	run/results/bwa/merged_library	deeptools/plotprofile/atac-a_REP1.mLb.clN.scale_regions.plotHeatmap.mat.tab	withheld	withheld: a presence member is compared by no hash, so its outputs[].members sha256 is never published	presence	supplied at packaging from the lane file outputs/package-tolerances.json, shipped in this package	-	computed at packaging from bytes matching the record: none, this mode needs none
atacseq_bulk.01_nfcore-atacseq-wrapper	bam_genome	run/results/bwa/merged_library	deeptools/plotprofile/atac-a_REP1.mLb.clN.scale_regions.plotHeatmap.pdf	withheld	withheld: a presence member is compared by no hash, so its outputs[].members sha256 is never published	presence	supplied at packaging from the lane file outputs/package-tolerances.json, shipped in this package	-	computed at packaging from bytes matching the record: none, this mode needs none
atacseq_bulk.01_nfcore-atacseq-wrapper	bam_genome	run/results/bwa/merged_library	deeptools/plotprofile/atac-a_REP2.mLb.clN.reference_point.computeMatrix.mat.gz	withheld	withheld: a presence member is compared by no hash, so its outputs[].members sha256 is never published	presence	supplied at packaging from the lane file outputs/package-tolerances.json, shipped in this package	-	computed at packaging from bytes matching the record: none, this mode needs none
atacseq_bulk.01_nfcore-atacseq-wrapper	bam_genome	run/results/bwa/merged_library	deeptools/plotprofile/atac-a_REP2.mLb.clN.reference_point.computeMatrix.vals.mat.tab	40f61de269b175cccc4e11148e876e9bff340fdc23656487c5c0fb5fd75390bb	recorded at run: manifest field outputs[].members	exact	supplied at packaging from the default comparison mode (decision 0283)	-	computed at packaging from bytes matching the record: none, this mode needs none
atacseq_bulk.01_nfcore-atacseq-wrapper	bam_genome	run/results/bwa/merged_library	deeptools/plotprofile/atac-a_REP2.mLb.clN.reference_point.plotProfile.pdf	withheld	withheld: a presence member is compared by no hash, so its outputs[].members sha256 is never published	presence	supplied at packaging from the lane file outputs/package-tolerances.json, shipped in this package	-	computed at packaging from bytes matching the record: none, this mode needs none
atacseq_bulk.01_nfcore-atacseq-wrapper	bam_genome	run/results/bwa/merged_library	deeptools/plotprofile/atac-a_REP2.mLb.clN.reference_point.plotProfile.tab	7ac8adba014951607a88758946ce67f6b6e0d5da674271dead823ae6863689dd	recorded at run: manifest field outputs[].members	exact	supplied at packaging from the default comparison mode (decision 0283)	-	computed at packaging from bytes matching the record: none, this mode needs none
atacseq_bulk.01_nfcore-atacseq-wrapper	bam_genome	run/results/bwa/merged_library	deeptools/plotprofile/atac-a_REP2.mLb.clN.scale_regions.computeMatrix.mat.gz	withheld	withheld: a presence member is compared by no hash, so its outputs[].members sha256 is never published	presence	supplied at packaging from the lane file outputs/package-tolerances.json, shipped in this package	-	computed at packaging from bytes matching the record: none, this mode needs none
atacseq_bulk.01_nfcore-atacseq-wrapper	bam_genome	run/results/bwa/merged_library	deeptools/plotprofile/atac-a_REP2.mLb.clN.scale_regions.computeMatrix.vals.mat.tab	51a3179ac7825362f971205ad61b428f9a8196b9a447588e32fdb96b2921bbcb	recorded at run: manifest field outputs[].members	sorted_table	supplied at packaging from the lane file outputs/package-tolerances.json, shipped in this package	sha256:80e74336234c2a36ee512e417fc23004941aa663769c1c6c4e1feaef16d6a17a	computed at packaging from bytes matching the record
atacseq_bulk.01_nfcore-atacseq-wrapper	bam_genome	run/results/bwa/merged_library	deeptools/plotprofile/atac-a_REP2.mLb.clN.scale_regions.plotHeatmap.mat.tab	withheld	withheld: a presence member is compared by no hash, so its outputs[].members sha256 is never published	presence	supplied at packaging from the lane file outputs/package-tolerances.json, shipped in this package	-	computed at packaging from bytes matching the record: none, this mode needs none
atacseq_bulk.01_nfcore-atacseq-wrapper	bam_genome	run/results/bwa/merged_library	deeptools/plotprofile/atac-a_REP2.mLb.clN.scale_regions.plotHeatmap.pdf	withheld	withheld: a presence member is compared by no hash, so its outputs[].members sha256 is never published	presence	supplied at packaging from the lane file outputs/package-tolerances.json, shipped in this package	-	computed at packaging from bytes matching the record: none, this mode needs none
atacseq_bulk.01_nfcore-atacseq-wrapper	bam_genome	run/results/bwa/merged_library	deeptools/plotprofile/atac-b_REP1.mLb.clN.reference_point.computeMatrix.mat.gz	withheld	withheld: a presence member is compared by no hash, so its outputs[].members sha256 is never published	presence	supplied at packaging from the lane file outputs/package-tolerances.json, shipped in this package	-	computed at packaging from bytes matching the record: none, this mode needs none
atacseq_bulk.01_nfcore-atacseq-wrapper	bam_genome	run/results/bwa/merged_library	deeptools/plotprofile/atac-b_REP1.mLb.clN.reference_point.computeMatrix.vals.mat.tab	56926f2022553c563d3c32a32285043c393b7989382ea25b17252b5f5f4d16fd	recorded at run: manifest field outputs[].members	exact	supplied at packaging from the default comparison mode (decision 0283)	-	computed at packaging from bytes matching the record: none, this mode needs none
atacseq_bulk.01_nfcore-atacseq-wrapper	bam_genome	run/results/bwa/merged_library	deeptools/plotprofile/atac-b_REP1.mLb.clN.reference_point.plotProfile.pdf	withheld	withheld: a presence member is compared by no hash, so its outputs[].members sha256 is never published	presence	supplied at packaging from the lane file outputs/package-tolerances.json, shipped in this package	-	computed at packaging from bytes matching the record: none, this mode needs none
atacseq_bulk.01_nfcore-atacseq-wrapper	bam_genome	run/results/bwa/merged_library	deeptools/plotprofile/atac-b_REP1.mLb.clN.reference_point.plotProfile.tab	87aaef7d0560f1aa54c24e79f5429c2b185bb91da677212eae80f38215978b8a	recorded at run: manifest field outputs[].members	exact	supplied at packaging from the default comparison mode (decision 0283)	-	computed at packaging from bytes matching the record: none, this mode needs none
atacseq_bulk.01_nfcore-atacseq-wrapper	bam_genome	run/results/bwa/merged_library	deeptools/plotprofile/atac-b_REP1.mLb.clN.scale_regions.computeMatrix.mat.gz	withheld	withheld: a presence member is compared by no hash, so its outputs[].members sha256 is never published	presence	supplied at packaging from the lane file outputs/package-tolerances.json, shipped in this package	-	computed at packaging from bytes matching the record: none, this mode needs none
atacseq_bulk.01_nfcore-atacseq-wrapper	bam_genome	run/results/bwa/merged_library	deeptools/plotprofile/atac-b_REP1.mLb.clN.scale_regions.computeMatrix.vals.mat.tab	bb84996f60f3b1785b4f45f3b38161b0757a0c237daa8b410fc865bfe3bdd021	recorded at run: manifest field outputs[].members	sorted_table	supplied at packaging from the lane file outputs/package-tolerances.json, shipped in this package	sha256:05489e4cbf6313a25fb6c7575d7270f4653c18376606a8b4c0a659ee3c502092	computed at packaging from bytes matching the record
atacseq_bulk.01_nfcore-atacseq-wrapper	bam_genome	run/results/bwa/merged_library	deeptools/plotprofile/atac-b_REP1.mLb.clN.scale_regions.plotHeatmap.mat.tab	withheld	withheld: a presence member is compared by no hash, so its outputs[].members sha256 is never published	presence	supplied at packaging from the lane file outputs/package-tolerances.json, shipped in this package	-	computed at packaging from bytes matching the record: none, this mode needs none
atacseq_bulk.01_nfcore-atacseq-wrapper	bam_genome	run/results/bwa/merged_library	deeptools/plotprofile/atac-b_REP1.mLb.clN.scale_regions.plotHeatmap.pdf	withheld	withheld: a presence member is compared by no hash, so its outputs[].members sha256 is never published	presence	supplied at packaging from the lane file outputs/package-tolerances.json, shipped in this package	-	computed at packaging from bytes matching the record: none, this mode needs none
atacseq_bulk.01_nfcore-atacseq-wrapper	bam_genome	run/results/bwa/merged_library	deeptools/plotprofile/atac-b_REP2.mLb.clN.reference_point.computeMatrix.mat.gz	withheld	withheld: a presence member is compared by no hash, so its outputs[].members sha256 is never published	presence	supplied at packaging from the lane file outputs/package-tolerances.json, shipped in this package	-	computed at packaging from bytes matching the record: none, this mode needs none
atacseq_bulk.01_nfcore-atacseq-wrapper	bam_genome	run/results/bwa/merged_library	deeptools/plotprofile/atac-b_REP2.mLb.clN.reference_point.computeMatrix.vals.mat.tab	5746a3b66a7461957655333cc0a1ad31a720ebe17ed54301ef92f3b55bac710a	recorded at run: manifest field outputs[].members	exact	supplied at packaging from the default comparison mode (decision 0283)	-	computed at packaging from bytes matching the record: none, this mode needs none
atacseq_bulk.01_nfcore-atacseq-wrapper	bam_genome	run/results/bwa/merged_library	deeptools/plotprofile/atac-b_REP2.mLb.clN.reference_point.plotProfile.pdf	withheld	withheld: a presence member is compared by no hash, so its outputs[].members sha256 is never published	presence	supplied at packaging from the lane file outputs/package-tolerances.json, shipped in this package	-	computed at packaging from bytes matching the record: none, this mode needs none
atacseq_bulk.01_nfcore-atacseq-wrapper	bam_genome	run/results/bwa/merged_library	deeptools/plotprofile/atac-b_REP2.mLb.clN.reference_point.plotProfile.tab	e2f280f59d222864fdc652c6583d6b171f5b6f10788ce28892b7e4436259dfc3	recorded at run: manifest field outputs[].members	exact	supplied at packaging from the default comparison mode (decision 0283)	-	computed at packaging from bytes matching the record: none, this mode needs none
atacseq_bulk.01_nfcore-atacseq-wrapper	bam_genome	run/results/bwa/merged_library	deeptools/plotprofile/atac-b_REP2.mLb.clN.scale_regions.computeMatrix.mat.gz	withheld	withheld: a presence member is compared by no hash, so its outputs[].members sha256 is never published	presence	supplied at packaging from the lane file outputs/package-tolerances.json, shipped in this package	-	computed at packaging from bytes matching the record: none, this mode needs none
atacseq_bulk.01_nfcore-atacseq-wrapper	bam_genome	run/results/bwa/merged_library	deeptools/plotprofile/atac-b_REP2.mLb.clN.scale_regions.computeMatrix.vals.mat.tab	50bab7031ea0777127508059096c99703c7b4061e6e5a985d44b4a01926a1ac3	recorded at run: manifest field outputs[].members	sorted_table	supplied at packaging from the lane file outputs/package-tolerances.json, shipped in this package	sha256:e3f8aa7f967b42acbe6c2489171a713be29a9b0542a60b6c3309ac66469a8906	computed at packaging from bytes matching the record
atacseq_bulk.01_nfcore-atacseq-wrapper	bam_genome	run/results/bwa/merged_library	deeptools/plotprofile/atac-b_REP2.mLb.clN.scale_regions.plotHeatmap.mat.tab	withheld	withheld: a presence member is compared by no hash, so its outputs[].members sha256 is never published	presence	supplied at packaging from the lane file outputs/package-tolerances.json, shipped in this package	-	computed at packaging from bytes matching the record: none, this mode needs none
atacseq_bulk.01_nfcore-atacseq-wrapper	bam_genome	run/results/bwa/merged_library	deeptools/plotprofile/atac-b_REP2.mLb.clN.scale_regions.plotHeatmap.pdf	withheld	withheld: a presence member is compared by no hash, so its outputs[].members sha256 is never published	presence	supplied at packaging from the lane file outputs/package-tolerances.json, shipped in this package	-	computed at packaging from bytes matching the record: none, this mode needs none
atacseq_bulk.01_nfcore-atacseq-wrapper	bam_genome	run/results/bwa/merged_library	macs2/narrow_peak/atac-a_REP1.mLb.clN_peaks.annotatePeaks.txt	f0ce8ab21b2a49ed6757358ecc38f657c5478e5e0313d33a342385c617166f07	recorded at run: manifest field outputs[].members	exact	supplied at packaging from the default comparison mode (decision 0283)	-	computed at packaging from bytes matching the record: none, this mode needs none
atacseq_bulk.01_nfcore-atacseq-wrapper	bam_genome	run/results/bwa/merged_library	macs2/narrow_peak/atac-a_REP1.mLb.clN_peaks.narrowPeak	9b83a4f05c0c7bedf7b053d26f00692c90ad44176451f93e6cdf084b1e615deb	recorded at run: manifest field outputs[].members	exact	supplied at packaging from the default comparison mode (decision 0283)	-	computed at packaging from bytes matching the record: none, this mode needs none
atacseq_bulk.01_nfcore-atacseq-wrapper	bam_genome	run/results/bwa/merged_library	macs2/narrow_peak/atac-a_REP1.mLb.clN_peaks.xls	17a38f5be6c8cd1733c57c483c8399a7d1314738bca94266804c5aaa6d2f48a0	recorded at run: manifest field outputs[].members	exact	supplied at packaging from the default comparison mode (decision 0283)	-	computed at packaging from bytes matching the record: none, this mode needs none
atacseq_bulk.01_nfcore-atacseq-wrapper	bam_genome	run/results/bwa/merged_library	macs2/narrow_peak/atac-a_REP1.mLb.clN_summits.bed	db90dc524d596b1ba750ec9fae5a1aad10101da81aaf66622f03cd8834640b96	recorded at run: manifest field outputs[].members	exact	supplied at packaging from the default comparison mode (decision 0283)	-	computed at packaging from bytes matching the record: none, this mode needs none
atacseq_bulk.01_nfcore-atacseq-wrapper	bam_genome	run/results/bwa/merged_library	macs2/narrow_peak/atac-a_REP2.mLb.clN_peaks.annotatePeaks.txt	cb8538fccd569052912c3cbef4bb45fa453fabeace4f0e29c5c846d3d5e723c4	recorded at run: manifest field outputs[].members	exact	supplied at packaging from the default comparison mode (decision 0283)	-	computed at packaging from bytes matching the record: none, this mode needs none
atacseq_bulk.01_nfcore-atacseq-wrapper	bam_genome	run/results/bwa/merged_library	macs2/narrow_peak/atac-a_REP2.mLb.clN_peaks.narrowPeak	05782b462db9cbfbe8936b5f31000fdb6e53ea1607f9effe175984855c7c16d2	recorded at run: manifest field outputs[].members	exact	supplied at packaging from the default comparison mode (decision 0283)	-	computed at packaging from bytes matching the record: none, this mode needs none
atacseq_bulk.01_nfcore-atacseq-wrapper	bam_genome	run/results/bwa/merged_library	macs2/narrow_peak/atac-a_REP2.mLb.clN_peaks.xls	da97408e2dacc3f3a4ee4e1f618d9342da97632d154c2af99f39fd21d26b3ba4	recorded at run: manifest field outputs[].members	exact	supplied at packaging from the default comparison mode (decision 0283)	-	computed at packaging from bytes matching the record: none, this mode needs none
atacseq_bulk.01_nfcore-atacseq-wrapper	bam_genome	run/results/bwa/merged_library	macs2/narrow_peak/atac-a_REP2.mLb.clN_summits.bed	d3b48cb9f05581cb2f5cc36484bbb26aaccd7bf5443900072974edfe862f6705	recorded at run: manifest field outputs[].members	exact	supplied at packaging from the default comparison mode (decision 0283)	-	computed at packaging from bytes matching the record: none, this mode needs none
atacseq_bulk.01_nfcore-atacseq-wrapper	bam_genome	run/results/bwa/merged_library	macs2/narrow_peak/atac-b_REP1.mLb.clN_peaks.annotatePeaks.txt	607e248b429b30992c6aeebb24858832e6e78ec643340816ef3d80b3e3d42bf7	recorded at run: manifest field outputs[].members	exact	supplied at packaging from the default comparison mode (decision 0283)	-	computed at packaging from bytes matching the record: none, this mode needs none
atacseq_bulk.01_nfcore-atacseq-wrapper	bam_genome	run/results/bwa/merged_library	macs2/narrow_peak/atac-b_REP1.mLb.clN_peaks.narrowPeak	31bd81029819e433195521f6a19cc111e0b3dbe0b2c98e95aaa57f0606286e11	recorded at run: manifest field outputs[].members	exact	supplied at packaging from the default comparison mode (decision 0283)	-	computed at packaging from bytes matching the record: none, this mode needs none
atacseq_bulk.01_nfcore-atacseq-wrapper	bam_genome	run/results/bwa/merged_library	macs2/narrow_peak/atac-b_REP1.mLb.clN_peaks.xls	2af170136326d144f60a37fab7c719ef0ee23b40618c924b2e473a01a5b27f16	recorded at run: manifest field outputs[].members	exact	supplied at packaging from the default comparison mode (decision 0283)	-	computed at packaging from bytes matching the record: none, this mode needs none
atacseq_bulk.01_nfcore-atacseq-wrapper	bam_genome	run/results/bwa/merged_library	macs2/narrow_peak/atac-b_REP1.mLb.clN_summits.bed	7d9c8364308a4730f4734332288beec7601a2b8ed54b21d39b327f7aabc23edf	recorded at run: manifest field outputs[].members	exact	supplied at packaging from the default comparison mode (decision 0283)	-	computed at packaging from bytes matching the record: none, this mode needs none
atacseq_bulk.01_nfcore-atacseq-wrapper	bam_genome	run/results/bwa/merged_library	macs2/narrow_peak/atac-b_REP2.mLb.clN_peaks.annotatePeaks.txt	4ab02f89ff59667d312031df50ced6abc5da4f23ce5e37dea1de476c3441734d	recorded at run: manifest field outputs[].members	exact	supplied at packaging from the default comparison mode (decision 0283)	-	computed at packaging from bytes matching the record: none, this mode needs none
atacseq_bulk.01_nfcore-atacseq-wrapper	bam_genome	run/results/bwa/merged_library	macs2/narrow_peak/atac-b_REP2.mLb.clN_peaks.narrowPeak	98c61f7c857e40fe7e2837a7451b252b6221f05b855bfb6210805f0045b19296	recorded at run: manifest field outputs[].members	exact	supplied at packaging from the default comparison mode (decision 0283)	-	computed at packaging from bytes matching the record: none, this mode needs none
atacseq_bulk.01_nfcore-atacseq-wrapper	bam_genome	run/results/bwa/merged_library	macs2/narrow_peak/atac-b_REP2.mLb.clN_peaks.xls	c4790e9fafd19f1e91b5ccd810877b57010a0dc5df53be03509dd5d51ab9ccaa	recorded at run: manifest field outputs[].members	exact	supplied at packaging from the default comparison mode (decision 0283)	-	computed at packaging from bytes matching the record: none, this mode needs none
atacseq_bulk.01_nfcore-atacseq-wrapper	bam_genome	run/results/bwa/merged_library	macs2/narrow_peak/atac-b_REP2.mLb.clN_summits.bed	b935e8460615869b1955629c019aa5e36eb491626e8845a771505cd44bfb3265	recorded at run: manifest field outputs[].members	exact	supplied at packaging from the default comparison mode (decision 0283)	-	computed at packaging from bytes matching the record: none, this mode needs none
atacseq_bulk.01_nfcore-atacseq-wrapper	bam_genome	run/results/bwa/merged_library	macs2/narrow_peak/consensus/consensus_peaks.mLb.clN.annotatePeaks.txt	a49ddbd8eecc686526b280ec8b6bb236577011316a3607382ffd283090d2d79a	recorded at run: manifest field outputs[].members	exact	supplied at packaging from the default comparison mode (decision 0283)	-	computed at packaging from bytes matching the record: none, this mode needs none
atacseq_bulk.01_nfcore-atacseq-wrapper	bam_genome	run/results/bwa/merged_library	macs2/narrow_peak/consensus/consensus_peaks.mLb.clN.bed	7e2ee1c97694918284da8dd74773d049c6f85b9ba4587f55085665530d449e50	recorded at run: manifest field outputs[].members	exact	supplied at packaging from the default comparison mode (decision 0283)	-	computed at packaging from bytes matching the record: none, this mode needs none
atacseq_bulk.01_nfcore-atacseq-wrapper	bam_genome	run/results/bwa/merged_library	macs2/narrow_peak/consensus/consensus_peaks.mLb.clN.boolean.intersect.plot.pdf	withheld	withheld: a presence member is compared by no hash, so its outputs[].members sha256 is never published	presence	supplied at packaging from the lane file outputs/package-tolerances.json, shipped in this package	-	computed at packaging from bytes matching the record: none, this mode needs none
atacseq_bulk.01_nfcore-atacseq-wrapper	bam_genome	run/results/bwa/merged_library	macs2/narrow_peak/consensus/consensus_peaks.mLb.clN.boolean.intersect.txt	70cc30b861958f3b56e5a7c40b680c69d3edb124619c56abdba0512dd0573eb6	recorded at run: manifest field outputs[].members	exact	supplied at packaging from the default comparison mode (decision 0283)	-	computed at packaging from bytes matching the record: none, this mode needs none
atacseq_bulk.01_nfcore-atacseq-wrapper	bam_genome	run/results/bwa/merged_library	macs2/narrow_peak/consensus/consensus_peaks.mLb.clN.boolean.txt	5d22adc6a546dcd00ef240ac7a2f5b2ef5ab3896caf514086b29cda67b679eb1	recorded at run: manifest field outputs[].members	exact	supplied at packaging from the default comparison mode (decision 0283)	-	computed at packaging from bytes matching the record: none, this mode needs none
atacseq_bulk.01_nfcore-atacseq-wrapper	bam_genome	run/results/bwa/merged_library	macs2/narrow_peak/consensus/consensus_peaks.mLb.clN.featureCounts.txt	e33dc9c084f1a5b291cc1ef99ea42276872401e67ae8fba59cd71cee7126a840	recorded at run: manifest field outputs[].members	column_matched_table	supplied at packaging from the lane file outputs/package-tolerances.json, shipped in this package	sha256:d82086540c554a9eda01ebb441bfacf698b7d81febf3e54a61af71a5d542c801	computed at packaging from bytes matching the record
atacseq_bulk.01_nfcore-atacseq-wrapper	bam_genome	run/results/bwa/merged_library	macs2/narrow_peak/consensus/consensus_peaks.mLb.clN.featureCounts.txt.summary	1c30ae6ed47ad801c762dd3cc5a1bedd0f6edc3392bca36a0e163f317e1e0d86	recorded at run: manifest field outputs[].members	column_matched_table	supplied at packaging from the lane file outputs/package-tolerances.json, shipped in this package	sha256:38c99697ef28d73acb28ffab380523e9f6beba8a12f0223880972c6bb4b018ac	computed at packaging from bytes matching the record
atacseq_bulk.01_nfcore-atacseq-wrapper	bam_genome	run/results/bwa/merged_library	macs2/narrow_peak/consensus/consensus_peaks.mLb.clN.saf	323f6bb74469f8013ee19b6c65be2bd965c193ad84dd48de32d6b2127f284bcb	recorded at run: manifest field outputs[].members	exact	supplied at packaging from the default comparison mode (decision 0283)	-	computed at packaging from bytes matching the record: none, this mode needs none
atacseq_bulk.01_nfcore-atacseq-wrapper	bam_genome	run/results/bwa/merged_library	macs2/narrow_peak/consensus/deseq2/R_sessionInfo.log	50351dc5cb78e2969a95c4549a543f37cf133e6f76c58164ea142f755a63adc2	recorded at run: manifest field outputs[].members	exact	supplied at packaging from the default comparison mode (decision 0283)	-	computed at packaging from bytes matching the record: none, this mode needs none
atacseq_bulk.01_nfcore-atacseq-wrapper	bam_genome	run/results/bwa/merged_library	macs2/narrow_peak/consensus/deseq2/consensus_peaks.mLb.clN.dds.RData	withheld	withheld: a presence member is compared by no hash, so its outputs[].members sha256 is never published	presence	supplied at packaging from the lane file outputs/package-tolerances.json, shipped in this package	-	computed at packaging from bytes matching the record: none, this mode needs none
atacseq_bulk.01_nfcore-atacseq-wrapper	bam_genome	run/results/bwa/merged_library	macs2/narrow_peak/consensus/deseq2/consensus_peaks.mLb.clN.pca.vals.txt	6e15def31a35a706202b689bad9e4344e9fb50a581e2a06fc435486c6a64c51e	recorded at run: manifest field outputs[].members	sign_aligned_numeric	supplied at packaging from the lane file outputs/package-tolerances.json, shipped in this package	{"atac-a_REP1":[3.9928642939662,-7.35246771408569],"atac-a_REP2":[9.56516077694755,4.78390491930372],"atac-b_REP1":[-7.23271284930167,0.170213954159205],"atac-b_REP2":[-6.32531222161208,2.39834884062276]}	computed at packaging from bytes matching the record
atacseq_bulk.01_nfcore-atacseq-wrapper	bam_genome	run/results/bwa/merged_library	macs2/narrow_peak/consensus/deseq2/consensus_peaks.mLb.clN.pca.vals_mqc.tsv	da7825b67fe95d9899807d16d14e2315a834cd38d6a6b6800974a61f1f972681	recorded at run: manifest field outputs[].members	sign_aligned_numeric	supplied at packaging from the lane file outputs/package-tolerances.json, shipped in this package	{"atac-a_REP1":[3.9928642939662,-7.35246771408569],"atac-a_REP2":[9.56516077694755,4.78390491930372],"atac-b_REP1":[-7.23271284930167,0.170213954159205],"atac-b_REP2":[-6.32531222161208,2.39834884062276]}	computed at packaging from bytes matching the record
atacseq_bulk.01_nfcore-atacseq-wrapper	bam_genome	run/results/bwa/merged_library	macs2/narrow_peak/consensus/deseq2/consensus_peaks.mLb.clN.plots.pdf	withheld	withheld: a presence member is compared by no hash, so its outputs[].members sha256 is never published	presence	supplied at packaging from the lane file outputs/package-tolerances.json, shipped in this package	-	computed at packaging from bytes matching the record: none, this mode needs none
atacseq_bulk.01_nfcore-atacseq-wrapper	bam_genome	run/results/bwa/merged_library	macs2/narrow_peak/consensus/deseq2/consensus_peaks.mLb.clN.rds	withheld	withheld: a presence member is compared by no hash, so its outputs[].members sha256 is never published	presence	supplied at packaging from the lane file outputs/package-tolerances.json, shipped in this package	-	computed at packaging from bytes matching the record: none, this mode needs none
atacseq_bulk.01_nfcore-atacseq-wrapper	bam_genome	run/results/bwa/merged_library	macs2/narrow_peak/consensus/deseq2/consensus_peaks.mLb.clN.sample.dists.txt	21b1080a821bdbbd7190742ee21b6b4c5c8ecbe491b73ee0811fa09c8a78e824	recorded at run: manifest field outputs[].members	exact	supplied at packaging from the default comparison mode (decision 0283)	-	computed at packaging from bytes matching the record: none, this mode needs none
atacseq_bulk.01_nfcore-atacseq-wrapper	bam_genome	run/results/bwa/merged_library	macs2/narrow_peak/consensus/deseq2/consensus_peaks.mLb.clN.sample.dists_mqc.tsv	00c9396af1e5a9fcdbd23981f9f1c5c0c2ec0771b0946060899314c4f781e91a	recorded at run: manifest field outputs[].members	exact	supplied at packaging from the default comparison mode (decision 0283)	-	computed at packaging from bytes matching the record: none, this mode needs none
atacseq_bulk.01_nfcore-atacseq-wrapper	bam_genome	run/results/bwa/merged_library	macs2/narrow_peak/consensus/deseq2/size_factors/atac-a_REP1.size_factors.txt	37eaa7f397aebd32ac96d80b83903022eaca1753e76a4d9f911d74b0d10d5c0c	recorded at run: manifest field outputs[].members	exact	supplied at packaging from the default comparison mode (decision 0283)	-	computed at packaging from bytes matching the record: none, this mode needs none
atacseq_bulk.01_nfcore-atacseq-wrapper	bam_genome	run/results/bwa/merged_library	macs2/narrow_peak/consensus/deseq2/size_factors/atac-a_REP2.size_factors.txt	8250ceb146b42f49b4e4956b17325db92fece6af1473544c4f360be979fab0dd	recorded at run: manifest field outputs[].members	exact	supplied at packaging from the default comparison mode (decision 0283)	-	computed at packaging from bytes matching the record: none, this mode needs none
atacseq_bulk.01_nfcore-atacseq-wrapper	bam_genome	run/results/bwa/merged_library	macs2/narrow_peak/consensus/deseq2/size_factors/atac-b_REP1.size_factors.txt	2210e5257ab5c2de56da26a84cb5be4c1c0df1bbee68b27a0298a38a5fa4f45c	recorded at run: manifest field outputs[].members	exact	supplied at packaging from the default comparison mode (decision 0283)	-	computed at packaging from bytes matching the record: none, this mode needs none
atacseq_bulk.01_nfcore-atacseq-wrapper	bam_genome	run/results/bwa/merged_library	macs2/narrow_peak/consensus/deseq2/size_factors/atac-b_REP2.size_factors.txt	d7c56b122d3dbeeec2adedee9789cfe2dca8ea441c485681ff29d27cfc4819ec	recorded at run: manifest field outputs[].members	exact	supplied at packaging from the default comparison mode (decision 0283)	-	computed at packaging from bytes matching the record: none, this mode needs none
atacseq_bulk.01_nfcore-atacseq-wrapper	bam_genome	run/results/bwa/merged_library	macs2/narrow_peak/consensus/deseq2/size_factors/consensus_peaks.mLb.clN.size_factors.RData	withheld	withheld: a presence member is compared by no hash, so its outputs[].members sha256 is never published	presence	supplied at packaging from the lane file outputs/package-tolerances.json, shipped in this package	-	computed at packaging from bytes matching the record: none, this mode needs none
atacseq_bulk.01_nfcore-atacseq-wrapper	bam_genome	run/results/bwa/merged_library	macs2/narrow_peak/qc/atac-a_REP1.mLb.clN_peaks.FRiP_mqc.tsv	1dfc72b62aa75f592492701509ac92d8d40042d9986104602cc4c54e9854a021	recorded at run: manifest field outputs[].members	exact	supplied at packaging from the default comparison mode (decision 0283)	-	computed at packaging from bytes matching the record: none, this mode needs none
atacseq_bulk.01_nfcore-atacseq-wrapper	bam_genome	run/results/bwa/merged_library	macs2/narrow_peak/qc/atac-a_REP1.mLb.clN_peaks.count_mqc.tsv	000a7802570f182992b7a3c6ce3bea95b30060f6aa11add31819a61d7031e0f5	recorded at run: manifest field outputs[].members	exact	supplied at packaging from the default comparison mode (decision 0283)	-	computed at packaging from bytes matching the record: none, this mode needs none
atacseq_bulk.01_nfcore-atacseq-wrapper	bam_genome	run/results/bwa/merged_library	macs2/narrow_peak/qc/atac-a_REP2.mLb.clN_peaks.FRiP_mqc.tsv	a25ce625f6b49fd632b39c4d31530887cb19bfc089876dc1e4e1069e41ca46fe	recorded at run: manifest field outputs[].members	exact	supplied at packaging from the default comparison mode (decision 0283)	-	computed at packaging from bytes matching the record: none, this mode needs none
atacseq_bulk.01_nfcore-atacseq-wrapper	bam_genome	run/results/bwa/merged_library	macs2/narrow_peak/qc/atac-a_REP2.mLb.clN_peaks.count_mqc.tsv	6203f21d5224565717ecf9ebe262dacaeaa82ece96bdeae0c1adcd704fc89c79	recorded at run: manifest field outputs[].members	exact	supplied at packaging from the default comparison mode (decision 0283)	-	computed at packaging from bytes matching the record: none, this mode needs none
atacseq_bulk.01_nfcore-atacseq-wrapper	bam_genome	run/results/bwa/merged_library	macs2/narrow_peak/qc/atac-b_REP1.mLb.clN_peaks.FRiP_mqc.tsv	41a1db874f3a07c8c42d4d83ac631015690bb503df27ae099b7176718f4db010	recorded at run: manifest field outputs[].members	exact	supplied at packaging from the default comparison mode (decision 0283)	-	computed at packaging from bytes matching the record: none, this mode needs none
atacseq_bulk.01_nfcore-atacseq-wrapper	bam_genome	run/results/bwa/merged_library	macs2/narrow_peak/qc/atac-b_REP1.mLb.clN_peaks.count_mqc.tsv	a92b0b7cd975d53737a4b05ad068bdec373bef66a9f06d60b656f673efbdd28c	recorded at run: manifest field outputs[].members	exact	supplied at packaging from the default comparison mode (decision 0283)	-	computed at packaging from bytes matching the record: none, this mode needs none
atacseq_bulk.01_nfcore-atacseq-wrapper	bam_genome	run/results/bwa/merged_library	macs2/narrow_peak/qc/atac-b_REP2.mLb.clN_peaks.FRiP_mqc.tsv	68f241756d725440a51de16ed147fdf423d077966a1bfd23fce370f00dbf95e6	recorded at run: manifest field outputs[].members	exact	supplied at packaging from the default comparison mode (decision 0283)	-	computed at packaging from bytes matching the record: none, this mode needs none
atacseq_bulk.01_nfcore-atacseq-wrapper	bam_genome	run/results/bwa/merged_library	macs2/narrow_peak/qc/atac-b_REP2.mLb.clN_peaks.count_mqc.tsv	7d3a5142c539fb6a513e94bffcf6d2f783b4b7f1bdba6e20dc984ac6289fc071	recorded at run: manifest field outputs[].members	exact	supplied at packaging from the default comparison mode (decision 0283)	-	computed at packaging from bytes matching the record: none, this mode needs none
atacseq_bulk.01_nfcore-atacseq-wrapper	bam_genome	run/results/bwa/merged_library	macs2/narrow_peak/qc/macs2_annotatePeaks.mLb.clN.plots.pdf	e2603de86af58dce29cc3fab8ce36e10f4790de9da12b0eb44b4e3b959a5d2b5	recorded at run: manifest field outputs[].members	exact	supplied at packaging from the default comparison mode (decision 0283)	-	computed at packaging from bytes matching the record: none, this mode needs none
atacseq_bulk.01_nfcore-atacseq-wrapper	bam_genome	run/results/bwa/merged_library	macs2/narrow_peak/qc/macs2_annotatePeaks.mLb.clN.summary.txt	5db26ffb60ae34b39daa741b11f824ec28d7ec8b4c104dc15a63371bc4bbbb2c	recorded at run: manifest field outputs[].members	exact	supplied at packaging from the default comparison mode (decision 0283)	-	computed at packaging from bytes matching the record: none, this mode needs none
atacseq_bulk.01_nfcore-atacseq-wrapper	bam_genome	run/results/bwa/merged_library	macs2/narrow_peak/qc/macs2_annotatePeaks.mLb.clN.summary_mqc.tsv	1dd5d6e1510b74d86d5422c34da9cba7cdf2f0d862edfc95b183abcd17b6eb71	recorded at run: manifest field outputs[].members	exact	supplied at packaging from the default comparison mode (decision 0283)	-	computed at packaging from bytes matching the record: none, this mode needs none
atacseq_bulk.01_nfcore-atacseq-wrapper	bam_genome	run/results/bwa/merged_library	macs2/narrow_peak/qc/macs2_peak.mLb.clN.plots.pdf	withheld	withheld: a presence member is compared by no hash, so its outputs[].members sha256 is never published	presence	supplied at packaging from the lane file outputs/package-tolerances.json, shipped in this package	-	computed at packaging from bytes matching the record: none, this mode needs none
atacseq_bulk.01_nfcore-atacseq-wrapper	bam_genome	run/results/bwa/merged_library	macs2/narrow_peak/qc/macs2_peak.mLb.clN.summary.txt	00b63d760d88de646d87f4609c76809ca74a1fef83c636d7374b8a54d7da19c3	recorded at run: manifest field outputs[].members	sorted_table	supplied at packaging from the lane file outputs/package-tolerances.json, shipped in this package	sha256:4ecd89dd621c1261ce13f9497f74dcf970b5abf20547a05f4cd1e9ac641f9fa7	computed at packaging from bytes matching the record
atacseq_bulk.01_nfcore-atacseq-wrapper	bam_genome	run/results/bwa/merged_library	picard_metrics/atac-a_REP1.mLb.clN.CollectMultipleMetrics.alignment_summary_metrics	fcc589eedaedd226ffd9b48d6c78d3b2339b30df0cda8999fd36332d73163bd6	recorded at run: manifest field outputs[].members	sorted_table	supplied at packaging from the lane file outputs/package-tolerances.json, shipped in this package	sha256:2941a87f9fd838044066872581c54715850e7c8e20de0aa20cfdb13f5e6b5968	computed at packaging from bytes matching the record
atacseq_bulk.01_nfcore-atacseq-wrapper	bam_genome	run/results/bwa/merged_library	picard_metrics/atac-a_REP1.mLb.clN.CollectMultipleMetrics.base_distribution_by_cycle_metrics	1245275df058ca49b5c3b41317a3501694d4622a9a0a265a425fca35e13e357d	recorded at run: manifest field outputs[].members	sorted_table	supplied at packaging from the lane file outputs/package-tolerances.json, shipped in this package	sha256:9a8d1551ccd6cf38abacf30b6a235f0d603dd78067d113412ab823894c463171	computed at packaging from bytes matching the record
atacseq_bulk.01_nfcore-atacseq-wrapper	bam_genome	run/results/bwa/merged_library	picard_metrics/atac-a_REP1.mLb.clN.CollectMultipleMetrics.insert_size_metrics	5fdc6b3d99bf0a047e01c8bc317cb05de549d0f209d873be083903b794377f48	recorded at run: manifest field outputs[].members	sorted_table	supplied at packaging from the lane file outputs/package-tolerances.json, shipped in this package	sha256:4d0253829a0a24f91536d3a1a0e68d3ac1854c24d2dfe707cf97986c5ee1e570	computed at packaging from bytes matching the record
atacseq_bulk.01_nfcore-atacseq-wrapper	bam_genome	run/results/bwa/merged_library	picard_metrics/atac-a_REP1.mLb.clN.CollectMultipleMetrics.quality_by_cycle_metrics	57c5f3cdbe2643af99635797520e0af1a9acfc79d0bcfa820badf8ff1b29e1fd	recorded at run: manifest field outputs[].members	sorted_table	supplied at packaging from the lane file outputs/package-tolerances.json, shipped in this package	sha256:6cfa814c4c5fa7e1d51f9aa37e9b96bb37b863b6ed8abc9814d9bf0e660b3818	computed at packaging from bytes matching the record
atacseq_bulk.01_nfcore-atacseq-wrapper	bam_genome	run/results/bwa/merged_library	picard_metrics/atac-a_REP1.mLb.clN.CollectMultipleMetrics.quality_distribution_metrics	3c6bb5c5ef52b5175518850c8acdc7c6abb8f62282807be1d95a1aad7aa7acea	recorded at run: manifest field outputs[].members	sorted_table	supplied at packaging from the lane file outputs/package-tolerances.json, shipped in this package	sha256:289f6a06ee736668cdd9cc159410e670bd357c9740f71d39b2622dd828679df1	computed at packaging from bytes matching the record
atacseq_bulk.01_nfcore-atacseq-wrapper	bam_genome	run/results/bwa/merged_library	picard_metrics/atac-a_REP1.mLb.mkD.sorted.MarkDuplicates.metrics.txt	804c3652064b64e8a66c8da3a1fc28fff5ee74ab4e74b6b7c9741416a7438f43	recorded at run: manifest field outputs[].members	sorted_table	supplied at packaging from the lane file outputs/package-tolerances.json, shipped in this package	sha256:cd3a64990b9b919daaf6dc796a5f7f3d0b5f59ccddd02e94a143c03d483456c4	computed at packaging from bytes matching the record
atacseq_bulk.01_nfcore-atacseq-wrapper	bam_genome	run/results/bwa/merged_library	picard_metrics/atac-a_REP2.mLb.clN.CollectMultipleMetrics.alignment_summary_metrics	4b63a76c073d50b2060d10aa1950cfff3f4302462f4933bb17f9d57f641ecb6a	recorded at run: manifest field outputs[].members	sorted_table	supplied at packaging from the lane file outputs/package-tolerances.json, shipped in this package	sha256:20ab3e7bea537bb338dfa8838a344bbf4ee538d542108b1a65e97a9cb1f011a8	computed at packaging from bytes matching the record
atacseq_bulk.01_nfcore-atacseq-wrapper	bam_genome	run/results/bwa/merged_library	picard_metrics/atac-a_REP2.mLb.clN.CollectMultipleMetrics.base_distribution_by_cycle_metrics	3ab4b498720dae1a5e0901fac13356243d3c35db969b74041813df3c516c5667	recorded at run: manifest field outputs[].members	sorted_table	supplied at packaging from the lane file outputs/package-tolerances.json, shipped in this package	sha256:7ca259969b61a11d77390862c90fdb0deaf07efee52d6da60cddd15dcbfc925e	computed at packaging from bytes matching the record
atacseq_bulk.01_nfcore-atacseq-wrapper	bam_genome	run/results/bwa/merged_library	picard_metrics/atac-a_REP2.mLb.clN.CollectMultipleMetrics.insert_size_metrics	4d000f8c69824e728adb295220efab31fe8317937e2de700680e8e2edffdface	recorded at run: manifest field outputs[].members	sorted_table	supplied at packaging from the lane file outputs/package-tolerances.json, shipped in this package	sha256:216d6e06d6cf11ec394f81cf5fda2c4ea25edc18e0e37d07057c49ceba3dd613	computed at packaging from bytes matching the record
atacseq_bulk.01_nfcore-atacseq-wrapper	bam_genome	run/results/bwa/merged_library	picard_metrics/atac-a_REP2.mLb.clN.CollectMultipleMetrics.quality_by_cycle_metrics	7a80f00e68f853ca0021a436b206727d91d98e3c6f7263f990873e62994e33bb	recorded at run: manifest field outputs[].members	sorted_table	supplied at packaging from the lane file outputs/package-tolerances.json, shipped in this package	sha256:94eb6ee63b8947968161f14af6f8416b200c7664a9a1b977a1eaf78ec29447ce	computed at packaging from bytes matching the record
atacseq_bulk.01_nfcore-atacseq-wrapper	bam_genome	run/results/bwa/merged_library	picard_metrics/atac-a_REP2.mLb.clN.CollectMultipleMetrics.quality_distribution_metrics	a7111abc9b534318f647d864574491854bb7b75357832baabdf643b560f273c0	recorded at run: manifest field outputs[].members	sorted_table	supplied at packaging from the lane file outputs/package-tolerances.json, shipped in this package	sha256:a90b0bfdb6621e73b137c5bc9f36c01e1c20609577736d4ea2c0e05fa552cd7b	computed at packaging from bytes matching the record
atacseq_bulk.01_nfcore-atacseq-wrapper	bam_genome	run/results/bwa/merged_library	picard_metrics/atac-a_REP2.mLb.mkD.sorted.MarkDuplicates.metrics.txt	6ebc33727edd2910e86e593e4085306a36ba6a6fa21317263a83ef5660203166	recorded at run: manifest field outputs[].members	sorted_table	supplied at packaging from the lane file outputs/package-tolerances.json, shipped in this package	sha256:594e3c9509eea6c646379013b7976d1258a30d89d3d309b2185c2c7980031030	computed at packaging from bytes matching the record
atacseq_bulk.01_nfcore-atacseq-wrapper	bam_genome	run/results/bwa/merged_library	picard_metrics/atac-b_REP1.mLb.clN.CollectMultipleMetrics.alignment_summary_metrics	cc601645e60572f80ebdd2bbb3e2e416f9ebd6952c52d47f0afc3ca28fc7ab8d	recorded at run: manifest field outputs[].members	sorted_table	supplied at packaging from the lane file outputs/package-tolerances.json, shipped in this package	sha256:c2808d8095e37a598520dce9c82b7ddf40798b9e9c93a109ed48618aeb9fb772	computed at packaging from bytes matching the record
atacseq_bulk.01_nfcore-atacseq-wrapper	bam_genome	run/results/bwa/merged_library	picard_metrics/atac-b_REP1.mLb.clN.CollectMultipleMetrics.base_distribution_by_cycle_metrics	4cb22ae7f47a822b42e5904b43156ac669f5eb7b4cb967a5dad527c1feceda2c	recorded at run: manifest field outputs[].members	sorted_table	supplied at packaging from the lane file outputs/package-tolerances.json, shipped in this package	sha256:c788b5f7919923403aa42d3ade9ce4631fe14da3cbb5790ff329b77e0d4a889f	computed at packaging from bytes matching the record
atacseq_bulk.01_nfcore-atacseq-wrapper	bam_genome	run/results/bwa/merged_library	picard_metrics/atac-b_REP1.mLb.clN.CollectMultipleMetrics.insert_size_metrics	25ad65d8024d6d60fd05fd038a595f9d7a8377b8b7736a4e7302723ea21afe08	recorded at run: manifest field outputs[].members	sorted_table	supplied at packaging from the lane file outputs/package-tolerances.json, shipped in this package	sha256:ac119dfb6cbe8b9e263f988268a30fc0c4566f1f977c19cb30336a2fd1f8ccc9	computed at packaging from bytes matching the record
atacseq_bulk.01_nfcore-atacseq-wrapper	bam_genome	run/results/bwa/merged_library	picard_metrics/atac-b_REP1.mLb.clN.CollectMultipleMetrics.quality_by_cycle_metrics	134e0cdd6b304f50d063226c39e417d847313a4e2e1fea7af01c933e8b000ce6	recorded at run: manifest field outputs[].members	sorted_table	supplied at packaging from the lane file outputs/package-tolerances.json, shipped in this package	sha256:592f0c29a6582d278464c48c3caebb108c90bbe53dabac7326c7bddd857317e6	computed at packaging from bytes matching the record
atacseq_bulk.01_nfcore-atacseq-wrapper	bam_genome	run/results/bwa/merged_library	picard_metrics/atac-b_REP1.mLb.clN.CollectMultipleMetrics.quality_distribution_metrics	8d312cd174be934ea242f22568e7c6ab4c043c701dc7061d166abf6b1b8b4450	recorded at run: manifest field outputs[].members	sorted_table	supplied at packaging from the lane file outputs/package-tolerances.json, shipped in this package	sha256:c47b8f11f2d6a7d68e4b5f0f3f9a9cfe7b5fa3b2890bf8f1a31354be2f8c3213	computed at packaging from bytes matching the record
atacseq_bulk.01_nfcore-atacseq-wrapper	bam_genome	run/results/bwa/merged_library	picard_metrics/atac-b_REP1.mLb.mkD.sorted.MarkDuplicates.metrics.txt	892d1b3c0a43d37ad64d062f45ddcf57be04867bfe7245ba9cb2ef3b71fa7025	recorded at run: manifest field outputs[].members	sorted_table	supplied at packaging from the lane file outputs/package-tolerances.json, shipped in this package	sha256:30a867affc986acf360e0ae12159ce2d78377f11acccc1692379c0f49265df79	computed at packaging from bytes matching the record
atacseq_bulk.01_nfcore-atacseq-wrapper	bam_genome	run/results/bwa/merged_library	picard_metrics/atac-b_REP2.mLb.clN.CollectMultipleMetrics.alignment_summary_metrics	25171ffcbc78b30bdc53778949a727e6076f085f68cec69f8eabd75b4aa0f3ca	recorded at run: manifest field outputs[].members	sorted_table	supplied at packaging from the lane file outputs/package-tolerances.json, shipped in this package	sha256:62092a5ce4b4ebea2d0ebc54f6fe32cc0771a13a6e346228f2d0531e1a8437d0	computed at packaging from bytes matching the record
atacseq_bulk.01_nfcore-atacseq-wrapper	bam_genome	run/results/bwa/merged_library	picard_metrics/atac-b_REP2.mLb.clN.CollectMultipleMetrics.base_distribution_by_cycle_metrics	64e018c6903d7693132100323956b625293d3a7e8990d8085b807ab2326e45f1	recorded at run: manifest field outputs[].members	sorted_table	supplied at packaging from the lane file outputs/package-tolerances.json, shipped in this package	sha256:999da73f58d9f1147ff0fc16c617b43af30735ab5dce0d295a8380f124f0aec6	computed at packaging from bytes matching the record
atacseq_bulk.01_nfcore-atacseq-wrapper	bam_genome	run/results/bwa/merged_library	picard_metrics/atac-b_REP2.mLb.clN.CollectMultipleMetrics.insert_size_metrics	d31cd7fb5aade7d3488098b0c8e38e7b2deadfd10da514beaf18b9d45aea55a2	recorded at run: manifest field outputs[].members	sorted_table	supplied at packaging from the lane file outputs/package-tolerances.json, shipped in this package	sha256:feecf8459d9744d5ed83d699bff85fa83a51ff1a5b2c7f7032e4fe3824674972	computed at packaging from bytes matching the record
atacseq_bulk.01_nfcore-atacseq-wrapper	bam_genome	run/results/bwa/merged_library	picard_metrics/atac-b_REP2.mLb.clN.CollectMultipleMetrics.quality_by_cycle_metrics	4af0721840156d234e403252ee3b86d50a1922985f1aa592c6fe8ece17d411bd	recorded at run: manifest field outputs[].members	sorted_table	supplied at packaging from the lane file outputs/package-tolerances.json, shipped in this package	sha256:a243e69927c14dada463c325a0793f5ac367bfe723e85fff6730ec96049cb42c	computed at packaging from bytes matching the record
atacseq_bulk.01_nfcore-atacseq-wrapper	bam_genome	run/results/bwa/merged_library	picard_metrics/atac-b_REP2.mLb.clN.CollectMultipleMetrics.quality_distribution_metrics	1a4c4d2e4de8cb946e370ff615da5f4e7c3e8229b75bc8eb3ff8f1bbf0ffc65e	recorded at run: manifest field outputs[].members	sorted_table	supplied at packaging from the lane file outputs/package-tolerances.json, shipped in this package	sha256:ca6583ff7aa74292270dc49a0bbce4ac69889b8e74d39e583d09ee00c6077595	computed at packaging from bytes matching the record
atacseq_bulk.01_nfcore-atacseq-wrapper	bam_genome	run/results/bwa/merged_library	picard_metrics/atac-b_REP2.mLb.mkD.sorted.MarkDuplicates.metrics.txt	1caba1e945a483106735930a11689d5f2c4919c6d90dfeb61d7287adcdd2c9f8	recorded at run: manifest field outputs[].members	sorted_table	supplied at packaging from the lane file outputs/package-tolerances.json, shipped in this package	sha256:251dd976fe7791eb696c826fa452ccbba01290bb256552a9f92ea78fa179e69f	computed at packaging from bytes matching the record
atacseq_bulk.01_nfcore-atacseq-wrapper	bam_genome	run/results/bwa/merged_library	picard_metrics/pdf/atac-a_REP1.mLb.clN.CollectMultipleMetrics.base_distribution_by_cycle.pdf	withheld	withheld: a presence member is compared by no hash, so its outputs[].members sha256 is never published	presence	supplied at packaging from the lane file outputs/package-tolerances.json, shipped in this package	-	computed at packaging from bytes matching the record: none, this mode needs none
atacseq_bulk.01_nfcore-atacseq-wrapper	bam_genome	run/results/bwa/merged_library	picard_metrics/pdf/atac-a_REP1.mLb.clN.CollectMultipleMetrics.insert_size_histogram.pdf	withheld	withheld: a presence member is compared by no hash, so its outputs[].members sha256 is never published	presence	supplied at packaging from the lane file outputs/package-tolerances.json, shipped in this package	-	computed at packaging from bytes matching the record: none, this mode needs none
atacseq_bulk.01_nfcore-atacseq-wrapper	bam_genome	run/results/bwa/merged_library	picard_metrics/pdf/atac-a_REP1.mLb.clN.CollectMultipleMetrics.quality_by_cycle.pdf	withheld	withheld: a presence member is compared by no hash, so its outputs[].members sha256 is never published	presence	supplied at packaging from the lane file outputs/package-tolerances.json, shipped in this package	-	computed at packaging from bytes matching the record: none, this mode needs none
atacseq_bulk.01_nfcore-atacseq-wrapper	bam_genome	run/results/bwa/merged_library	picard_metrics/pdf/atac-a_REP1.mLb.clN.CollectMultipleMetrics.quality_distribution.pdf	withheld	withheld: a presence member is compared by no hash, so its outputs[].members sha256 is never published	presence	supplied at packaging from the lane file outputs/package-tolerances.json, shipped in this package	-	computed at packaging from bytes matching the record: none, this mode needs none
atacseq_bulk.01_nfcore-atacseq-wrapper	bam_genome	run/results/bwa/merged_library	picard_metrics/pdf/atac-a_REP1.mLb.clN.CollectMultipleMetrics.read_length_histogram.pdf	withheld	withheld: a presence member is compared by no hash, so its outputs[].members sha256 is never published	presence	supplied at packaging from the lane file outputs/package-tolerances.json, shipped in this package	-	computed at packaging from bytes matching the record: none, this mode needs none
atacseq_bulk.01_nfcore-atacseq-wrapper	bam_genome	run/results/bwa/merged_library	picard_metrics/pdf/atac-a_REP2.mLb.clN.CollectMultipleMetrics.base_distribution_by_cycle.pdf	withheld	withheld: a presence member is compared by no hash, so its outputs[].members sha256 is never published	presence	supplied at packaging from the lane file outputs/package-tolerances.json, shipped in this package	-	computed at packaging from bytes matching the record: none, this mode needs none
atacseq_bulk.01_nfcore-atacseq-wrapper	bam_genome	run/results/bwa/merged_library	picard_metrics/pdf/atac-a_REP2.mLb.clN.CollectMultipleMetrics.insert_size_histogram.pdf	withheld	withheld: a presence member is compared by no hash, so its outputs[].members sha256 is never published	presence	supplied at packaging from the lane file outputs/package-tolerances.json, shipped in this package	-	computed at packaging from bytes matching the record: none, this mode needs none
atacseq_bulk.01_nfcore-atacseq-wrapper	bam_genome	run/results/bwa/merged_library	picard_metrics/pdf/atac-a_REP2.mLb.clN.CollectMultipleMetrics.quality_by_cycle.pdf	withheld	withheld: a presence member is compared by no hash, so its outputs[].members sha256 is never published	presence	supplied at packaging from the lane file outputs/package-tolerances.json, shipped in this package	-	computed at packaging from bytes matching the record: none, this mode needs none
atacseq_bulk.01_nfcore-atacseq-wrapper	bam_genome	run/results/bwa/merged_library	picard_metrics/pdf/atac-a_REP2.mLb.clN.CollectMultipleMetrics.quality_distribution.pdf	withheld	withheld: a presence member is compared by no hash, so its outputs[].members sha256 is never published	presence	supplied at packaging from the lane file outputs/package-tolerances.json, shipped in this package	-	computed at packaging from bytes matching the record: none, this mode needs none
atacseq_bulk.01_nfcore-atacseq-wrapper	bam_genome	run/results/bwa/merged_library	picard_metrics/pdf/atac-a_REP2.mLb.clN.CollectMultipleMetrics.read_length_histogram.pdf	withheld	withheld: a presence member is compared by no hash, so its outputs[].members sha256 is never published	presence	supplied at packaging from the lane file outputs/package-tolerances.json, shipped in this package	-	computed at packaging from bytes matching the record: none, this mode needs none
atacseq_bulk.01_nfcore-atacseq-wrapper	bam_genome	run/results/bwa/merged_library	picard_metrics/pdf/atac-b_REP1.mLb.clN.CollectMultipleMetrics.base_distribution_by_cycle.pdf	withheld	withheld: a presence member is compared by no hash, so its outputs[].members sha256 is never published	presence	supplied at packaging from the lane file outputs/package-tolerances.json, shipped in this package	-	computed at packaging from bytes matching the record: none, this mode needs none
atacseq_bulk.01_nfcore-atacseq-wrapper	bam_genome	run/results/bwa/merged_library	picard_metrics/pdf/atac-b_REP1.mLb.clN.CollectMultipleMetrics.insert_size_histogram.pdf	withheld	withheld: a presence member is compared by no hash, so its outputs[].members sha256 is never published	presence	supplied at packaging from the lane file outputs/package-tolerances.json, shipped in this package	-	computed at packaging from bytes matching the record: none, this mode needs none
atacseq_bulk.01_nfcore-atacseq-wrapper	bam_genome	run/results/bwa/merged_library	picard_metrics/pdf/atac-b_REP1.mLb.clN.CollectMultipleMetrics.quality_by_cycle.pdf	withheld	withheld: a presence member is compared by no hash, so its outputs[].members sha256 is never published	presence	supplied at packaging from the lane file outputs/package-tolerances.json, shipped in this package	-	computed at packaging from bytes matching the record: none, this mode needs none
atacseq_bulk.01_nfcore-atacseq-wrapper	bam_genome	run/results/bwa/merged_library	picard_metrics/pdf/atac-b_REP1.mLb.clN.CollectMultipleMetrics.quality_distribution.pdf	withheld	withheld: a presence member is compared by no hash, so its outputs[].members sha256 is never published	presence	supplied at packaging from the lane file outputs/package-tolerances.json, shipped in this package	-	computed at packaging from bytes matching the record: none, this mode needs none
atacseq_bulk.01_nfcore-atacseq-wrapper	bam_genome	run/results/bwa/merged_library	picard_metrics/pdf/atac-b_REP1.mLb.clN.CollectMultipleMetrics.read_length_histogram.pdf	withheld	withheld: a presence member is compared by no hash, so its outputs[].members sha256 is never published	presence	supplied at packaging from the lane file outputs/package-tolerances.json, shipped in this package	-	computed at packaging from bytes matching the record: none, this mode needs none
atacseq_bulk.01_nfcore-atacseq-wrapper	bam_genome	run/results/bwa/merged_library	picard_metrics/pdf/atac-b_REP2.mLb.clN.CollectMultipleMetrics.base_distribution_by_cycle.pdf	withheld	withheld: a presence member is compared by no hash, so its outputs[].members sha256 is never published	presence	supplied at packaging from the lane file outputs/package-tolerances.json, shipped in this package	-	computed at packaging from bytes matching the record: none, this mode needs none
atacseq_bulk.01_nfcore-atacseq-wrapper	bam_genome	run/results/bwa/merged_library	picard_metrics/pdf/atac-b_REP2.mLb.clN.CollectMultipleMetrics.insert_size_histogram.pdf	withheld	withheld: a presence member is compared by no hash, so its outputs[].members sha256 is never published	presence	supplied at packaging from the lane file outputs/package-tolerances.json, shipped in this package	-	computed at packaging from bytes matching the record: none, this mode needs none
atacseq_bulk.01_nfcore-atacseq-wrapper	bam_genome	run/results/bwa/merged_library	picard_metrics/pdf/atac-b_REP2.mLb.clN.CollectMultipleMetrics.quality_by_cycle.pdf	withheld	withheld: a presence member is compared by no hash, so its outputs[].members sha256 is never published	presence	supplied at packaging from the lane file outputs/package-tolerances.json, shipped in this package	-	computed at packaging from bytes matching the record: none, this mode needs none
atacseq_bulk.01_nfcore-atacseq-wrapper	bam_genome	run/results/bwa/merged_library	picard_metrics/pdf/atac-b_REP2.mLb.clN.CollectMultipleMetrics.quality_distribution.pdf	withheld	withheld: a presence member is compared by no hash, so its outputs[].members sha256 is never published	presence	supplied at packaging from the lane file outputs/package-tolerances.json, shipped in this package	-	computed at packaging from bytes matching the record: none, this mode needs none
atacseq_bulk.01_nfcore-atacseq-wrapper	bam_genome	run/results/bwa/merged_library	picard_metrics/pdf/atac-b_REP2.mLb.clN.CollectMultipleMetrics.read_length_histogram.pdf	withheld	withheld: a presence member is compared by no hash, so its outputs[].members sha256 is never published	presence	supplied at packaging from the lane file outputs/package-tolerances.json, shipped in this package	-	computed at packaging from bytes matching the record: none, this mode needs none
atacseq_bulk.01_nfcore-atacseq-wrapper	bam_genome	run/results/bwa/merged_library	samtools_stats/atac-a_REP1.mLb.clN.sorted.bam.flagstat	1e0b1616b37ff747558501c20aaf36c2a42fea32f23b9a5526df2d23a10bdca6	recorded at run: manifest field outputs[].members	exact	supplied at packaging from the default comparison mode (decision 0283)	-	computed at packaging from bytes matching the record: none, this mode needs none
atacseq_bulk.01_nfcore-atacseq-wrapper	bam_genome	run/results/bwa/merged_library	samtools_stats/atac-a_REP1.mLb.clN.sorted.bam.idxstats	ca8b6b53b07109db8f147b327f40665ecb8e892204c222a0c2862f2fc0785607	recorded at run: manifest field outputs[].members	exact	supplied at packaging from the default comparison mode (decision 0283)	-	computed at packaging from bytes matching the record: none, this mode needs none
atacseq_bulk.01_nfcore-atacseq-wrapper	bam_genome	run/results/bwa/merged_library	samtools_stats/atac-a_REP1.mLb.clN.sorted.bam.stats	40da4c1ac82325cce35abb4c7aeeb40c3275b272eedd07e0c016c42d971e9bf3	recorded at run: manifest field outputs[].members	exact	supplied at packaging from the default comparison mode (decision 0283)	-	computed at packaging from bytes matching the record: none, this mode needs none
atacseq_bulk.01_nfcore-atacseq-wrapper	bam_genome	run/results/bwa/merged_library	samtools_stats/atac-a_REP1.mLb.mkD.sorted.bam.flagstat	91d2528cfa7c57c493166ab8cd5066ba8416b88e04e92de9d506edba36913d4f	recorded at run: manifest field outputs[].members	exact	supplied at packaging from the default comparison mode (decision 0283)	-	computed at packaging from bytes matching the record: none, this mode needs none
atacseq_bulk.01_nfcore-atacseq-wrapper	bam_genome	run/results/bwa/merged_library	samtools_stats/atac-a_REP1.mLb.mkD.sorted.bam.idxstats	c9dbd2c6d0af92493ffb842074d361bc16e26b3968d6c956e552c03dc836d848	recorded at run: manifest field outputs[].members	exact	supplied at packaging from the default comparison mode (decision 0283)	-	computed at packaging from bytes matching the record: none, this mode needs none
atacseq_bulk.01_nfcore-atacseq-wrapper	bam_genome	run/results/bwa/merged_library	samtools_stats/atac-a_REP1.mLb.mkD.sorted.bam.stats	16647df1bc4b5a17b2dda032c24130e0d697a2c0df099c0e1e8c0ff36024d0e3	recorded at run: manifest field outputs[].members	exact	supplied at packaging from the default comparison mode (decision 0283)	-	computed at packaging from bytes matching the record: none, this mode needs none
atacseq_bulk.01_nfcore-atacseq-wrapper	bam_genome	run/results/bwa/merged_library	samtools_stats/atac-a_REP2.mLb.clN.sorted.bam.flagstat	372c27ab51cb938affd77c6b5438e690257bec11f323b071a9b56675c7813e12	recorded at run: manifest field outputs[].members	exact	supplied at packaging from the default comparison mode (decision 0283)	-	computed at packaging from bytes matching the record: none, this mode needs none
atacseq_bulk.01_nfcore-atacseq-wrapper	bam_genome	run/results/bwa/merged_library	samtools_stats/atac-a_REP2.mLb.clN.sorted.bam.idxstats	70ff2f1c7a5fc06ca1ed4f2d4eac215dcc1f42bf78d4a80b2c0932bae2396dc3	recorded at run: manifest field outputs[].members	exact	supplied at packaging from the default comparison mode (decision 0283)	-	computed at packaging from bytes matching the record: none, this mode needs none
atacseq_bulk.01_nfcore-atacseq-wrapper	bam_genome	run/results/bwa/merged_library	samtools_stats/atac-a_REP2.mLb.clN.sorted.bam.stats	eddfc38f7bf0f1018b78d1fe7d6da2628484511107aa1e57bd1824a87ed68789	recorded at run: manifest field outputs[].members	exact	supplied at packaging from the default comparison mode (decision 0283)	-	computed at packaging from bytes matching the record: none, this mode needs none
atacseq_bulk.01_nfcore-atacseq-wrapper	bam_genome	run/results/bwa/merged_library	samtools_stats/atac-a_REP2.mLb.mkD.sorted.bam.flagstat	2f45aaa7257e6cf3656140e5315624f59f7c6124321aad2e3b1dfccc96512e7b	recorded at run: manifest field outputs[].members	exact	supplied at packaging from the default comparison mode (decision 0283)	-	computed at packaging from bytes matching the record: none, this mode needs none
atacseq_bulk.01_nfcore-atacseq-wrapper	bam_genome	run/results/bwa/merged_library	samtools_stats/atac-a_REP2.mLb.mkD.sorted.bam.idxstats	2d098db540b46906c1618edaa0078b81af77466dbd0b1e6cd73d8d37dfba1d65	recorded at run: manifest field outputs[].members	exact	supplied at packaging from the default comparison mode (decision 0283)	-	computed at packaging from bytes matching the record: none, this mode needs none
atacseq_bulk.01_nfcore-atacseq-wrapper	bam_genome	run/results/bwa/merged_library	samtools_stats/atac-a_REP2.mLb.mkD.sorted.bam.stats	7934d516e222133e05a44313df3c1d00bfe6a02e5143e302c0924e397bbdde96	recorded at run: manifest field outputs[].members	exact	supplied at packaging from the default comparison mode (decision 0283)	-	computed at packaging from bytes matching the record: none, this mode needs none
atacseq_bulk.01_nfcore-atacseq-wrapper	bam_genome	run/results/bwa/merged_library	samtools_stats/atac-b_REP1.mLb.clN.sorted.bam.flagstat	14ea8754e8f0896b5600219625cd45f290d2757cf80b14508356a3376016107d	recorded at run: manifest field outputs[].members	exact	supplied at packaging from the default comparison mode (decision 0283)	-	computed at packaging from bytes matching the record: none, this mode needs none
atacseq_bulk.01_nfcore-atacseq-wrapper	bam_genome	run/results/bwa/merged_library	samtools_stats/atac-b_REP1.mLb.clN.sorted.bam.idxstats	eed54b6c6be0aa3167a63f7663897e9bdb02e8cec7ead7c179ef73f916666b9d	recorded at run: manifest field outputs[].members	exact	supplied at packaging from the default comparison mode (decision 0283)	-	computed at packaging from bytes matching the record: none, this mode needs none
atacseq_bulk.01_nfcore-atacseq-wrapper	bam_genome	run/results/bwa/merged_library	samtools_stats/atac-b_REP1.mLb.clN.sorted.bam.stats	5cac4bc822aae0af424cd9c6d4d182a00d4a8c30402f5ec079bde11ec0844265	recorded at run: manifest field outputs[].members	exact	supplied at packaging from the default comparison mode (decision 0283)	-	computed at packaging from bytes matching the record: none, this mode needs none
atacseq_bulk.01_nfcore-atacseq-wrapper	bam_genome	run/results/bwa/merged_library	samtools_stats/atac-b_REP1.mLb.mkD.sorted.bam.flagstat	42180928188d6176032f02f45f3516053b11692503ece1801219b224299031df	recorded at run: manifest field outputs[].members	exact	supplied at packaging from the default comparison mode (decision 0283)	-	computed at packaging from bytes matching the record: none, this mode needs none
atacseq_bulk.01_nfcore-atacseq-wrapper	bam_genome	run/results/bwa/merged_library	samtools_stats/atac-b_REP1.mLb.mkD.sorted.bam.idxstats	ae179c7695860198fe5a309b20ce548e4b12cec3e28fe8c502899ee1a487d4b4	recorded at run: manifest field outputs[].members	exact	supplied at packaging from the default comparison mode (decision 0283)	-	computed at packaging from bytes matching the record: none, this mode needs none
atacseq_bulk.01_nfcore-atacseq-wrapper	bam_genome	run/results/bwa/merged_library	samtools_stats/atac-b_REP1.mLb.mkD.sorted.bam.stats	d4508a83193580704d7c81dd587242361a0a7c67894bdff59bba2fba36ec6c45	recorded at run: manifest field outputs[].members	exact	supplied at packaging from the default comparison mode (decision 0283)	-	computed at packaging from bytes matching the record: none, this mode needs none
atacseq_bulk.01_nfcore-atacseq-wrapper	bam_genome	run/results/bwa/merged_library	samtools_stats/atac-b_REP2.mLb.clN.sorted.bam.flagstat	269745d1412b1d5a95fda70b63bf0d56945b5ce827a3e385926b339a65e11226	recorded at run: manifest field outputs[].members	exact	supplied at packaging from the default comparison mode (decision 0283)	-	computed at packaging from bytes matching the record: none, this mode needs none
atacseq_bulk.01_nfcore-atacseq-wrapper	bam_genome	run/results/bwa/merged_library	samtools_stats/atac-b_REP2.mLb.clN.sorted.bam.idxstats	f89664107fc9e77cfe2a5cbe73661405e8beeeae0b301182886e46149ffe73d1	recorded at run: manifest field outputs[].members	exact	supplied at packaging from the default comparison mode (decision 0283)	-	computed at packaging from bytes matching the record: none, this mode needs none
atacseq_bulk.01_nfcore-atacseq-wrapper	bam_genome	run/results/bwa/merged_library	samtools_stats/atac-b_REP2.mLb.clN.sorted.bam.stats	cc56eadf7e8ac1e15db7b8aff50df8da72bbe59ecf12150cab0b5baa0f8c2443	recorded at run: manifest field outputs[].members	exact	supplied at packaging from the default comparison mode (decision 0283)	-	computed at packaging from bytes matching the record: none, this mode needs none
atacseq_bulk.01_nfcore-atacseq-wrapper	bam_genome	run/results/bwa/merged_library	samtools_stats/atac-b_REP2.mLb.mkD.sorted.bam.flagstat	c36cc380c6881be919c3f87e6c67dd4a8f7fea14256d73c6acf4a89f4ec24564	recorded at run: manifest field outputs[].members	exact	supplied at packaging from the default comparison mode (decision 0283)	-	computed at packaging from bytes matching the record: none, this mode needs none
atacseq_bulk.01_nfcore-atacseq-wrapper	bam_genome	run/results/bwa/merged_library	samtools_stats/atac-b_REP2.mLb.mkD.sorted.bam.idxstats	f16f5080603606618fd8df2af6bcf3b2242c77be71d11120d64b455d81e99837	recorded at run: manifest field outputs[].members	exact	supplied at packaging from the default comparison mode (decision 0283)	-	computed at packaging from bytes matching the record: none, this mode needs none
atacseq_bulk.01_nfcore-atacseq-wrapper	bam_genome	run/results/bwa/merged_library	samtools_stats/atac-b_REP2.mLb.mkD.sorted.bam.stats	e60e18bd9252efe7e8cae89c64f31044e88f36e4af22856fb0732a32549ac076	recorded at run: manifest field outputs[].members	exact	supplied at packaging from the default comparison mode (decision 0283)	-	computed at packaging from bytes matching the record: none, this mode needs none
atacseq_bulk.01_nfcore-atacseq-wrapper	qc_multiqc	run/results/multiqc/narrow_peak/multiqc_report.html	.	withheld	withheld: the file holds a run bucket name and an account id, so its outputs sha256 is cited by field name only (presence compares no hash)	presence	supplied at packaging from the lane file outputs/package-tolerances.json, shipped in this package	-	computed at packaging from bytes matching the record: none, this mode needs none
