chr	start	end	interval_id	num_peaks	num_samples	atac-a_REP1.mLb.clN.bool	atac-a_REP2.mLb.clN.bool	atac-b_REP1.mLb.clN.bool	atac-b_REP2.mLb.clN.bool	atac-a_REP1.mLb.clN.fc	atac-a_REP2.mLb.clN.fc	atac-b_REP1.mLb.clN.fc	atac-b_REP2.mLb.clN.fc	atac-a_REP1.mLb.clN.qval	atac-a_REP2.mLb.clN.qval	atac-b_REP1.mLb.clN.qval	atac-b_REP2.mLb.clN.qval	atac-a_REP1.mLb.clN.pval	atac-a_REP2.mLb.clN.pval	atac-b_REP1.mLb.clN.pval	atac-b_REP2.mLb.clN.pval	atac-a_REP1.mLb.clN.start	atac-a_REP2.mLb.clN.start	atac-b_REP1.mLb.clN.start	atac-b_REP2.mLb.clN.start	atac-a_REP1.mLb.clN.end	atac-a_REP2.mLb.clN.end	atac-b_REP1.mLb.clN.end	atac-b_REP2.mLb.clN.end	atac-a_REP1.mLb.clN.summit	atac-a_REP2.mLb.clN.summit	atac-b_REP1.mLb.clN.summit	atac-b_REP2.mLb.clN.summit
I	46	709	Interval_1	4	4	TRUE	TRUE	TRUE	TRUE	11.6087	11.2165	6.56922	5.7976	21.8523	21.2853	7.5235	5.71363	25.8805	25.2103	10.3084	8.47482	68	46	83	100	623	567	709	708	173	155	479	38
I	9532	9765	Interval_2	1	1	FALSE	FALSE	FALSE	TRUE	NA	NA	NA	3.16233	NA	NA	NA	1.70397	NA	NA	NA	3.47083	NA	NA	NA	9532	NA	NA	NA	9765	NA	NA	NA	5
I	20761	21069	Interval_3	3	3	TRUE	FALSE	TRUE	TRUE	5.88567	NA	5.05325	4.74349	5.82349	NA	4.75515	3.98495	8.38997	NA	7.03726	6.33242	20778	NA	20761	20761	21067	NA	21069	21067	133	NA	150	165
I	32496	33161	Interval_4	2	2	TRUE	FALSE	TRUE	FALSE	4.07578	NA	3.83021	NA	3.39476	NA	3.1198	NA	5.50607	NA	5.1211	NA	32944	NA	32496	NA	33161	NA	32985	NA	44	NA	199	NA
I	34391	34702	Interval_5	1	1	TRUE	FALSE	FALSE	FALSE	4.80953	NA	NA	NA	4.81681	NA	NA	NA	7.18122	NA	NA	NA	34391	NA	NA	NA	34702	NA	NA	NA	120	NA	NA	NA
I	45336	45913	Interval_6	4	4	TRUE	TRUE	TRUE	TRUE	4.70853	7.07313	5.00897	5.96411	3.88981	8.12553	4.92247	6.16969	6.11827	11.1297	7.22011	9.02253	45352	45396	45336	45396	45913	45760	45722	45580	119	132	94	50
I	58133	58790	Interval_7	2	2	TRUE	TRUE	FALSE	FALSE	4.0833	4.13808	NA	NA	2.98369	2.91682	NA	NA	4.99531	5.08493	NA	NA	58133	58528	NA	NA	58790	58764	NA	NA	207	50	NA	NA
I	68155	68916	Interval_8	4	4	TRUE	TRUE	TRUE	TRUE	4.9154	5.02343	6.40224	6.2403	6.28717	6.35456	9.16851	8.23922	8.91411	9.11065	12.3097	11.6262	68171	68171	68178	68155	68672	68552	68916	68877	200	82	365	201
I	70968	71489	Interval_9	4	4	TRUE	TRUE	TRUE	TRUE	4.14785	4.33032	3.95357	3.64801	4.59007	4.76845	3.71451	3.00377	6.91076	7.24029	5.78793	5.05	70970	70968	70968	71197	71260	71489	71223	71459	200	229	236	134
I	76010	76268	Interval_10	1	1	FALSE	FALSE	FALSE	TRUE	NA	NA	NA	3.0754	NA	NA	NA	1.67837	NA	NA	NA	3.33919	NA	NA	NA	76010	NA	NA	NA	76268	NA	NA	NA	71
I	92621	92821	Interval_11	1	1	FALSE	FALSE	FALSE	TRUE	NA	NA	NA	4.21644	NA	NA	NA	3.18267	NA	NA	NA	5.32648	NA	NA	NA	92621	NA	NA	NA	92821	NA	NA	NA	147
I	108836	109033	Interval_12	1	1	TRUE	FALSE	FALSE	FALSE	3.5314	NA	NA	NA	2.15114	NA	NA	NA	4.04885	NA	NA	NA	108836	NA	NA	NA	109033	NA	NA	NA	7	NA	NA	NA
I	114667	114989	Interval_13	1	1	FALSE	FALSE	TRUE	FALSE	NA	NA	4.0426	NA	NA	NA	3.06233	NA	NA	NA	5.05527	NA	NA	NA	114667	NA	NA	NA	114989	NA	NA	NA	281	NA
I	132149	132327	Interval_14	1	1	TRUE	FALSE	FALSE	FALSE	2.94283	NA	NA	NA	1.39059	NA	NA	NA	3.10747	NA	NA	NA	132149	NA	NA	NA	132327	NA	NA	NA	72	NA	NA	NA
I	139067	139303	Interval_15	1	1	FALSE	FALSE	FALSE	TRUE	NA	NA	NA	4.74349	NA	NA	NA	3.98495	NA	NA	NA	6.33242	NA	NA	NA	139067	NA	NA	NA	139303	NA	NA	NA	54
I	141544	142142	Interval_16	4	4	TRUE	TRUE	TRUE	TRUE	6.3493	8.23656	3.5646	5.2429	8.13156	12.0018	2.46063	4.83411	11.031	15.4155	4.32297	7.33901	141651	141752	141544	141744	142142	142076	141826	142044	199	98	33	183
I	143476	143677	Interval_17	1	1	TRUE	FALSE	FALSE	FALSE	2.74167	NA	NA	NA	1.34788	NA	NA	NA	2.9472	NA	NA	NA	143476	NA	NA	NA	143677	NA	NA	NA	26	NA	NA	NA
I	160084	160283	Interval_18	1	1	FALSE	FALSE	TRUE	FALSE	NA	NA	3.03195	NA	NA	NA	1.5793	NA	NA	NA	3.27389	NA	NA	NA	160084	NA	NA	NA	160283	NA	NA	NA	105	NA
I	165808	166474	Interval_19	3	3	TRUE	TRUE	TRUE	FALSE	4.11997	6.5027	4.54792	NA	2.98981	6.81614	3.88729	NA	5.05521	9.63742	6.02386	NA	166198	165808	166202	NA	166459	166474	166422	NA	105	486	173	NA
I	180942	181356	Interval_20	3	3	TRUE	TRUE	TRUE	FALSE	7.88209	5.62402	4.22825	NA	10.3492	5.37233	3.48265	NA	13.536	7.95574	5.52583	NA	180942	181079	181079	NA	181356	181329	181288	NA	219	199	82	NA
I	182297	182504	Interval_21	1	1	TRUE	FALSE	FALSE	FALSE	3.39288	NA	NA	NA	2.10329	NA	NA	NA	3.91714	NA	NA	NA	182297	NA	NA	NA	182504	NA	NA	NA	88	NA	NA	NA
I	190006	190756	Interval_22	4	4	TRUE	TRUE	TRUE	TRUE	6.11162	6.3335	7.80459	4.76354	6.58811	8.01855	11.4987	4.19613	9.25944	11.0048	15.1544	6.5808	190074	190006	190037	190074	190566	190753	190756	190657	316	337	269	187
I	198126	198701	Interval_23	1	1	FALSE	TRUE	FALSE	FALSE	NA	5.32039	NA	NA	NA	4.76845	NA	NA	NA	7.27049	NA	NA	NA	198126	NA	NA	NA	198701	NA	NA	NA	438	NA	NA
I	210937	211168	Interval_24	2	2	FALSE	TRUE	FALSE	TRUE	NA	4.13808	NA	6.85171	NA	2.91682	NA	7.5231	NA	5.08493	NA	10.7669	NA	210958	NA	210937	NA	211168	NA	211130	NA	21	NA	101
I	229476	230166	Interval_25	3	3	TRUE	TRUE	FALSE	TRUE	8.5846	9.44619	NA	6.32466	11.3809	14.3057	NA	6.60525	14.6905	17.8846	NA	9.60369	229507	229476	NA	229689	230104	230166	NA	230102	182	214	NA	377
II	75	353	Interval_26	1	1	FALSE	TRUE	FALSE	FALSE	NA	6.5027	NA	NA	NA	6.81614	NA	NA	NA	9.63742	NA	NA	NA	75	NA	NA	NA	353	NA	NA	NA	71	NA	NA
II	5673	6335	Interval_27	4	4	TRUE	TRUE	TRUE	TRUE	10.7259	9.24948	5.05325	5.27055	18.1867	12.7218	4.75515	4.83411	22.0865	16.1997	7.03726	7.38324	5673	5700	5785	5805	6335	6327	6295	6258	227	238	370	53
II	8286	8504	Interval_28	1	1	FALSE	FALSE	TRUE	FALSE	NA	NA	4.01304	NA	NA	NA	3.06233	NA	NA	NA	5.00948	NA	NA	NA	8286	NA	NA	NA	8504	NA	NA	NA	6	NA
II	28403	29192	Interval_29	4	4	TRUE	TRUE	TRUE	TRUE	2.94283	3.54693	5.05325	4.21644	1.39059	2.08643	4.75515	3.18267	3.10747	4.07399	7.03726	5.32648	28501	28906	28510	28403	28920	29192	28898	28960	174	84	148	343
II	36132	36779	Interval_30	4	4	TRUE	TRUE	TRUE	TRUE	7.65137	5.32039	6.56922	4.74349	9.072	4.76845	7.5235	3.98495	12.0972	7.27049	10.3084	6.33242	36132	36411	36302	36289	36626	36779	36626	36574	288	129	284	133
II	45097	45535	Interval_31	4	4	TRUE	TRUE	TRUE	TRUE	4.87444	5.317	4.98707	4.10054	4.87576	5.4042	4.89172	3.08194	7.28514	7.99073	7.18555	5.14529	45097	45258	45100	45100	45490	45490	45343	45535	353	170	218	403
II	60843	61149	Interval_32	3	3	TRUE	TRUE	FALSE	TRUE	5.2971	4.72924	NA	6.32466	4.83045	3.8235	NA	6.60525	7.23157	6.15258	NA	9.60369	60879	60859	NA	60843	61112	61140	NA	61149	68	33	NA	38
II	69401	69597	Interval_33	1	1	TRUE	FALSE	FALSE	FALSE	3.5314	NA	NA	NA	2.15114	NA	NA	NA	4.04885	NA	NA	NA	69401	NA	NA	NA	69597	NA	NA	NA	139	NA	NA	NA
II	89292	89858	Interval_34	3	3	TRUE	TRUE	TRUE	FALSE	7.90711	8.22298	5.05325	NA	10.0533	11.1482	4.75515	NA	13.189	14.5068	7.03726	NA	89292	89539	89564	NA	89790	89858	89808	NA	338	103	33	NA
II	101251	101998	Interval_35	1	1	FALSE	FALSE	TRUE	FALSE	NA	NA	5.05325	NA	NA	NA	4.75515	NA	NA	NA	7.03726	NA	NA	NA	101251	NA	NA	NA	101998	NA	NA	NA	501	NA
II	107529	107778	Interval_36	1	1	TRUE	FALSE	FALSE	FALSE	4.11997	NA	NA	NA	2.98981	NA	NA	NA	5.05521	NA	NA	NA	107529	NA	NA	NA	107778	NA	NA	NA	57	NA	NA	NA
II	116580	117402	Interval_37	3	3	TRUE	TRUE	FALSE	TRUE	4.70853	4.13808	NA	5.27055	3.88981	2.91682	NA	4.83411	6.11827	5.08493	NA	7.38324	116879	116933	NA	116580	117402	117247	NA	117247	40	134	NA	450
II	135755	136269	Interval_38	4	4	TRUE	TRUE	TRUE	TRUE	5.99197	6.50254	4.75109	6.72874	7.28375	7.9262	5.06008	8.88449	10.0709	10.9041	7.37651	12.4613	135755	135798	135831	135756	136237	136256	136237	136269	390	263	56	240
II	140506	141185	Interval_39	4	4	TRUE	TRUE	TRUE	TRUE	5.09168	3.8818	5.40221	7.55454	5.45001	3.02318	6.23941	11.2625	7.93228	5.20215	8.75785	15.1871	140600	140512	140551	140506	141185	141116	141098	140805	203	242	196	189
II	159774	160060	Interval_40	3	3	TRUE	FALSE	TRUE	TRUE	5.53813	NA	5.98869	6.40286	5.34464	NA	7.34368	7.24724	7.81531	NA	10.0655	10.3802	159779	NA	159776	159774	160040	NA	160060	160052	106	NA	182	175
II	164940	165465	Interval_41	4	4	TRUE	TRUE	TRUE	TRUE	5.49617	4.44403	6.62404	4.62953	7.18169	4.45254	10.1767	4.90741	9.95348	6.86848	13.5392	7.46998	165107	164940	164996	165107	165442	165370	165392	165465	137	374	266	204
II	168008	168321	Interval_42	3	3	TRUE	FALSE	TRUE	TRUE	5.18959	NA	5.25049	5.81797	6.71762	NA	6.86846	7.62453	9.40994	NA	9.51879	10.8882	168013	NA	168008	168008	168308	NA	168284	168321	140	NA	201	110
II	193448	194041	Interval_43	4	4	TRUE	TRUE	TRUE	TRUE	4.76513	5.2077	9.43888	8.03127	4.11091	4.63928	13.8483	10.3465	6.36678	7.08311	17.8725	14.1932	193641	193448	193448	193597	193826	193867	193911	194041	157	336	303	153
II	197281	197559	Interval_44	1	1	TRUE	FALSE	FALSE	FALSE	4.07441	NA	NA	NA	3.03563	NA	NA	NA	5.10466	NA	NA	NA	197281	NA	NA	NA	197559	NA	NA	NA	195	NA	NA	NA
II	201941	203461	Interval_45	5	4	TRUE	TRUE	TRUE	TRUE	3.50579;4.72358	6.19292	6.6339	6.60431	2.1879;4.0517	6.59762	8.82944	7.23316	4.08849;6.30084	9.3905	11.8951	10.3651	202199;203190	201952	201941	203139	202483;203461	203359	203443	203352	198;139	1278	529	65
II	221347	221558	Interval_46	1	1	FALSE	TRUE	FALSE	FALSE	NA	3.54693	NA	NA	NA	2.08643	NA	NA	NA	4.07399	NA	NA	NA	221347	NA	NA	NA	221558	NA	NA	NA	109	NA	NA
II	227170	227640	Interval_47	1	1	FALSE	FALSE	TRUE	FALSE	NA	NA	5.05325	NA	NA	NA	4.75515	NA	NA	NA	7.03726	NA	NA	NA	227170	NA	NA	NA	227640	NA	NA	NA	3	NA
II	251077	251523	Interval_48	4	4	TRUE	TRUE	TRUE	TRUE	4.71413	3.45257	3.53727	4.59257	4.23335	2.08643	2.28985	3.83562	6.50333	4.00754	4.13652	6.09399	251323	251108	251077	251339	251501	251437	251508	251523	105	233	327	92
II	255834	256429	Interval_49	3	3	TRUE	TRUE	FALSE	TRUE	5.98503	3.83265	NA	4.74349	6.41127	2.66662	NA	3.98495	9.05607	4.73171	NA	6.33242	255834	256067	NA	255872	256242	256429	NA	256120	269	31	NA	54
II	266295	266668	Interval_50	1	1	FALSE	FALSE	FALSE	TRUE	NA	NA	NA	3.68938	NA	NA	NA	2.41337	NA	NA	NA	4.37052	NA	NA	NA	266295	NA	NA	NA	266668	NA	NA	NA	106
II	269706	270138	Interval_51	2	2	FALSE	FALSE	TRUE	TRUE	NA	NA	8.57652	3.16233	NA	NA	12.2024	1.70397	NA	NA	15.9764	3.47083	NA	NA	269706	269756	NA	NA	270138	269982	NA	NA	342	3
II	281016	281255	Interval_52	1	1	FALSE	FALSE	TRUE	FALSE	NA	NA	4.0426	NA	NA	NA	3.06233	NA	NA	NA	5.05527	NA	NA	NA	281016	NA	NA	NA	281255	NA	NA	NA	156	NA
II	288190	288537	Interval_53	1	1	FALSE	FALSE	TRUE	FALSE	NA	NA	3.53727	NA	NA	NA	2.28985	NA	NA	NA	4.13652	NA	NA	NA	288190	NA	NA	NA	288537	NA	NA	NA	47	NA
II	292033	292366	Interval_54	1	1	TRUE	FALSE	FALSE	FALSE	3.5314	NA	NA	NA	2.15114	NA	NA	NA	4.04885	NA	NA	NA	292033	NA	NA	NA	292366	NA	NA	NA	215	NA	NA	NA
II	297966	298143	Interval_55	1	1	TRUE	FALSE	FALSE	FALSE	2.94283	NA	NA	NA	1.39059	NA	NA	NA	3.10747	NA	NA	NA	297966	NA	NA	NA	298143	NA	NA	NA	9	NA	NA	NA
II	332491	332691	Interval_56	1	1	FALSE	FALSE	FALSE	TRUE	NA	NA	NA	4.57221	NA	NA	NA	3.81032	NA	NA	NA	6.062	NA	NA	NA	332491	NA	NA	NA	332691	NA	NA	NA	91
II	340638	340862	Interval_57	1	1	FALSE	FALSE	TRUE	FALSE	NA	NA	2.73161	NA	NA	NA	1.36918	NA	NA	NA	2.93232	NA	NA	NA	340638	NA	NA	NA	340862	NA	NA	NA	186	NA
II	341584	342431	Interval_58	3	3	TRUE	FALSE	TRUE	TRUE	5.42337	NA	3.96195	4.35966	5.64518	NA	3.30364	3.53333	8.15996	NA	5.32787	5.72981	341584	NA	341630	342101	342395	NA	342148	342431	42	NA	152	23
II	347392	347731	Interval_59	1	1	FALSE	FALSE	FALSE	TRUE	NA	NA	NA	6.32466	NA	NA	NA	6.60525	NA	NA	NA	9.60369	NA	NA	NA	347392	NA	NA	NA	347731	NA	NA	NA	235
II	350849	351071	Interval_60	1	1	FALSE	FALSE	TRUE	FALSE	NA	NA	4.0426	NA	NA	NA	3.06233	NA	NA	NA	5.05527	NA	NA	NA	350849	NA	NA	NA	351071	NA	NA	NA	87	NA
II	356079	356881	Interval_61	3	3	FALSE	TRUE	TRUE	TRUE	NA	4.13808	5.55857	3.68938	NA	2.91682	5.65959	2.41337	NA	5.08493	8.09135	4.37052	NA	356079	356666	356343	NA	356764	356881	356741	NA	543	7	328
II	370916	371354	Interval_62	3	3	TRUE	FALSE	TRUE	TRUE	3.249	NA	4.18983	4.67662	1.91585	NA	4.2658	4.76254	3.70065	NA	6.44143	7.254	370948	NA	370965	370916	371254	NA	371354	371244	275	NA	174	284
II	375890	376256	Interval_63	3	3	TRUE	FALSE	TRUE	TRUE	4.18579	NA	3.98057	4.18301	3.74831	NA	4.40862	4.29529	5.91761	NA	6.60412	6.69979	376022	NA	375890	375905	376191	NA	376256	376149	118	NA	219	60
II	378658	379076	Interval_64	4	4	TRUE	TRUE	TRUE	TRUE	6.3511	5.43716	5.59267	4.69728	7.48261	5.56446	7.67593	5.00399	10.2968	8.18191	10.4872	7.58493	378658	378697	378771	378781	379076	378988	378988	379017	215	178	55	199
II	391729	391989	Interval_65	1	1	FALSE	FALSE	TRUE	FALSE	NA	NA	3.70803	NA	NA	NA	2.65547	NA	NA	NA	4.54121	NA	NA	NA	391729	NA	NA	NA	391989	NA	NA	NA	64	NA
II	392005	392847	Interval_66	4	4	TRUE	TRUE	TRUE	TRUE	5.27552	7.03495	6.54761	6.85171	4.8287	8.07338	7.78049	7.5231	7.19559	11.0669	10.6136	10.7669	392005	392410	392326	392446	392847	392727	392718	392716	531	130	223	161
II	405914	406310	Interval_67	2	2	TRUE	FALSE	FALSE	TRUE	4.68276	NA	NA	5.42592	3.99226	NA	NA	5.71363	6.2362	NA	NA	8.4721	406010	NA	NA	405914	406254	NA	NA	406310	61	NA	NA	138
II	408388	408951	Interval_68	3	3	TRUE	FALSE	TRUE	TRUE	8.3249	NA	7.18643	6.11029	11.0001	NA	9.93435	6.86493	14.2616	NA	13.2299	9.90833	408513	NA	408388	408429	408878	NA	408951	408951	175	NA	358	448
II	415364	415727	Interval_69	2	2	TRUE	FALSE	TRUE	FALSE	4.14454	NA	5.44515	NA	3.13262	NA	7.16491	NA	5.2139	NA	9.86376	NA	415404	NA	415364	NA	415727	NA	415716	NA	175	NA	143	NA
II	419335	419952	Interval_70	2	2	FALSE	FALSE	TRUE	TRUE	NA	NA	4.39476	5.57095	NA	NA	4.56634	6.45537	NA	NA	6.7862	9.37527	NA	NA	419345	419335	NA	NA	419952	419658	NA	NA	230	252
II	426572	427381	Interval_71	4	4	TRUE	TRUE	TRUE	TRUE	10.3495	4.13808	6.72976	8.79598	14.7591	2.91682	8.03626	12.7992	18.4723	5.08493	10.9076	16.8104	426572	426863	426786	426855	427105	427177	427381	427098	456	72	144	64
II	429341	429509	Interval_72	1	1	TRUE	FALSE	FALSE	FALSE	4.4925	NA	NA	NA	3.61458	NA	NA	NA	5.76549	NA	NA	NA	429341	NA	NA	NA	429509	NA	NA	NA	56	NA	NA	NA
II	444779	444998	Interval_73	1	1	TRUE	FALSE	FALSE	FALSE	4.70853	NA	NA	NA	3.88981	NA	NA	NA	6.11827	NA	NA	NA	444779	NA	NA	NA	444998	NA	NA	NA	52	NA	NA	NA
II	452195	452623	Interval_74	3	3	FALSE	TRUE	TRUE	TRUE	NA	4.72924	6.56922	5.7976	NA	3.8235	7.5235	5.71363	NA	6.15258	10.3084	8.47482	NA	452195	452207	452217	NA	452514	452623	452434	NA	152	106	133
II	454739	454928	Interval_75	1	1	TRUE	FALSE	FALSE	FALSE	3.5314	NA	NA	NA	2.15114	NA	NA	NA	4.04885	NA	NA	NA	454739	NA	NA	NA	454928	NA	NA	NA	106	NA	NA	NA
II	458461	458742	Interval_76	1	1	FALSE	FALSE	FALSE	TRUE	NA	NA	NA	4.94864	NA	NA	NA	4.44269	NA	NA	NA	6.87191	NA	NA	NA	458461	NA	NA	NA	458742	NA	NA	NA	235
II	466062	467127	Interval_77	4	4	TRUE	TRUE	TRUE	TRUE	6.83438	4.72924	6.9932	5.25374	7.60731	3.8235	10.0162	5.51933	10.4416	6.15258	13.3317	8.19456	466062	466208	466158	466173	466568	466599	467127	466594	401	145	315	167
II	474215	474466	Interval_78	1	1	FALSE	TRUE	FALSE	FALSE	NA	4.37645	NA	NA	NA	3.35894	NA	NA	NA	5.57952	NA	NA	NA	474215	NA	NA	NA	474466	NA	NA	NA	4	NA	NA
II	476623	476868	Interval_79	1	1	FALSE	FALSE	FALSE	TRUE	NA	NA	NA	4.93663	NA	NA	NA	4.83411	NA	NA	NA	7.38457	NA	NA	NA	476623	NA	NA	NA	476868	NA	NA	NA	175
II	477124	477593	Interval_80	4	4	TRUE	TRUE	TRUE	TRUE	7.29985	4.93224	7.01529	5.7594	9.15601	4.43097	8.70363	6.42878	12.1973	6.84606	11.7357	9.34042	477124	477173	477173	477141	477485	477593	477464	477413	90	268	24	143
II	483526	483832	Interval_81	1	1	FALSE	TRUE	FALSE	FALSE	NA	5.32039	NA	NA	NA	4.76845	NA	NA	NA	7.27049	NA	NA	NA	483526	NA	NA	NA	483832	NA	NA	NA	38	NA	NA
II	490165	491124	Interval_82	4	4	TRUE	TRUE	TRUE	TRUE	6.47424	2.95577	6.24367	5.64946	6.85857	1.3324	7.99403	6.82374	9.58927	3.12805	10.8561	9.85982	490633	490913	490165	490215	491063	491118	491124	491030	93	20	779	491
II	504474	504766	Interval_83	4	4	TRUE	TRUE	TRUE	TRUE	4.70853	3.54693	5.55857	5.27055	3.88981	2.08643	5.65959	4.83411	6.11827	4.07399	8.09135	7.38324	504562	504480	504534	504474	504748	504748	504766	504663	89	86	74	50
II	539881	540085	Interval_84	1	1	FALSE	TRUE	FALSE	FALSE	NA	3.54693	NA	NA	NA	2.08643	NA	NA	NA	4.07399	NA	NA	NA	539881	NA	NA	NA	540085	NA	NA	NA	4	NA	NA
II	544576	544832	Interval_85	1	1	FALSE	FALSE	FALSE	TRUE	NA	NA	NA	4.65474	NA	NA	NA	3.9207	NA	NA	NA	6.19194	NA	NA	NA	544576	NA	NA	NA	544832	NA	NA	NA	43
II	547550	547845	Interval_86	1	1	FALSE	FALSE	FALSE	TRUE	NA	NA	NA	4.21644	NA	NA	NA	3.18267	NA	NA	NA	5.32648	NA	NA	NA	547550	NA	NA	NA	547845	NA	NA	NA	17
II	554751	556178	Interval_87	5	4	TRUE	TRUE	TRUE	TRUE	3.36578;8.17404	6.04291	7.65566	6.86021	2.06912;11.1425	6.96349	9.87485	8.11831	3.87622;14.4267	9.7995	13.1668	11.4844	554759;555686	555424	554788	554751	554969;556178	556142	555963	555883	3;196	259	576	596
II	560925	561692	Interval_88	3	3	TRUE	FALSE	TRUE	TRUE	2.87486	NA	4.3873	3.87525	1.39059	NA	3.70218	2.7892	3.0004	NA	5.77283	4.79708	561504	NA	561322	560925	561692	NA	561554	561360	12	NA	92	153
II	564904	565190	Interval_89	4	4	TRUE	TRUE	TRUE	TRUE	5.19957	4.95052	4.36677	4.62888	4.72803	4.27244	3.67444	4.01664	7.06969	6.66352	5.74086	6.36988	564915	564915	564904	564928	565190	565146	565161	565146	95	170	74	114
II	581467	581853	Interval_90	1	1	FALSE	FALSE	TRUE	FALSE	NA	NA	3.36488	NA	NA	NA	2.11589	NA	NA	NA	3.87486	NA	NA	NA	581467	NA	NA	NA	581853	NA	NA	NA	36	NA
II	589253	589587	Interval_91	2	2	FALSE	FALSE	TRUE	TRUE	NA	NA	4.5737	4.26944	NA	NA	4.12448	3.41281	NA	NA	6.2836	5.58968	NA	NA	589331	589253	NA	NA	589587	589527	NA	NA	158	60
II	592895	593091	Interval_92	1	1	FALSE	FALSE	FALSE	TRUE	NA	NA	NA	3.89045	NA	NA	NA	3.14146	NA	NA	NA	5.21573	NA	NA	NA	592895	NA	NA	NA	593091	NA	NA	NA	41
II	595621	595995	Interval_93	3	3	TRUE	FALSE	TRUE	TRUE	5.88567	NA	7.79583	6.26067	5.82349	NA	11.1099	7.35045	8.38997	NA	14.6842	10.5105	595680	NA	595695	595621	595890	NA	595890	595995	154	NA	80	140
II	605887	606173	Interval_94	4	4	TRUE	TRUE	TRUE	TRUE	3.87827	4.35334	6.78718	3.92805	2.97573	3.4841	9.04202	3.01308	4.98565	5.71998	12.1501	5.06232	605892	605897	605887	605896	606122	606173	606171	606127	112	66	74	173
II	614156	615763	Interval_95	5	4	TRUE	TRUE	TRUE	TRUE	7.39777	4.93941	5.64111;4.29252	3.86422	9.65461	4.66535	6.84441;3.94338	3.10461	12.7468	7.11037	9.49191;6.0876	5.17454	614172	614259	614172;615177	614156	614376	615289	614541;615763	614349	108	50	134;50	157
II	624791	625658	Interval_96	4	4	TRUE	TRUE	TRUE	TRUE	4.14454	5.05664	4.69805	6.21308	3.13262	4.60582	4.29806	7.85937	5.2139	7.04264	6.47815	11.1882	624997	624847	624977	624791	625498	625658	625457	625203	148	149	167	308
II	628533	628811	Interval_97	2	2	FALSE	FALSE	TRUE	TRUE	NA	NA	5.48844	5.70024	NA	NA	5.81134	6.60525	NA	NA	8.2635	9.58997	NA	NA	628609	628533	NA	NA	628811	628801	NA	NA	42	147
II	633479	633855	Interval_98	1	1	FALSE	FALSE	FALSE	TRUE	NA	NA	NA	4.21644	NA	NA	NA	3.18267	NA	NA	NA	5.32648	NA	NA	NA	633479	NA	NA	NA	633855	NA	NA	NA	240
II	642516	643088	Interval_99	3	3	TRUE	TRUE	TRUE	FALSE	4.91647	4.72924	6.56922	NA	4.32635	3.8235	7.5235	NA	6.6087	6.15258	10.3084	NA	642674	642682	642516	NA	642995	642967	643088	NA	130	75	447	NA
II	644894	645445	Interval_100	1	1	TRUE	FALSE	FALSE	FALSE	5.38939	NA	NA	NA	5.13046	NA	NA	NA	7.5742	NA	NA	NA	644894	NA	NA	NA	645445	NA	NA	NA	204	NA	NA	NA
II	651024	651289	Interval_101	1	1	FALSE	FALSE	FALSE	TRUE	NA	NA	NA	4.74349	NA	NA	NA	3.98495	NA	NA	NA	6.33242	NA	NA	NA	651024	NA	NA	NA	651289	NA	NA	NA	165
II	661962	662130	Interval_102	1	1	TRUE	FALSE	FALSE	FALSE	2.94283	NA	NA	NA	1.39059	NA	NA	NA	3.10747	NA	NA	NA	661962	NA	NA	NA	662130	NA	NA	NA	19	NA	NA	NA
II	662491	662853	Interval_103	2	2	TRUE	FALSE	FALSE	TRUE	4.59977	NA	NA	6.43323	3.76797	NA	NA	7.00411	5.9395	NA	NA	10.0889	662491	NA	NA	662581	662745	NA	NA	662853	213	NA	NA	79
II	668278	668960	Interval_104	3	2	TRUE	TRUE	FALSE	FALSE	3.5314;4.70853	4.72924	NA	NA	2.15114;3.88981	3.8235	NA	NA	4.04885;6.11827	6.15258	NA	NA	668292;668730	668278	NA	NA	668464;668960	668806	NA	NA	14;46	344	NA	NA
II	680166	681135	Interval_105	3	3	FALSE	TRUE	TRUE	TRUE	NA	4.95663	4.86591	5.07129	NA	4.46547	4.96835	4.81825	NA	6.88452	7.27149	7.31848	NA	680379	680166	680168	NA	681135	680459	680705	NA	351	49	307
II	681906	682100	Interval_106	1	1	FALSE	FALSE	TRUE	FALSE	NA	NA	4.71827	NA	NA	NA	4.75515	NA	NA	NA	7.03483	NA	NA	NA	681906	NA	NA	NA	682100	NA	NA	NA	122	NA
II	697470	698008	Interval_107	3	3	TRUE	TRUE	FALSE	TRUE	4.89427	5.3537	NA	5.19537	4.29384	4.98671	NA	4.76921	6.57303	7.5167	NA	7.26312	697608	697620	NA	697470	697939	698008	NA	697692	87	37	NA	72
II	702265	702834	Interval_108	1	1	FALSE	FALSE	TRUE	FALSE	NA	NA	4.83894	NA	NA	NA	4.71225	NA	NA	NA	6.95189	NA	NA	NA	702265	NA	NA	NA	702834	NA	NA	NA	93	NA
II	706919	707298	Interval_109	1	1	TRUE	FALSE	FALSE	FALSE	4.11997	NA	NA	NA	2.98981	NA	NA	NA	5.05521	NA	NA	NA	706919	NA	NA	NA	707298	NA	NA	NA	337	NA	NA	NA
II	718216	718517	Interval_110	1	1	TRUE	FALSE	FALSE	FALSE	4.70853	NA	NA	NA	3.88981	NA	NA	NA	6.11827	NA	NA	NA	718216	NA	NA	NA	718517	NA	NA	NA	119	NA	NA	NA
II	761000	761196	Interval_111	1	1	TRUE	FALSE	FALSE	FALSE	6.47424	NA	NA	NA	6.85857	NA	NA	NA	9.58927	NA	NA	NA	761000	NA	NA	NA	761196	NA	NA	NA	62	NA	NA	NA
II	770614	771163	Interval_112	2	2	FALSE	FALSE	TRUE	TRUE	NA	NA	5.28767	7.90582	NA	NA	5.3012	9.46846	NA	NA	7.66063	13.1869	NA	NA	770614	770677	NA	NA	770814	771163	NA	NA	129	112
II	792123	792299	Interval_113	1	1	TRUE	FALSE	FALSE	FALSE	3.5314	NA	NA	NA	2.15114	NA	NA	NA	4.04885	NA	NA	NA	792123	NA	NA	NA	792299	NA	NA	NA	90	NA	NA	NA
II	798740	799163	Interval_114	2	2	TRUE	TRUE	FALSE	FALSE	5.88567	4.72924	NA	NA	5.82349	3.8235	NA	NA	8.38997	6.15258	NA	NA	798959	798740	NA	NA	799163	799150	NA	NA	74	232	NA	NA
II	805003	805248	Interval_115	1	1	FALSE	FALSE	FALSE	TRUE	NA	NA	NA	4.21644	NA	NA	NA	3.18267	NA	NA	NA	5.32648	NA	NA	NA	805003	NA	NA	NA	805248	NA	NA	NA	229
III	371	1026	Interval_116	4	4	TRUE	TRUE	TRUE	TRUE	12.4336	9.83477	9.09585	5.27055	20.9253	15.8454	12.5346	4.83411	24.9339	19.5322	16.3751	7.38324	371	371	371	371	1022	848	1026	864	224	158	380	133
III	17004	17232	Interval_117	1	1	FALSE	FALSE	TRUE	FALSE	NA	NA	5.05325	NA	NA	NA	4.75515	NA	NA	NA	7.03726	NA	NA	NA	17004	NA	NA	NA	17232	NA	NA	NA	118	NA
III	22018	22238	Interval_118	1	1	FALSE	FALSE	TRUE	FALSE	NA	NA	3.53727	NA	NA	NA	2.28985	NA	NA	NA	4.13652	NA	NA	NA	22018	NA	NA	NA	22238	NA	NA	NA	198	NA
III	24403	24709	Interval_119	2	2	TRUE	FALSE	TRUE	FALSE	4.70853	NA	4.54792	NA	3.88981	NA	3.88729	NA	6.11827	NA	6.02386	NA	24423	NA	24403	NA	24709	NA	24660	NA	229	NA	63	NA
III	27397	27643	Interval_120	1	1	FALSE	FALSE	TRUE	FALSE	NA	NA	3.53727	NA	NA	NA	2.28985	NA	NA	NA	4.13652	NA	NA	NA	27397	NA	NA	NA	27643	NA	NA	NA	215	NA
III	31172	31358	Interval_121	1	1	TRUE	FALSE	FALSE	FALSE	3.5314	NA	NA	NA	2.15114	NA	NA	NA	4.04885	NA	NA	NA	31172	NA	NA	NA	31358	NA	NA	NA	129	NA	NA	NA
III	40599	40953	Interval_122	1	1	FALSE	FALSE	FALSE	TRUE	NA	NA	NA	3.68938	NA	NA	NA	2.41337	NA	NA	NA	4.37052	NA	NA	NA	40599	NA	NA	NA	40953	NA	NA	NA	56
III	48308	48524	Interval_123	1	1	TRUE	FALSE	FALSE	FALSE	3.23653	NA	NA	NA	1.90023	NA	NA	NA	3.68195	NA	NA	NA	48308	NA	NA	NA	48524	NA	NA	NA	145	NA	NA	NA
III	50380	50784	Interval_124	4	4	TRUE	TRUE	TRUE	TRUE	4.14533	6.11123	6.39799	5.49967	3.29597	6.76686	8.83141	6.36103	5.39754	9.57143	11.8977	9.25643	50442	50397	50390	50380	50663	50659	50709	50784	86	231	100	249
III	58639	58930	Interval_125	1	1	TRUE	FALSE	FALSE	FALSE	3.41719	NA	NA	NA	2.06041	NA	NA	NA	3.86618	NA	NA	NA	58639	NA	NA	NA	58930	NA	NA	NA	113	NA	NA	NA
III	63512	63685	Interval_126	1	1	TRUE	FALSE	FALSE	FALSE	3.24817	NA	NA	NA	1.83158	NA	NA	NA	3.60231	NA	NA	NA	63512	NA	NA	NA	63685	NA	NA	NA	103	NA	NA	NA
III	68540	68771	Interval_127	2	2	TRUE	TRUE	FALSE	FALSE	7.00621	8.62968	NA	NA	8.12037	11.0395	NA	NA	11.0197	14.3941	NA	NA	68542	68540	NA	NA	68766	68771	NA	NA	105	87	NA	NA
III	77645	77850	Interval_128	1	1	FALSE	TRUE	FALSE	FALSE	NA	3.0649	NA	NA	NA	1.50123	NA	NA	NA	3.32338	NA	NA	NA	77645	NA	NA	NA	77850	NA	NA	NA	119	NA	NA
III	78092	78936	Interval_129	4	4	TRUE	TRUE	TRUE	TRUE	6.89682	4.10747	7.74627	7.05732	8.25851	2.97953	11.4259	8.38812	11.1777	5.15608	15.0557	11.8038	78146	78146	78154	78092	78549	78580	78605	78936	245	160	239	298
III	105698	105878	Interval_130	1	1	TRUE	FALSE	FALSE	FALSE	3.39288	NA	NA	NA	2.10329	NA	NA	NA	3.91714	NA	NA	NA	105698	NA	NA	NA	105878	NA	NA	NA	46	NA	NA	NA
III	107158	107327	Interval_131	1	1	TRUE	FALSE	FALSE	FALSE	3.29989	NA	NA	NA	1.98345	NA	NA	NA	3.77701	NA	NA	NA	107158	NA	NA	NA	107327	NA	NA	NA	136	NA	NA	NA
III	122532	122999	Interval_132	2	2	TRUE	FALSE	TRUE	FALSE	4.37283	NA	5.78808	NA	4.20907	NA	7.05773	NA	6.47678	NA	9.73526	NA	122694	NA	122532	NA	122921	NA	122999	NA	132	NA	195	NA
III	123084	123994	Interval_133	4	4	TRUE	TRUE	TRUE	TRUE	6.15757	6.44158	4.87129	4.47125	8.18817	9.59468	5.2276	4.24191	11.0941	12.7903	7.57347	6.63649	123544	123378	123551	123084	123935	123994	123744	123951	75	174	96	383
III	127648	127885	Interval_134	1	1	FALSE	FALSE	FALSE	TRUE	NA	NA	NA	3.30294	NA	NA	NA	2.10491	NA	NA	NA	3.92646	NA	NA	NA	127648	NA	NA	NA	127885	NA	NA	NA	4
III	131707	131903	Interval_135	1	1	FALSE	FALSE	TRUE	FALSE	NA	NA	3.53727	NA	NA	NA	2.28985	NA	NA	NA	4.13652	NA	NA	NA	131707	NA	NA	NA	131903	NA	NA	NA	21	NA
III	137128	137803	Interval_136	4	4	TRUE	TRUE	TRUE	TRUE	7.46273	5.96119	7.81253	7.47658	10.4904	7.14998	11.9137	9.53928	13.6892	10.0204	15.6321	13.286	137128	137128	137134	137128	137561	137803	137473	137528	329	293	166	71
III	138387	138697	Interval_137	1	1	TRUE	FALSE	FALSE	FALSE	3.30539	NA	NA	NA	2.11498	NA	NA	NA	3.93015	NA	NA	NA	138387	NA	NA	NA	138697	NA	NA	NA	238	NA	NA	NA
III	163312	164287	Interval_138	5	4	TRUE	TRUE	TRUE	TRUE	4.73266	6.25796	4.0426;4.54792	5.83755	4.2584	6.97005	3.06233;3.88729	6.00476	6.53237	9.80693	5.05527;6.02386	8.81999	163312	163458	163578;164095	163578	164271	163966	163849;164287	163968	678	293	179;106	52
III	169750	170045	Interval_139	1	1	FALSE	TRUE	FALSE	FALSE	NA	3.54693	NA	NA	NA	2.08643	NA	NA	NA	4.07399	NA	NA	NA	169750	NA	NA	NA	170045	NA	NA	NA	111	NA	NA
III	176890	177230	Interval_140	1	1	FALSE	FALSE	TRUE	FALSE	NA	NA	2.96672	NA	NA	NA	1.57619	NA	NA	NA	3.17644	NA	NA	NA	176890	NA	NA	NA	177230	NA	NA	NA	121	NA
III	178258	178912	Interval_141	3	3	TRUE	TRUE	FALSE	TRUE	7.57907	5.26928	NA	6.32466	9.23984	4.87141	NA	6.60525	12.2914	7.3812	NA	9.60369	178328	178258	NA	178324	178729	178912	NA	178499	165	170	NA	59
III	178960	179347	Interval_142	1	1	TRUE	FALSE	FALSE	FALSE	4.91647	NA	NA	NA	4.32635	NA	NA	NA	6.6087	NA	NA	NA	178960	NA	NA	NA	179347	NA	NA	NA	323	NA	NA	NA
III	216413	216722	Interval_143	1	1	FALSE	FALSE	TRUE	FALSE	NA	NA	3.86349	NA	NA	NA	2.86393	NA	NA	NA	4.77902	NA	NA	NA	216413	NA	NA	NA	216722	NA	NA	NA	82	NA
III	223322	223812	Interval_144	1	1	TRUE	FALSE	FALSE	FALSE	3.77031	NA	NA	NA	2.83281	NA	NA	NA	4.8194	NA	NA	NA	223322	NA	NA	NA	223812	NA	NA	NA	443	NA	NA	NA
III	225070	225371	Interval_145	1	1	FALSE	FALSE	FALSE	TRUE	NA	NA	NA	3.13363	NA	NA	NA	1.88013	NA	NA	NA	3.67019	NA	NA	NA	225070	NA	NA	NA	225371	NA	NA	NA	36
III	227858	228254	Interval_146	2	2	TRUE	FALSE	FALSE	TRUE	3.85399	NA	NA	4.35337	3.08387	NA	NA	3.91544	5.15847	NA	NA	6.18428	227861	NA	NA	227858	228089	NA	NA	228254	13	NA	NA	143
III	228639	229038	Interval_147	1	1	FALSE	FALSE	FALSE	TRUE	NA	NA	NA	4.17378	NA	NA	NA	3.47266	NA	NA	NA	5.65922	NA	NA	NA	228639	NA	NA	NA	229038	NA	NA	NA	353
III	236310	236998	Interval_148	2	2	FALSE	TRUE	TRUE	FALSE	NA	4.59736	4.5737	NA	NA	3.81248	4.12448	NA	NA	6.10152	6.2836	NA	NA	236533	236310	NA	NA	236998	236625	NA	NA	372	168	NA
III	246655	246926	Interval_149	3	3	FALSE	TRUE	TRUE	TRUE	NA	4.72924	4.0426	3.68938	NA	3.8235	3.06233	2.41337	NA	6.15258	5.05527	4.37052	NA	246655	246660	246715	NA	246866	246926	246895	NA	61	161	11
III	262722	262932	Interval_150	1	1	FALSE	FALSE	FALSE	TRUE	NA	NA	NA	5.76719	NA	NA	NA	5.71363	NA	NA	NA	8.42581	NA	NA	NA	262722	NA	NA	NA	262932	NA	NA	NA	132
III	266499	266979	Interval_151	1	1	FALSE	FALSE	TRUE	FALSE	NA	NA	4.54792	NA	NA	NA	3.88729	NA	NA	NA	6.02386	NA	NA	NA	266499	NA	NA	NA	266979	NA	NA	NA	324	NA
III	295506	295719	Interval_152	1	1	FALSE	TRUE	FALSE	FALSE	NA	6.5027	NA	NA	NA	6.81614	NA	NA	NA	9.63742	NA	NA	NA	295506	NA	NA	NA	295719	NA	NA	NA	67	NA	NA
III	299159	299362	Interval_153	1	1	FALSE	FALSE	FALSE	TRUE	NA	NA	NA	3.68938	NA	NA	NA	2.41337	NA	NA	NA	4.37052	NA	NA	NA	299159	NA	NA	NA	299362	NA	NA	NA	29
III	315775	316518	Interval_154	4	4	TRUE	TRUE	TRUE	TRUE	9.84328	12.5731	7.07455	5.27055	14.395	23.5308	8.48005	4.83411	18.0651	27.5108	11.4659	7.38324	315787	315775	315874	316016	316518	316508	316474	316480	539	532	145	393
IV	92	812	Interval_155	2	2	TRUE	TRUE	FALSE	FALSE	10.5942	8.86732	NA	NA	15.1712	11.4115	NA	NA	18.8926	14.7999	NA	NA	184	92	NA	NA	812	606	NA	NA	79	175	NA	NA
IV	20017	20461	Interval_156	3	3	TRUE	TRUE	TRUE	FALSE	5.88567	4.13808	5.55857	NA	5.82349	2.91682	5.65959	NA	8.38997	5.08493	8.09135	NA	20017	20021	20068	NA	20461	20363	20337	NA	277	319	62	NA
IV	42383	42594	Interval_157	1	1	FALSE	TRUE	FALSE	FALSE	NA	4.13808	NA	NA	NA	2.91682	NA	NA	NA	5.08493	NA	NA	NA	42383	NA	NA	NA	42594	NA	NA	NA	87	NA	NA
IV	42595	42966	Interval_158	1	1	FALSE	FALSE	TRUE	FALSE	NA	NA	3.53727	NA	NA	NA	2.28985	NA	NA	NA	4.13652	NA	NA	NA	42595	NA	NA	NA	42966	NA	NA	NA	5	NA
IV	49415	49728	Interval_159	1	1	TRUE	FALSE	FALSE	FALSE	3.4831	NA	NA	NA	2.14603	NA	NA	NA	3.97111	NA	NA	NA	49415	NA	NA	NA	49728	NA	NA	NA	138	NA	NA	NA
IV	60998	61183	Interval_160	1	1	TRUE	FALSE	FALSE	FALSE	2.86119	NA	NA	NA	1.37344	NA	NA	NA	2.97909	NA	NA	NA	60998	NA	NA	NA	61183	NA	NA	NA	13	NA	NA	NA
IV	62132	62727	Interval_161	2	2	FALSE	FALSE	TRUE	TRUE	NA	NA	5.86268	4.84385	NA	NA	8.70363	4.95531	NA	NA	11.7353	7.52859	NA	NA	62132	62187	NA	NA	62648	62727	NA	NA	203	206
IV	70258	70439	Interval_162	1	1	FALSE	FALSE	FALSE	TRUE	NA	NA	NA	3.16233	NA	NA	NA	1.70397	NA	NA	NA	3.47083	NA	NA	NA	70258	NA	NA	NA	70439	NA	NA	NA	61
IV	76800	77182	Interval_163	2	2	FALSE	FALSE	TRUE	TRUE	NA	NA	6.83041	6.8395	NA	NA	8.47714	7.78358	NA	NA	11.4361	11.085	NA	NA	76800	76889	NA	NA	77054	77182	NA	NA	214	127
IV	83569	83840	Interval_164	1	1	FALSE	FALSE	TRUE	FALSE	NA	NA	3.53727	NA	NA	NA	2.28985	NA	NA	NA	4.13652	NA	NA	NA	83569	NA	NA	NA	83840	NA	NA	NA	256	NA
IV	97987	98593	Interval_165	2	2	TRUE	FALSE	TRUE	FALSE	4.11997	NA	3.03195	NA	2.98981	NA	1.5793	NA	5.05521	NA	3.27389	NA	98306	NA	97987	NA	98593	NA	98377	NA	63	NA	288	NA
IV	104515	104744	Interval_166	1	1	FALSE	FALSE	FALSE	TRUE	NA	NA	NA	3.68938	NA	NA	NA	2.41337	NA	NA	NA	4.37052	NA	NA	NA	104515	NA	NA	NA	104744	NA	NA	NA	208
IV	106614	107031	Interval_167	2	2	FALSE	FALSE	TRUE	TRUE	NA	NA	4.99214	4.74349	NA	NA	4.70362	3.98495	NA	NA	6.9406	6.33242	NA	NA	106693	106614	NA	NA	107031	106939	NA	NA	297	58
IV	117348	117590	Interval_168	2	2	TRUE	FALSE	FALSE	TRUE	5.05406	NA	NA	7.82854	4.51937	NA	NA	9.38813	6.83122	NA	NA	13.0599	117348	NA	NA	117408	117535	NA	NA	117590	162	NA	NA	66
IV	130477	130798	Interval_169	1	1	FALSE	TRUE	FALSE	FALSE	NA	5.3726	NA	NA	NA	5.22972	NA	NA	NA	7.79532	NA	NA	NA	130477	NA	NA	NA	130798	NA	NA	NA	152	NA	NA
IV	132788	133304	Interval_170	4	4	TRUE	TRUE	TRUE	TRUE	4.86657	3.43567	6.1546	5.4099	4.44062	2.07253	7.54777	5.9637	6.74263	3.9819	10.3373	8.77046	132843	132810	132788	132791	133304	133118	133186	133106	42	37	193	55
IV	147760	148092	Interval_171	1	1	FALSE	FALSE	FALSE	TRUE	NA	NA	NA	4.74029	NA	NA	NA	3.98495	NA	NA	NA	6.32734	NA	NA	NA	147760	NA	NA	NA	148092	NA	NA	NA	72
IV	156036	156247	Interval_172	1	1	FALSE	FALSE	FALSE	TRUE	NA	NA	NA	6.32466	NA	NA	NA	6.60525	NA	NA	NA	9.60369	NA	NA	NA	156036	NA	NA	NA	156247	NA	NA	NA	145
IV	159176	159437	Interval_173	1	1	FALSE	FALSE	FALSE	TRUE	NA	NA	NA	4.74349	NA	NA	NA	3.98495	NA	NA	NA	6.33242	NA	NA	NA	159176	NA	NA	NA	159437	NA	NA	NA	200
IV	199621	199915	Interval_174	1	1	FALSE	FALSE	TRUE	FALSE	NA	NA	5.55857	NA	NA	NA	5.65959	NA	NA	NA	8.09135	NA	NA	NA	199621	NA	NA	NA	199915	NA	NA	NA	170	NA
IV	202727	202914	Interval_175	1	1	FALSE	FALSE	FALSE	TRUE	NA	NA	NA	3.68938	NA	NA	NA	2.41337	NA	NA	NA	4.37052	NA	NA	NA	202727	NA	NA	NA	202914	NA	NA	NA	25
IV	212842	213064	Interval_176	1	1	FALSE	FALSE	FALSE	TRUE	NA	NA	NA	4.47704	NA	NA	NA	4.02626	NA	NA	NA	6.38032	NA	NA	NA	212842	NA	NA	NA	213064	NA	NA	NA	80
IV	215818	216032	Interval_177	1	1	TRUE	FALSE	FALSE	FALSE	5.38295	NA	NA	NA	5.58955	NA	NA	NA	8.09567	NA	NA	NA	215818	NA	NA	NA	216032	NA	NA	NA	78	NA	NA	NA
IV	217262	217487	Interval_178	2	2	TRUE	FALSE	TRUE	FALSE	3.72752	NA	4.73841	NA	2.6187	NA	4.57236	NA	4.57094	NA	6.79331	NA	217262	NA	217267	NA	217487	NA	217484	NA	196	NA	120	NA
IV	221954	222203	Interval_179	2	2	FALSE	TRUE	TRUE	FALSE	NA	5.3537	4.17154	NA	NA	4.98671	3.40476	NA	NA	7.5167	5.43806	NA	NA	221954	222011	NA	NA	222201	222203	NA	NA	61	104	NA
IV	227028	227361	Interval_180	2	2	TRUE	TRUE	FALSE	FALSE	3.90905	3.54693	NA	NA	2.85841	2.08643	NA	NA	4.84904	4.07399	NA	NA	227036	227028	NA	NA	227204	227361	NA	NA	104	15	NA	NA
IV	234210	234676	Interval_181	3	3	FALSE	TRUE	TRUE	TRUE	NA	4.55027	4.90133	4.76466	NA	3.60054	4.7674	4.41116	NA	5.85893	7.0503	6.83472	NA	234212	234361	234210	NA	234650	234676	234403	NA	50	210	73
IV	239603	240131	Interval_182	4	4	TRUE	TRUE	TRUE	TRUE	4.89427	4.09774	5.76769	6.28355	4.29384	2.89855	6.46675	7.38098	6.57303	5.01885	9.02081	10.5478	239688	239682	239834	239603	239994	240069	240129	240131	188	66	171	449
IV	245475	245749	Interval_183	1	1	FALSE	FALSE	TRUE	FALSE	NA	NA	3.88157	NA	NA	NA	2.88863	NA	NA	NA	4.80678	NA	NA	NA	245475	NA	NA	NA	245749	NA	NA	NA	206	NA
IV	258472	258791	Interval_184	1	1	FALSE	FALSE	TRUE	FALSE	NA	NA	5.55857	NA	NA	NA	5.65959	NA	NA	NA	8.09135	NA	NA	NA	258472	NA	NA	NA	258791	NA	NA	NA	244	NA
IV	263896	264216	Interval_185	1	1	FALSE	FALSE	TRUE	FALSE	NA	NA	4.0426	NA	NA	NA	3.06233	NA	NA	NA	5.05527	NA	NA	NA	263896	NA	NA	NA	264216	NA	NA	NA	305	NA
IV	272002	272252	Interval_186	1	1	FALSE	FALSE	FALSE	TRUE	NA	NA	NA	4.21644	NA	NA	NA	3.18267	NA	NA	NA	5.32648	NA	NA	NA	272002	NA	NA	NA	272252	NA	NA	NA	44
IV	301133	301520	Interval_187	1	1	TRUE	FALSE	FALSE	FALSE	2.84766	NA	NA	NA	1.35608	NA	NA	NA	2.95804	NA	NA	NA	301133	NA	NA	NA	301520	NA	NA	NA	344	NA	NA	NA
IV	302088	302301	Interval_188	1	1	TRUE	FALSE	FALSE	FALSE	2.86119	NA	NA	NA	1.37344	NA	NA	NA	2.97909	NA	NA	NA	302088	NA	NA	NA	302301	NA	NA	NA	50	NA	NA	NA
IV	302839	303064	Interval_189	2	2	FALSE	TRUE	TRUE	FALSE	NA	4.13808	4.96822	NA	NA	2.91682	4.66766	NA	NA	5.08493	6.90282	NA	NA	302848	302839	NA	NA	303054	303064	NA	NA	63	68	NA
IV	307906	308518	Interval_190	4	4	TRUE	TRUE	TRUE	TRUE	6.35221	10.6131	6.0307	5.69805	7.18431	17.5412	7.0925	6.3464	9.95845	21.354	9.77978	9.24075	307906	307906	307908	307906	308518	308302	308189	308302	106	139	164	107
IV	314738	314973	Interval_191	1	1	FALSE	FALSE	TRUE	FALSE	NA	NA	4.54792	NA	NA	NA	3.88729	NA	NA	NA	6.02386	NA	NA	NA	314738	NA	NA	NA	314973	NA	NA	NA	109	NA
IV	321566	322118	Interval_192	4	4	TRUE	TRUE	TRUE	TRUE	6.91337	5.24172	10.6743	7.37877	7.9781	4.83003	16.7808	8.48009	10.8676	7.33712	20.9252	11.9621	321566	321744	321728	321754	322101	322087	322118	322118	221	63	270	247
IV	330359	330970	Interval_193	4	4	TRUE	TRUE	TRUE	TRUE	7.65137	4.79273	7.34671	5.2429	9.072	4.0516	9.13863	4.83411	12.0972	6.4107	12.2735	7.33901	330617	330539	330579	330359	330968	330938	330956	330970	238	64	191	498
IV	341307	341510	Interval_194	1	1	FALSE	FALSE	TRUE	FALSE	NA	NA	4.54792	NA	NA	NA	3.88729	NA	NA	NA	6.02386	NA	NA	NA	341307	NA	NA	NA	341510	NA	NA	NA	45	NA
IV	357094	357809	Interval_195	4	4	TRUE	TRUE	TRUE	TRUE	4.90623	4.8605	4.28652	3.68821	4.49594	4.33431	3.56502	2.53589	6.80507	6.73309	5.61618	4.51099	357300	357150	357094	357105	357565	357809	357383	357497	12	215	156	330
IV	363510	363806	Interval_196	1	1	FALSE	FALSE	TRUE	FALSE	NA	NA	3.32189	NA	NA	NA	2.18401	NA	NA	NA	3.95514	NA	NA	NA	363510	NA	NA	NA	363806	NA	NA	NA	236	NA
IV	366227	366481	Interval_197	1	1	FALSE	FALSE	TRUE	FALSE	NA	NA	3.51825	NA	NA	NA	2.73241	NA	NA	NA	4.62799	NA	NA	NA	366227	NA	NA	NA	366481	NA	NA	NA	86	NA
IV	368791	369211	Interval_198	4	4	TRUE	TRUE	TRUE	TRUE	5.98999	4.51058	4.76789	3.66303	6.96938	3.85039	5.08364	2.66309	9.71396	6.18498	7.40411	4.65413	368791	368794	368804	368835	369211	369202	369136	369098	234	236	92	26
IV	385822	386056	Interval_199	1	1	FALSE	FALSE	FALSE	TRUE	NA	NA	NA	3.68938	NA	NA	NA	2.41337	NA	NA	NA	4.37052	NA	NA	NA	385822	NA	NA	NA	386056	NA	NA	NA	166
IV	386059	387079	Interval_200	2	2	TRUE	TRUE	FALSE	FALSE	4.0248	3.51361	NA	NA	2.90344	2.23859	NA	NA	4.90044	4.24557	NA	NA	386059	386425	NA	NA	387079	386923	NA	NA	295	216	NA	NA
IV	392373	392664	Interval_201	1	1	FALSE	FALSE	TRUE	FALSE	NA	NA	4.54792	NA	NA	NA	3.88729	NA	NA	NA	6.02386	NA	NA	NA	392373	NA	NA	NA	392664	NA	NA	NA	194	NA
IV	392676	392847	Interval_202	1	1	TRUE	FALSE	FALSE	FALSE	4.11997	NA	NA	NA	2.98981	NA	NA	NA	5.05521	NA	NA	NA	392676	NA	NA	NA	392847	NA	NA	NA	42	NA	NA	NA
IV	410689	411799	Interval_203	4	4	TRUE	TRUE	TRUE	TRUE	6.23257	6.4872	5.40335	4.67247	8.29869	8.22791	9.49433	6.49396	11.2212	11.2585	12.7129	9.41917	410689	411040	410710	410739	411551	411609	411643	411799	777	335	589	103
IV	412293	412577	Interval_204	1	1	FALSE	FALSE	FALSE	TRUE	NA	NA	NA	3.12427	NA	NA	NA	2.75388	NA	NA	NA	4.75588	NA	NA	NA	412293	NA	NA	NA	412577	NA	NA	NA	126
IV	437736	438214	Interval_205	1	1	TRUE	FALSE	FALSE	FALSE	5.27552	NA	NA	NA	4.8287	NA	NA	NA	7.19559	NA	NA	NA	437736	NA	NA	NA	438214	NA	NA	NA	257	NA	NA	NA
IV	461497	461775	Interval_206	1	1	FALSE	TRUE	FALSE	FALSE	NA	3.68849	NA	NA	NA	2.34991	NA	NA	NA	4.36914	NA	NA	NA	461497	NA	NA	NA	461775	NA	NA	NA	27	NA	NA
IV	465087	465489	Interval_207	4	4	TRUE	TRUE	TRUE	TRUE	5.65012	5.50058	6.43752	8.16813	5.71047	5.19416	8.26194	11.3713	8.23776	7.7542	11.1766	15.3023	465087	465117	465122	465147	465472	465452	465489	465450	69	169	163	145
IV	483738	483972	Interval_208	1	1	FALSE	FALSE	FALSE	TRUE	NA	NA	NA	4.21644	NA	NA	NA	3.18267	NA	NA	NA	5.32648	NA	NA	NA	483738	NA	NA	NA	483972	NA	NA	NA	196
IV	485396	485878	Interval_209	2	2	TRUE	FALSE	TRUE	FALSE	3.89461	NA	4.51467	NA	2.72465	NA	3.87757	NA	4.69212	NA	5.97174	NA	485396	NA	485499	NA	485577	NA	485878	NA	127	NA	81	NA
IV	488499	489347	Interval_210	1	1	FALSE	TRUE	FALSE	FALSE	NA	5.78633	NA	NA	NA	5.59991	NA	NA	NA	8.22388	NA	NA	NA	488499	NA	NA	NA	489347	NA	NA	NA	447	NA	NA
IV	491107	491418	Interval_211	3	3	TRUE	FALSE	TRUE	TRUE	5.56372	NA	6.60722	6.32466	5.38139	NA	7.86156	6.60525	7.85706	NA	10.7098	9.60369	491216	NA	491158	491107	491418	NA	491379	491417	57	NA	96	113
IV	501091	501596	Interval_212	2	2	TRUE	TRUE	FALSE	FALSE	2.94283	4.13808	NA	NA	1.39059	2.91682	NA	NA	3.10747	5.08493	NA	NA	501400	501091	NA	NA	501596	501407	NA	NA	32	150	NA	NA
IV	507279	507597	Interval_213	3	3	FALSE	TRUE	TRUE	TRUE	NA	4.81833	4.11633	3.94189	NA	4.08667	3.32634	2.87582	NA	6.45151	5.35272	4.8996	NA	507342	507334	507279	NA	507597	507561	507561	NA	135	117	109
IV	512267	512446	Interval_214	1	1	FALSE	FALSE	FALSE	TRUE	NA	NA	NA	6.32466	NA	NA	NA	6.60525	NA	NA	NA	9.60369	NA	NA	NA	512267	NA	NA	NA	512446	NA	NA	NA	107
IV	521088	521337	Interval_215	1	1	FALSE	TRUE	FALSE	FALSE	NA	3.54693	NA	NA	NA	2.08643	NA	NA	NA	4.07399	NA	NA	NA	521088	NA	NA	NA	521337	NA	NA	NA	3	NA	NA
IV	524816	525168	Interval_216	3	3	TRUE	FALSE	TRUE	TRUE	5.2971	NA	4.0426	4.21644	4.83045	NA	3.06233	3.18267	7.23157	NA	5.05527	5.32648	524816	NA	524837	524891	525167	NA	525168	525160	120	NA	286	52
IV	538851	539685	Interval_217	4	4	TRUE	TRUE	TRUE	TRUE	4.58837	5.8883	6.17705	6.91276	4.05636	5.75385	9.16995	9.85605	6.30653	8.39438	12.3129	13.6236	538978	539037	538851	538900	539607	539685	539607	539658	118	108	284	409
IV	546040	546311	Interval_218	2	2	TRUE	FALSE	FALSE	TRUE	3.09309	NA	NA	3.70156	1.83657	NA	NA	3.07532	3.60879	NA	NA	5.13742	546040	NA	NA	546099	546215	NA	NA	546311	164	NA	NA	27
IV	550772	551608	Interval_219	4	4	TRUE	TRUE	TRUE	TRUE	6.72618	6.8047	7.86379	4.84385	8.67841	8.04086	11.5807	4.95531	11.651	11.0287	15.2543	7.52859	550772	550879	550772	550842	551440	551376	551608	551416	182	186	505	66
IV	556606	556920	Interval_220	3	3	FALSE	TRUE	TRUE	TRUE	NA	7.37699	6.56922	5.13323	NA	8.8633	7.5235	4.86209	NA	11.9591	10.3084	7.41631	NA	556619	556690	556606	NA	556920	556911	556879	NA	110	96	177
IV	562661	562886	Interval_221	1	1	FALSE	FALSE	FALSE	TRUE	NA	NA	NA	3.68938	NA	NA	NA	2.41337	NA	NA	NA	4.37052	NA	NA	NA	562661	NA	NA	NA	562886	NA	NA	NA	164
IV	568768	568980	Interval_222	1	1	TRUE	FALSE	FALSE	FALSE	5.2971	NA	NA	NA	4.83045	NA	NA	NA	7.23157	NA	NA	NA	568768	NA	NA	NA	568980	NA	NA	NA	86	NA	NA	NA
IV	569985	570458	Interval_223	1	1	FALSE	FALSE	FALSE	TRUE	NA	NA	NA	4.21644	NA	NA	NA	3.18267	NA	NA	NA	5.32648	NA	NA	NA	569985	NA	NA	NA	570458	NA	NA	NA	31
IV	591620	592330	Interval_224	4	4	TRUE	TRUE	TRUE	TRUE	6.57404	7.39836	4.74194	4.47714	7.80229	9.20249	6.09753	5.19248	10.6563	12.3574	8.5951	7.79886	591657	591620	591650	591814	592302	592330	592276	592286	97	295	258	458
IV	593320	593740	Interval_225	2	2	FALSE	FALSE	TRUE	TRUE	NA	NA	5.47562	3.72871	NA	NA	8.12776	3.46317	NA	NA	11.0066	5.64793	NA	NA	593320	593372	NA	NA	593740	593607	NA	NA	136	205
IV	599838	600671	Interval_226	4	4	TRUE	TRUE	TRUE	TRUE	8.23986	6.31481	6.73457	5.35026	11.2363	7.33442	10.6883	6.97563	14.5344	10.2383	14.1716	10.0492	599863	599863	599838	599858	600671	600430	600429	600608	208	293	409	48
IV	616430	616647	Interval_227	1	1	FALSE	FALSE	TRUE	FALSE	NA	NA	4.54792	NA	NA	NA	3.88729	NA	NA	NA	6.02386	NA	NA	NA	616430	NA	NA	NA	616647	NA	NA	NA	75	NA
IV	635677	636545	Interval_228	2	2	FALSE	FALSE	TRUE	TRUE	NA	NA	7.11958	7.39104	NA	NA	10.1839	8.77555	NA	NA	13.547	12.3455	NA	NA	635677	635742	NA	NA	636496	636545	NA	NA	598	490
IV	690638	690969	Interval_229	1	1	TRUE	FALSE	FALSE	FALSE	4.11997	NA	NA	NA	2.98981	NA	NA	NA	5.05521	NA	NA	NA	690638	NA	NA	NA	690969	NA	NA	NA	284	NA	NA	NA
IV	704080	704264	Interval_230	1	1	TRUE	FALSE	FALSE	FALSE	3.5314	NA	NA	NA	2.15114	NA	NA	NA	4.04885	NA	NA	NA	704080	NA	NA	NA	704264	NA	NA	NA	151	NA	NA	NA
IV	721663	722126	Interval_231	4	4	TRUE	TRUE	TRUE	TRUE	6.47424	4.13808	7.64455	5.4435	6.85857	2.91682	10.892	5.28083	9.58927	5.08493	14.4316	7.90798	721788	721663	721746	721778	722123	722086	722053	722126	235	182	118	48
IV	722422	722901	Interval_232	3	3	TRUE	FALSE	TRUE	TRUE	4.11997	NA	3.55218	4.39682	2.98981	NA	2.60426	3.58014	5.05521	NA	4.48318	5.78766	722621	NA	722422	722577	722901	NA	722867	722775	166	NA	396	80
IV	755209	755530	Interval_233	1	1	FALSE	FALSE	TRUE	FALSE	NA	NA	4.0426	NA	NA	NA	3.06233	NA	NA	NA	5.05527	NA	NA	NA	755209	NA	NA	NA	755530	NA	NA	NA	131	NA
IV	768964	769627	Interval_234	4	4	TRUE	TRUE	TRUE	TRUE	6.37512	6.18642	5.531	8.89841	7.51405	6.35283	6.13741	12.9624	10.3355	9.1088	8.64105	16.98	769205	769197	768964	769129	769591	769627	769393	769479	180	191	144	259
IV	794093	794392	Interval_235	1	1	FALSE	FALSE	TRUE	FALSE	NA	NA	5.55857	NA	NA	NA	5.65959	NA	NA	NA	8.09135	NA	NA	NA	794093	NA	NA	NA	794392	NA	NA	NA	274	NA
IV	806077	806710	Interval_236	2	2	FALSE	FALSE	TRUE	TRUE	NA	NA	6.56922	4.74349	NA	NA	7.5235	3.98495	NA	NA	10.3084	6.33242	NA	NA	806195	806077	NA	NA	806710	806528	NA	NA	106	176
IV	811747	812081	Interval_237	4	4	TRUE	TRUE	TRUE	TRUE	7.67198	4.72924	5.55857	7.04984	9.70459	3.8235	5.65959	8.06578	12.8035	6.15258	8.09135	11.4257	811761	811761	811771	811747	812026	812031	812081	811988	199	163	190	48
IV	817778	817979	Interval_238	1	1	FALSE	FALSE	TRUE	FALSE	NA	NA	4.0426	NA	NA	NA	3.06233	NA	NA	NA	5.05527	NA	NA	NA	817778	NA	NA	NA	817979	NA	NA	NA	100	NA
IV	835795	836535	Interval_239	4	4	TRUE	TRUE	TRUE	TRUE	5.84977	5.8883	4.54792	6.04272	5.96973	5.75385	3.88729	6.27313	8.55906	8.39438	6.02386	9.14866	835946	835805	835888	835795	836340	836231	836271	836535	65	180	152	357
IV	866766	867232	Interval_240	2	2	FALSE	FALSE	TRUE	TRUE	NA	NA	5.68923	4.11896	NA	NA	6.08617	3.10461	NA	NA	8.58326	5.17398	NA	NA	866790	866766	NA	NA	867232	867095	NA	NA	48	95
IV	867627	868025	Interval_241	3	3	TRUE	FALSE	TRUE	TRUE	3.5314	NA	7.17718	4.59257	2.15114	NA	8.91768	3.83562	4.04885	NA	11.9982	6.09399	867681	NA	867627	867629	868025	NA	868013	868018	35	NA	318	258
IV	884445	884658	Interval_242	2	2	TRUE	TRUE	FALSE	FALSE	3.5314	4.13808	NA	NA	2.15114	2.91682	NA	NA	4.04885	5.08493	NA	NA	884445	884447	NA	NA	884658	884650	NA	NA	8	71	NA	NA
IV	889140	889397	Interval_243	1	1	FALSE	FALSE	FALSE	TRUE	NA	NA	NA	4.05146	NA	NA	NA	3.17323	NA	NA	NA	5.25259	NA	NA	NA	889140	NA	NA	NA	889397	NA	NA	NA	221
IV	893742	894396	Interval_244	3	3	FALSE	TRUE	TRUE	TRUE	NA	4.72924	7.07741	3.97344	NA	3.8235	9.77257	3.07217	NA	6.15258	13.0478	5.13227	NA	893998	893876	893742	NA	894198	894396	894321	NA	63	330	447
IV	909214	909683	Interval_245	3	3	TRUE	FALSE	TRUE	TRUE	4.59977	NA	5.49136	5.71491	3.76797	NA	5.59101	5.64647	5.9395	NA	7.98416	8.34171	909243	NA	909475	909214	909683	NA	909676	909640	348	NA	131	354
IV	914707	915189	Interval_246	2	2	TRUE	FALSE	FALSE	TRUE	6.1201	NA	NA	5.27055	6.36174	NA	NA	4.83411	8.99957	NA	NA	7.38324	914707	NA	NA	914844	915056	NA	NA	915189	288	NA	NA	135
IV	923995	924226	Interval_247	1	1	FALSE	FALSE	FALSE	TRUE	NA	NA	NA	4.74349	NA	NA	NA	3.98495	NA	NA	NA	6.33242	NA	NA	NA	923995	NA	NA	NA	924226	NA	NA	NA	53
IV	926987	927257	Interval_248	1	1	FALSE	FALSE	TRUE	FALSE	NA	NA	4.99334	NA	NA	NA	5.65959	NA	NA	NA	8.08219	NA	NA	NA	926987	NA	NA	NA	927257	NA	NA	NA	53	NA
IV	930516	930896	Interval_249	3	3	TRUE	TRUE	FALSE	TRUE	5.79305	5.86102	NA	4.50162	6.13635	6.14229	NA	3.90318	8.74889	8.8575	NA	6.17099	930526	930516	NA	930517	930892	930896	NA	930892	64	125	NA	12
IV	946334	946537	Interval_250	1	1	TRUE	FALSE	FALSE	FALSE	5.2971	NA	NA	NA	4.83045	NA	NA	NA	7.23157	NA	NA	NA	946334	NA	NA	NA	946537	NA	NA	NA	55	NA	NA	NA
IV	954157	954405	Interval_251	1	1	FALSE	FALSE	TRUE	FALSE	NA	NA	3.67517	NA	NA	NA	2.61016	NA	NA	NA	4.49113	NA	NA	NA	954157	NA	NA	NA	954405	NA	NA	NA	47	NA
IV	955044	955521	Interval_252	3	3	TRUE	FALSE	TRUE	TRUE	4.11997	NA	4.62316	6.72794	2.98981	NA	4.41506	8.54584	5.05521	NA	6.61136	12.0517	955221	NA	955044	955171	955516	NA	955521	955521	113	NA	243	118
IV	959974	960208	Interval_253	1	1	TRUE	FALSE	FALSE	FALSE	5.2971	NA	NA	NA	4.83045	NA	NA	NA	7.23157	NA	NA	NA	959974	NA	NA	NA	960208	NA	NA	NA	159	NA	NA	NA
IV	968860	969058	Interval_254	1	1	FALSE	FALSE	TRUE	FALSE	NA	NA	3.53727	NA	NA	NA	2.28985	NA	NA	NA	4.13652	NA	NA	NA	968860	NA	NA	NA	969058	NA	NA	NA	157	NA
IV	976257	977018	Interval_255	4	4	TRUE	TRUE	TRUE	TRUE	5.36537	6.01762	7.41607	5.35985	5.09682	6.12074	9.54714	5.40674	7.5355	8.83173	12.7766	8.0589	976389	976291	976257	976355	976705	976984	977018	976835	64	98	90	287
IV	992853	993072	Interval_256	1	1	TRUE	FALSE	FALSE	FALSE	5.2971	NA	NA	NA	4.83045	NA	NA	NA	7.23157	NA	NA	NA	992853	NA	NA	NA	993072	NA	NA	NA	178	NA	NA	NA
IV	998530	998722	Interval_257	1	1	FALSE	FALSE	TRUE	FALSE	NA	NA	4.0426	NA	NA	NA	3.06233	NA	NA	NA	5.05527	NA	NA	NA	998530	NA	NA	NA	998722	NA	NA	NA	28	NA
IV	1011407	1012157	Interval_258	4	4	TRUE	TRUE	TRUE	TRUE	5.11609	4.43902	4.39476	4.72107	5.2161	3.59757	4.56634	4.82681	7.67089	5.85346	6.7862	7.32718	1011407	1011500	1011518	1011530	1011885	1012157	1011885	1011787	275	124	166	66
IV	1013797	1014074	Interval_259	3	3	TRUE	FALSE	TRUE	TRUE	4.56056	NA	4.98953	3.5974	4.24119	NA	5.92155	2.75222	6.51244	NA	8.39422	4.75366	1013797	NA	1013851	1013892	1013981	NA	1014074	1014069	62	NA	40	13
IV	1016041	1016281	Interval_260	1	1	FALSE	FALSE	FALSE	TRUE	NA	NA	NA	3.58615	NA	NA	NA	2.7357	NA	NA	NA	4.73581	NA	NA	NA	1016041	NA	NA	NA	1016281	NA	NA	NA	107
IV	1022332	1022563	Interval_261	1	1	TRUE	FALSE	FALSE	FALSE	3.5314	NA	NA	NA	2.15114	NA	NA	NA	4.04885	NA	NA	NA	1022332	NA	NA	NA	1022563	NA	NA	NA	191	NA	NA	NA
IV	1030331	1030574	Interval_262	1	1	TRUE	FALSE	FALSE	FALSE	3.5314	NA	NA	NA	2.15114	NA	NA	NA	4.04885	NA	NA	NA	1030331	NA	NA	NA	1030574	NA	NA	NA	3	NA	NA	NA
IV	1031778	1032111	Interval_263	1	1	FALSE	TRUE	FALSE	FALSE	NA	3.54693	NA	NA	NA	2.08643	NA	NA	NA	4.07399	NA	NA	NA	1031778	NA	NA	NA	1032111	NA	NA	NA	7	NA	NA
IV	1055826	1056347	Interval_264	4	4	TRUE	TRUE	TRUE	TRUE	6.47424	4.13808	7.57987	4.21644	6.85857	2.91682	9.442	3.18267	9.58927	5.08493	12.6531	5.32648	1055826	1055952	1055949	1055994	1056347	1056192	1056241	1056208	179	137	117	115
IV	1059105	1059406	Interval_265	1	1	FALSE	TRUE	FALSE	FALSE	NA	3.53298	NA	NA	NA	2.08643	NA	NA	NA	4.05139	NA	NA	NA	1059105	NA	NA	NA	1059406	NA	NA	NA	131	NA	NA
IV	1075172	1075528	Interval_266	1	1	TRUE	FALSE	FALSE	FALSE	5.88567	NA	NA	NA	5.82349	NA	NA	NA	8.38997	NA	NA	NA	1075172	NA	NA	NA	1075528	NA	NA	NA	278	NA	NA	NA
IV	1080403	1080900	Interval_267	4	4	TRUE	TRUE	TRUE	TRUE	4.70853	5.91154	6.56922	4.74349	3.88981	5.76732	7.5235	3.98495	6.11827	8.4335	10.3084	6.33242	1080408	1080403	1080493	1080514	1080797	1080900	1080797	1080779	132	140	204	90
IV	1086928	1087456	Interval_268	2	2	FALSE	FALSE	TRUE	TRUE	NA	NA	3.53727	4.21644	NA	NA	2.28985	3.18267	NA	NA	4.13652	5.32648	NA	NA	1086928	1087143	NA	NA	1087197	1087456	NA	NA	229	249
IV	1135383	1135592	Interval_269	1	1	TRUE	FALSE	FALSE	FALSE	3.5314	NA	NA	NA	2.15114	NA	NA	NA	4.04885	NA	NA	NA	1135383	NA	NA	NA	1135592	NA	NA	NA	198	NA	NA	NA
IV	1150615	1150925	Interval_270	3	3	TRUE	TRUE	TRUE	FALSE	4.11997	5.32039	4.54792	NA	2.98981	4.76845	3.88729	NA	5.05521	7.27049	6.02386	NA	1150676	1150639	1150615	NA	1150889	1150925	1150909	NA	103	245	187	NA
IV	1156259	1156508	Interval_271	1	1	FALSE	FALSE	FALSE	TRUE	NA	NA	NA	3.68938	NA	NA	NA	2.41337	NA	NA	NA	4.37052	NA	NA	NA	1156259	NA	NA	NA	1156508	NA	NA	NA	132
IV	1161741	1162169	Interval_272	1	1	FALSE	FALSE	FALSE	TRUE	NA	NA	NA	3.51839	NA	NA	NA	2.37632	NA	NA	NA	4.25283	NA	NA	NA	1161741	NA	NA	NA	1162169	NA	NA	NA	9
IV	1164867	1165713	Interval_273	4	4	TRUE	TRUE	TRUE	TRUE	7.69191	6.25849	5.35654	6.75181	11.216	7.25377	6.72894	8.28951	14.5108	10.1475	9.35882	11.693	1164920	1164875	1164867	1164867	1165713	1165383	1165311	1165242	199	202	261	212
IV	1174433	1175038	Interval_274	1	1	FALSE	TRUE	FALSE	FALSE	NA	4.13808	NA	NA	NA	2.91682	NA	NA	NA	5.08493	NA	NA	NA	1174433	NA	NA	NA	1175038	NA	NA	NA	499	NA	NA
IV	1175751	1175945	Interval_275	1	1	TRUE	FALSE	FALSE	FALSE	5.2971	NA	NA	NA	4.83045	NA	NA	NA	7.23157	NA	NA	NA	1175751	NA	NA	NA	1175945	NA	NA	NA	157	NA	NA	NA
IV	1183094	1183535	Interval_276	2	2	TRUE	FALSE	TRUE	FALSE	4.11997	NA	3.53727	NA	2.98981	NA	2.28985	NA	5.05521	NA	4.13652	NA	1183133	NA	1183094	NA	1183502	NA	1183535	NA	225	NA	45	NA
IV	1189735	1189940	Interval_277	1	1	FALSE	FALSE	FALSE	TRUE	NA	NA	NA	3.68938	NA	NA	NA	2.41337	NA	NA	NA	4.37052	NA	NA	NA	1189735	NA	NA	NA	1189940	NA	NA	NA	135
IV	1194971	1195379	Interval_278	3	3	TRUE	FALSE	TRUE	TRUE	4.70853	NA	4.54792	6.85171	3.88981	NA	3.88729	7.5231	6.11827	NA	6.02386	10.7669	1194997	NA	1195016	1194971	1195379	NA	1195321	1195342	230	NA	211	310
IV	1201666	1201951	Interval_279	1	1	TRUE	FALSE	FALSE	FALSE	4.11997	NA	NA	NA	2.98981	NA	NA	NA	5.05521	NA	NA	NA	1201666	NA	NA	NA	1201951	NA	NA	NA	148	NA	NA	NA
IV	1213226	1213498	Interval_280	1	1	FALSE	FALSE	FALSE	TRUE	NA	NA	NA	3.68938	NA	NA	NA	2.41337	NA	NA	NA	4.37052	NA	NA	NA	1213226	NA	NA	NA	1213498	NA	NA	NA	50
IV	1226600	1226849	Interval_281	1	1	TRUE	FALSE	FALSE	FALSE	4.11997	NA	NA	NA	2.98981	NA	NA	NA	5.05521	NA	NA	NA	1226600	NA	NA	NA	1226849	NA	NA	NA	58	NA	NA	NA
IV	1233649	1233985	Interval_282	2	2	FALSE	FALSE	TRUE	TRUE	NA	NA	6.56922	3.71812	NA	NA	7.5235	2.57555	NA	NA	10.3084	4.5566	NA	NA	1233649	1233696	NA	NA	1233985	1233888	NA	NA	224	32
IV	1242256	1243023	Interval_283	4	4	TRUE	TRUE	TRUE	TRUE	6.2568	4.83121	8.19482	4.71657	7.34876	4.51433	12.4704	4.57783	10.1447	6.9397	16.2843	7.03208	1242256	1242318	1242363	1242261	1242923	1242922	1243009	1243023	221	393	561	603
IV	1251735	1251955	Interval_284	1	1	TRUE	FALSE	FALSE	FALSE	7.0628	NA	NA	NA	7.94416	NA	NA	NA	10.826	NA	NA	NA	1251735	NA	NA	NA	1251955	NA	NA	NA	44	NA	NA	NA
IV	1266583	1267382	Interval_285	3	3	TRUE	FALSE	TRUE	TRUE	4.00567	NA	5.55857	5.53916	2.87718	NA	5.65959	5.40674	4.86959	NA	8.09135	8.06037	1266952	NA	1266583	1266777	1267382	NA	1267188	1267043	274	NA	374	180
IV	1278734	1280011	Interval_286	5	4	TRUE	TRUE	TRUE	TRUE	6.00902	3.54693;3.54693	4.96094	6.01862	6.20014	2.08643;2.08643	5.35597	6.74202	8.8177	4.07399;4.07399	7.71977	9.76025	1278782	1278737;1279387	1278734	1279420	1279063	1279092;1279633	1279674	1280011	92	101;39	67	113
IV	1288989	1289508	Interval_287	2	2	FALSE	FALSE	TRUE	TRUE	NA	NA	6.0639	4.21644	NA	NA	6.58199	3.18267	NA	NA	9.18268	5.32648	NA	NA	1288989	1289028	NA	NA	1289495	1289508	NA	NA	250	187
IV	1300784	1301723	Interval_288	4	4	TRUE	TRUE	TRUE	TRUE	7.63952	6.5027	5.97215	4.21644	9.65719	6.81614	6.72247	3.18267	12.7505	9.63742	9.34847	5.32648	1301021	1300784	1301073	1300967	1301499	1301507	1301723	1301160	313	614	261	126
IV	1317760	1317989	Interval_289	1	1	FALSE	FALSE	TRUE	FALSE	NA	NA	4.0426	NA	NA	NA	3.06233	NA	NA	NA	5.05527	NA	NA	NA	1317760	NA	NA	NA	1317989	NA	NA	NA	120	NA
IV	1318905	1319332	Interval_290	2	2	TRUE	FALSE	TRUE	FALSE	2.94283	NA	4.0426	NA	1.39059	NA	3.06233	NA	3.10747	NA	5.05527	NA	1318905	NA	1319116	NA	1319120	NA	1319332	NA	41	NA	186	NA
IV	1337742	1338006	Interval_291	1	1	FALSE	FALSE	FALSE	TRUE	NA	NA	NA	4.67584	NA	NA	NA	3.95036	NA	NA	NA	6.22526	NA	NA	NA	1337742	NA	NA	NA	1338006	NA	NA	NA	223
IV	1345370	1345999	Interval_292	3	3	TRUE	FALSE	TRUE	TRUE	4.11997	NA	7.57987	7.86435	2.98981	NA	9.442	9.43682	5.05521	NA	12.6531	13.1187	1345382	NA	1345370	1345411	1345597	NA	1345603	1345999	54	NA	66	91
IV	1350062	1350304	Interval_293	1	1	FALSE	FALSE	FALSE	TRUE	NA	NA	NA	4.49257	NA	NA	NA	3.70717	NA	NA	NA	5.93714	NA	NA	NA	1350062	NA	NA	NA	1350304	NA	NA	NA	46
IV	1355662	1355910	Interval_294	3	3	TRUE	TRUE	FALSE	TRUE	7.17161	3.81442	NA	5.5636	9.68798	2.64229	NA	5.44198	12.7853	4.70379	NA	8.09938	1355707	1355662	NA	1355662	1355910	1355880	NA	1355895	52	75	NA	98
IV	1359565	1359807	Interval_295	2	2	TRUE	TRUE	FALSE	FALSE	6.1764	5.58872	NA	NA	7.54907	5.76732	NA	NA	10.3729	8.42313	NA	NA	1359565	1359598	NA	NA	1359799	1359807	NA	NA	177	154	NA	NA
IV	1362351	1362633	Interval_296	3	3	TRUE	FALSE	TRUE	TRUE	4.45189	NA	6.51561	5.87556	3.7099	NA	8.05205	6.83852	5.87355	NA	10.9254	9.87953	1362431	NA	1362404	1362351	1362629	NA	1362633	1362608	30	NA	147	124
IV	1366987	1367330	Interval_297	1	1	FALSE	FALSE	FALSE	TRUE	NA	NA	NA	3.11444	NA	NA	NA	1.72859	NA	NA	NA	3.49964	NA	NA	NA	1366987	NA	NA	NA	1367330	NA	NA	NA	180
IV	1384778	1385186	Interval_298	1	1	TRUE	FALSE	FALSE	FALSE	4.04411	NA	NA	NA	2.9294	NA	NA	NA	4.93167	NA	NA	NA	1384778	NA	NA	NA	1385186	NA	NA	NA	125	NA	NA	NA
IV	1385719	1385972	Interval_299	1	1	TRUE	FALSE	FALSE	FALSE	4.68935	NA	NA	NA	3.88981	NA	NA	NA	6.08655	NA	NA	NA	1385719	NA	NA	NA	1385972	NA	NA	NA	172	NA	NA	NA
IV	1386674	1386891	Interval_300	1	1	FALSE	FALSE	TRUE	FALSE	NA	NA	4.0426	NA	NA	NA	3.06233	NA	NA	NA	5.05527	NA	NA	NA	1386674	NA	NA	NA	1386891	NA	NA	NA	66	NA
IV	1401324	1401700	Interval_301	4	4	TRUE	TRUE	TRUE	TRUE	8.70092	7.15075	5.55857	6.58683	11.5475	8.22739	5.65959	7.49771	14.8838	11.2578	8.09135	10.6769	1401381	1401349	1401324	1401344	1401700	1401645	1401661	1401605	146	215	268	187
IV	1411009	1411971	Interval_302	3	2	TRUE	FALSE	TRUE	FALSE	4.11997;4.66663	NA	4.0426	NA	2.98981;3.86337	NA	3.06233	NA	5.05521;6.0491	NA	5.05527	NA	1411009;1411668	NA	1411034	NA	1411495;1411971	NA	1411890	NA	207;269	NA	572	NA
IV	1419857	1420204	Interval_303	1	1	TRUE	FALSE	FALSE	FALSE	2.94283	NA	NA	NA	1.39059	NA	NA	NA	3.10747	NA	NA	NA	1419857	NA	NA	NA	1420204	NA	NA	NA	85	NA	NA	NA
IV	1420427	1421021	Interval_304	2	2	FALSE	FALSE	TRUE	TRUE	NA	NA	4.0426	5.7976	NA	NA	3.06233	5.71363	NA	NA	5.05527	8.47482	NA	NA	1420427	1420453	NA	NA	1420773	1421021	NA	NA	27	485
IV	1429085	1429464	Interval_305	4	4	TRUE	TRUE	TRUE	TRUE	7.67198	6.5027	7.51023	6.94332	9.70459	6.81614	10.0188	8.23382	12.8035	9.63742	13.3411	11.6191	1429085	1429196	1429087	1429101	1429453	1429464	1429433	1429444	247	87	180	145
IV	1434438	1434690	Interval_306	3	3	TRUE	FALSE	TRUE	TRUE	4.66663	NA	4.54792	5.27055	3.86337	NA	3.88729	4.83411	6.0491	NA	6.02386	7.38324	1434513	NA	1434492	1434438	1434688	NA	1434690	1434628	74	NA	60	117
IV	1445657	1446051	Interval_307	2	2	TRUE	FALSE	FALSE	TRUE	3.5314	NA	NA	6.32466	2.15114	NA	NA	6.60525	4.04885	NA	NA	9.60369	1445662	NA	NA	1445657	1445971	NA	NA	1446051	48	NA	NA	48
IV	1450961	1451211	Interval_308	2	2	TRUE	FALSE	FALSE	TRUE	5.58955	NA	NA	3.68938	5.41969	NA	NA	2.41337	7.89928	NA	NA	4.37052	1450961	NA	NA	1450961	1451211	NA	NA	1451180	54	NA	NA	17
IV	1454724	1455040	Interval_309	1	1	FALSE	TRUE	FALSE	FALSE	NA	5.32039	NA	NA	NA	4.76845	NA	NA	NA	7.27049	NA	NA	NA	1454724	NA	NA	NA	1455040	NA	NA	NA	60	NA	NA
IV	1459497	1460208	Interval_310	3	3	TRUE	FALSE	TRUE	TRUE	3.46638	NA	3.53727	6.61398	2.12459	NA	2.28985	7.5231	3.94438	NA	4.13652	10.7207	1459550	NA	1459550	1459497	1460208	NA	1460086	1459866	179	NA	164	121
IV	1461673	1461909	Interval_311	1	1	TRUE	FALSE	FALSE	FALSE	6.47424	NA	NA	NA	6.85857	NA	NA	NA	9.58927	NA	NA	NA	1461673	NA	NA	NA	1461909	NA	NA	NA	83	NA	NA	NA
IV	1468637	1469260	Interval_312	4	4	TRUE	TRUE	TRUE	TRUE	8.17926	6.87133	7.60423	6.37741	12.3584	8.13083	11.2244	7.21026	15.7843	11.1364	14.8148	10.3392	1468637	1468693	1468674	1468669	1469260	1469246	1469234	1469226	268	438	107	233
IV	1476579	1477149	Interval_313	3	3	TRUE	FALSE	TRUE	TRUE	3.5314	NA	5.05325	4.21644	2.15114	NA	4.75515	3.18267	4.04885	NA	7.03726	5.32648	1476966	NA	1476711	1476579	1477149	NA	1477039	1476914	110	NA	241	300
IV	1489671	1490856	Interval_314	4	4	TRUE	TRUE	TRUE	TRUE	5.46681	3.91753	7.66042	7.3801	7.13451	3.89115	11.2976	10.5569	9.90188	6.22974	14.9102	14.4322	1489937	1489671	1489985	1489985	1490856	1490526	1490526	1490482	436	647	231	198
IV	1496722	1496952	Interval_315	1	1	TRUE	FALSE	FALSE	FALSE	5.35322	NA	NA	NA	5.29944	NA	NA	NA	7.76457	NA	NA	NA	1496722	NA	NA	NA	1496952	NA	NA	NA	73	NA	NA	NA
IV	1502431	1502665	Interval_316	1	1	FALSE	TRUE	FALSE	FALSE	NA	4.71064	NA	NA	NA	3.8235	NA	NA	NA	6.12175	NA	NA	NA	1502431	NA	NA	NA	1502665	NA	NA	NA	35	NA	NA
IV	1506862	1507752	Interval_317	4	3	TRUE	FALSE	TRUE	TRUE	3.96795;5.24996	NA	6.9585	6.9886	2.8234;4.7947	NA	11.4	9.5757	4.80902;7.1531	NA	15.0272	13.3238	1506862;1507298	NA	1506871	1507073	1507055;1507514	NA	1507752	1507596	24;155	NA	420	364
IV	1517924	1518181	Interval_318	1	1	FALSE	FALSE	FALSE	TRUE	NA	NA	NA	4.21644	NA	NA	NA	3.18267	NA	NA	NA	5.32648	NA	NA	NA	1517924	NA	NA	NA	1518181	NA	NA	NA	162
IV	1524856	1525544	Interval_319	4	4	TRUE	TRUE	TRUE	TRUE	12.6373	7.55085	6.0639	7.37877	26.6875	10.9321	6.58199	8.48009	30.7804	14.2747	9.18268	11.9621	1524856	1524858	1524857	1524856	1525474	1525544	1525305	1525305	398	245	78	78
IX	36717	37175	Interval_320	2	2	TRUE	FALSE	FALSE	TRUE	5.51277	NA	NA	3.68938	5.30791	NA	NA	2.41337	7.77403	NA	NA	4.37052	36820	NA	NA	36717	37175	NA	NA	36977	167	NA	NA	36
IX	53471	54344	Interval_321	3	3	TRUE	FALSE	TRUE	TRUE	4.11997	NA	3.24453	3.68938	2.98981	NA	1.95768	2.41337	5.05521	NA	3.69394	4.37052	53471	NA	53652	54145	53850	NA	54215	54344	173	NA	138	46
IX	68234	68762	Interval_322	4	4	TRUE	TRUE	TRUE	TRUE	10.4513	6.40192	8.0852	7.68851	15.784	6.6694	10.4315	9.21298	19.5481	9.46748	13.8681	12.8305	68282	68355	68266	68234	68762	68567	68596	68599	158	104	205	279
IX	73509	73694	Interval_323	1	1	TRUE	FALSE	FALSE	FALSE	2.94283	NA	NA	NA	1.39059	NA	NA	NA	3.10747	NA	NA	NA	73509	NA	NA	NA	73694	NA	NA	NA	35	NA	NA	NA
IX	77452	77953	Interval_324	3	3	FALSE	TRUE	TRUE	TRUE	NA	3.54693	5.55857	4.21644	NA	2.08643	5.65959	3.18267	NA	4.07399	8.09135	5.32648	NA	77452	77457	77534	NA	77871	77831	77953	NA	90	47	342
IX	84752	85239	Interval_325	2	2	FALSE	FALSE	TRUE	TRUE	NA	NA	3.03195	4.21644	NA	NA	1.5793	3.18267	NA	NA	3.27389	5.32648	NA	NA	85013	84752	NA	NA	85239	85074	NA	NA	36	94
IX	99525	99861	Interval_326	4	4	TRUE	TRUE	TRUE	TRUE	5.72548	6.19843	7.58568	6.72704	6.61136	6.88268	10.8135	8.25691	9.28532	9.71134	14.3331	11.6524	99595	99637	99525	99607	99859	99861	99859	99837	75	30	89	89
IX	106065	106321	Interval_327	1	1	FALSE	TRUE	FALSE	FALSE	NA	3.54693	NA	NA	NA	2.08643	NA	NA	NA	4.07399	NA	NA	NA	106065	NA	NA	NA	106321	NA	NA	NA	121	NA	NA
IX	127782	127954	Interval_328	1	1	TRUE	FALSE	FALSE	FALSE	4.64413	NA	NA	NA	3.8321	NA	NA	NA	6.01211	NA	NA	NA	127782	NA	NA	NA	127954	NA	NA	NA	134	NA	NA	NA
IX	129906	130119	Interval_329	1	1	FALSE	FALSE	FALSE	TRUE	NA	NA	NA	3.84031	NA	NA	NA	2.89837	NA	NA	NA	4.92718	NA	NA	NA	129906	NA	NA	NA	130119	NA	NA	NA	95
IX	138234	139560	Interval_330	6	4	TRUE	TRUE	TRUE	TRUE	4.97515	5.17405	5.35654;4.12394	4.3857;7.28628	5.0201	5.74273	6.72894;3.92708	4.12345;10.4148	7.4461	8.38221	9.35882;6.06968	6.49771;14.2711	138296	138568	138234;139248	138496;139236	139383	139400	138938;139510	139053;139560	1007	180	479;95	85;111
IX	150150	150448	Interval_331	2	2	FALSE	FALSE	TRUE	TRUE	NA	NA	4.0426	4.74349	NA	NA	3.06233	3.98495	NA	NA	5.05527	6.33242	NA	NA	150150	150248	NA	NA	150448	150448	NA	NA	271	118
IX	160276	160726	Interval_332	2	2	TRUE	FALSE	TRUE	FALSE	3.5314	NA	4.0426	NA	2.15114	NA	3.06233	NA	4.04885	NA	5.05527	NA	160276	NA	160389	NA	160525	NA	160726	NA	61	NA	159	NA
IX	166005	166298	Interval_333	1	1	FALSE	TRUE	FALSE	FALSE	NA	8.27616	NA	NA	NA	10.1871	NA	NA	NA	13.4623	NA	NA	NA	166005	NA	NA	NA	166298	NA	NA	NA	102	NA	NA
IX	169743	170178	Interval_334	2	2	FALSE	FALSE	TRUE	TRUE	NA	NA	6.65503	7.448	NA	NA	8.24104	9.5073	NA	NA	11.1517	13.2392	NA	NA	169744	169743	NA	NA	170178	169922	NA	NA	172	115
IX	174961	175136	Interval_335	1	1	TRUE	FALSE	FALSE	FALSE	6.97498	NA	NA	NA	8.07431	NA	NA	NA	10.9685	NA	NA	NA	174961	NA	NA	NA	175136	NA	NA	NA	109	NA	NA	NA
IX	177503	177855	Interval_336	4	4	TRUE	TRUE	TRUE	TRUE	4.9615	5.98496	5.18973	4.62484	4.38953	6.07272	5.93391	4.22204	6.68122	8.77847	8.40813	6.61402	177547	177552	177503	177572	177807	177852	177855	177841	226	213	166	232
IX	197516	197816	Interval_337	2	2	TRUE	FALSE	FALSE	TRUE	5.2971	NA	NA	6.32466	4.83045	NA	NA	6.60525	7.23157	NA	NA	9.60369	197516	NA	NA	197615	197745	NA	NA	197816	224	NA	NA	122
IX	207528	207700	Interval_338	1	1	TRUE	FALSE	FALSE	FALSE	2.94283	NA	NA	NA	1.39059	NA	NA	NA	3.10747	NA	NA	NA	207528	NA	NA	NA	207700	NA	NA	NA	41	NA	NA	NA
IX	210624	210803	Interval_339	1	1	TRUE	FALSE	FALSE	FALSE	4.70853	NA	NA	NA	3.88981	NA	NA	NA	6.11827	NA	NA	NA	210624	NA	NA	NA	210803	NA	NA	NA	62	NA	NA	NA
IX	216077	216365	Interval_340	1	1	FALSE	FALSE	TRUE	FALSE	NA	NA	4.54792	NA	NA	NA	3.88729	NA	NA	NA	6.02386	NA	NA	NA	216077	NA	NA	NA	216365	NA	NA	NA	90	NA
IX	216397	216611	Interval_341	1	1	FALSE	TRUE	FALSE	FALSE	NA	3.45187	NA	NA	NA	2.02221	NA	NA	NA	3.92124	NA	NA	NA	216397	NA	NA	NA	216611	NA	NA	NA	63	NA	NA
IX	222619	222819	Interval_342	1	1	TRUE	FALSE	FALSE	FALSE	5.2971	NA	NA	NA	4.83045	NA	NA	NA	7.23157	NA	NA	NA	222619	NA	NA	NA	222819	NA	NA	NA	71	NA	NA	NA
IX	232449	232907	Interval_343	4	4	TRUE	TRUE	TRUE	TRUE	6.99995	7.98789	8.30594	7.37877	7.85702	10.0615	11.4468	8.48009	10.7196	13.3221	15.0777	11.9621	232496	232449	232471	232506	232895	232907	232893	232902	193	286	212	180
IX	248774	249595	Interval_344	4	4	TRUE	TRUE	TRUE	TRUE	6.66154	6.15645	8.21051	5.84761	9.66665	7.4295	14.2223	7.09525	12.7614	10.3403	18.2766	10.1947	248774	248838	248979	249041	249595	249406	249528	249570	233	384	264	178
IX	254141	254796	Interval_345	4	4	TRUE	TRUE	TRUE	TRUE	7.04249	6.07996	5.33309	5.28178	12.6169	9.35909	8.48005	6.87786	16.0904	12.5358	11.4578	9.92406	254203	254242	254141	254242	254783	254695	254774	254796	364	149	250	336
IX	257266	257630	Interval_346	1	1	TRUE	FALSE	FALSE	FALSE	3.55507	NA	NA	NA	3.04732	NA	NA	NA	5.11684	NA	NA	NA	257266	NA	NA	NA	257630	NA	NA	NA	164	NA	NA	NA
IX	267800	268893	Interval_347	2	2	TRUE	FALSE	TRUE	FALSE	5.56372	NA	5.83669	NA	5.38139	NA	6.821	NA	7.85706	NA	9.4658	NA	267800	NA	267958	NA	268893	NA	268551	NA	571	NA	116	NA
IX	291848	292338	Interval_348	1	1	TRUE	FALSE	FALSE	FALSE	3.5314	NA	NA	NA	2.15114	NA	NA	NA	4.04885	NA	NA	NA	291848	NA	NA	NA	292338	NA	NA	NA	14	NA	NA	NA
IX	310899	311159	Interval_349	1	1	TRUE	FALSE	FALSE	FALSE	5.2971	NA	NA	NA	4.83045	NA	NA	NA	7.23157	NA	NA	NA	310899	NA	NA	NA	311159	NA	NA	NA	75	NA	NA	NA
IX	314761	315029	Interval_350	1	1	FALSE	FALSE	TRUE	FALSE	NA	NA	4.65586	NA	NA	NA	4.23836	NA	NA	NA	6.41209	NA	NA	NA	314761	NA	NA	NA	315029	NA	NA	NA	187	NA
IX	316309	316634	Interval_351	4	4	TRUE	TRUE	TRUE	TRUE	5.67433	5.80445	5.58703	5.26176	5.74636	6.06696	5.94495	5.0351	8.27657	8.76711	8.42043	7.6196	316320	316320	316309	316320	316576	316627	316612	316634	60	173	181	143
IX	322064	322446	Interval_352	1	1	FALSE	FALSE	FALSE	TRUE	NA	NA	NA	4.21644	NA	NA	NA	3.18267	NA	NA	NA	5.32648	NA	NA	NA	322064	NA	NA	NA	322446	NA	NA	NA	74
IX	325653	326041	Interval_353	1	1	TRUE	FALSE	FALSE	FALSE	4.85045	NA	NA	NA	4.23321	NA	NA	NA	6.50283	NA	NA	NA	325653	NA	NA	NA	326041	NA	NA	NA	131	NA	NA	NA
IX	332661	333498	Interval_354	4	4	TRUE	TRUE	TRUE	TRUE	5.87532	5.73474	6.19113	6.58218	6.53173	6.23633	8.24104	8.05936	9.19328	8.96797	11.1511	11.4147	332737	332748	332720	332661	333395	333498	333449	333436	544	538	560	271
IX	336113	336339	Interval_355	1	1	TRUE	FALSE	FALSE	FALSE	4.43829	NA	NA	NA	4.06812	NA	NA	NA	6.31894	NA	NA	NA	336113	NA	NA	NA	336339	NA	NA	NA	206	NA	NA	NA
IX	338271	339141	Interval_356	2	2	TRUE	TRUE	FALSE	FALSE	4.66261	6.31865	NA	NA	3.96263	7.05889	NA	NA	6.20436	9.90447	NA	NA	338743	338271	NA	NA	339141	339118	NA	NA	38	475	NA	NA
IX	343919	344184	Interval_357	1	1	FALSE	FALSE	FALSE	TRUE	NA	NA	NA	5.27055	NA	NA	NA	4.83411	NA	NA	NA	7.38324	NA	NA	NA	343919	NA	NA	NA	344184	NA	NA	NA	34
IX	360205	360742	Interval_358	1	1	TRUE	FALSE	FALSE	FALSE	5.2971	NA	NA	NA	4.83045	NA	NA	NA	7.23157	NA	NA	NA	360205	NA	NA	NA	360742	NA	NA	NA	337	NA	NA	NA
IX	370073	370441	Interval_359	1	1	TRUE	FALSE	FALSE	FALSE	4.70853	NA	NA	NA	3.88981	NA	NA	NA	6.11827	NA	NA	NA	370073	NA	NA	NA	370441	NA	NA	NA	71	NA	NA	NA
IX	382189	382650	Interval_360	3	3	FALSE	TRUE	TRUE	TRUE	NA	4.71752	4.32366	3.79059	NA	4.81515	4.93014	3.18267	NA	7.32133	7.22834	5.2822	NA	382189	382234	382231	NA	382417	382650	382528	NA	96	103	248
IX	384182	384718	Interval_361	3	3	TRUE	TRUE	TRUE	FALSE	4.08257	4.18703	3.12841	NA	3.60623	4.07415	2.50814	NA	5.75264	6.43669	4.37513	NA	384190	384182	384348	NA	384493	384398	384718	NA	186	165	140	NA
IX	386459	386980	Interval_362	1	1	FALSE	FALSE	TRUE	FALSE	NA	NA	3.74395	NA	NA	NA	3.82869	NA	NA	NA	5.91671	NA	NA	NA	386459	NA	NA	NA	386980	NA	NA	NA	126	NA
IX	394901	395184	Interval_363	1	1	FALSE	TRUE	FALSE	FALSE	NA	4.13808	NA	NA	NA	2.91682	NA	NA	NA	5.08493	NA	NA	NA	394901	NA	NA	NA	395184	NA	NA	NA	64	NA	NA
IX	415696	416047	Interval_364	1	1	TRUE	FALSE	FALSE	FALSE	5.17474	NA	NA	NA	4.69582	NA	NA	NA	7.02875	NA	NA	NA	415696	NA	NA	NA	416047	NA	NA	NA	200	NA	NA	NA
IX	425131	425311	Interval_365	1	1	TRUE	FALSE	FALSE	FALSE	2.94283	NA	NA	NA	1.39059	NA	NA	NA	3.10747	NA	NA	NA	425131	NA	NA	NA	425311	NA	NA	NA	44	NA	NA	NA
IX	427270	427686	Interval_366	2	2	FALSE	TRUE	FALSE	TRUE	NA	5.91154	NA	4.74349	NA	5.76732	NA	3.98495	NA	8.4335	NA	6.33242	NA	427330	NA	427270	NA	427686	NA	427558	NA	123	NA	110
IX	439055	439863	Interval_367	4	4	TRUE	TRUE	TRUE	TRUE	8.76689	15.7391	6.56922	7.86435	13.6365	39.9363	7.5235	9.43682	17.2475	44.0017	10.3084	13.1187	439128	439300	439293	439055	439853	439858	439863	439802	482	382	499	516
V	210	482	Interval_368	1	1	TRUE	FALSE	FALSE	FALSE	2.94283	NA	NA	NA	1.39059	NA	NA	NA	3.10747	NA	NA	NA	210	NA	NA	NA	482	NA	NA	NA	136	NA	NA	NA
V	6207	6855	Interval_369	2	2	TRUE	TRUE	FALSE	FALSE	11.8717	6.40192	NA	NA	20.0388	6.6694	NA	NA	23.9954	9.46748	NA	NA	6208	6207	NA	NA	6441	6855	NA	NA	122	172	NA	NA
V	13021	13521	Interval_370	3	3	TRUE	FALSE	TRUE	TRUE	4.70853	NA	5.05325	4.74349	3.88981	NA	4.75515	3.98495	6.11827	NA	7.03726	6.33242	13219	NA	13069	13021	13450	NA	13521	13221	160	NA	343	34
V	15737	16406	Interval_371	3	3	TRUE	TRUE	FALSE	TRUE	2.94283	4.13808	NA	5.27055	1.39059	2.91682	NA	4.83411	3.10747	5.08493	NA	7.38324	16178	15737	NA	16039	16406	16213	NA	16319	184	373	NA	97
V	26379	26665	Interval_372	1	1	FALSE	FALSE	TRUE	FALSE	NA	NA	5.79523	NA	NA	NA	6.23461	NA	NA	NA	8.75239	NA	NA	NA	26379	NA	NA	NA	26665	NA	NA	NA	219	NA
V	33773	34308	Interval_373	2	2	TRUE	FALSE	FALSE	TRUE	3.5314	NA	NA	4.74349	2.15114	NA	NA	3.98495	4.04885	NA	NA	6.33242	33773	NA	NA	33776	33944	NA	NA	34308	167	NA	NA	123
V	42065	42775	Interval_374	4	4	TRUE	TRUE	TRUE	TRUE	4.66663	4.06582	6.29214	8.13487	3.86337	2.9207	7.46556	10.8954	6.0491	5.09131	10.2017	14.7969	42110	42115	42065	42097	42330	42775	42593	42330	42	355	79	198
V	53279	53977	Interval_375	4	4	TRUE	TRUE	TRUE	TRUE	7.01158	7.99455	8.69003	5.63824	8.42692	11.6213	12.3792	5.54152	11.3637	15.0146	16.1634	8.21874	53291	53366	53279	53443	53977	53801	53762	53775	396	93	228	68
V	61106	61493	Interval_376	1	1	FALSE	TRUE	FALSE	FALSE	NA	4.44929	NA	NA	NA	3.46275	NA	NA	NA	5.69598	NA	NA	NA	61106	NA	NA	NA	61493	NA	NA	NA	131	NA	NA
V	68732	69941	Interval_377	4	4	TRUE	TRUE	TRUE	TRUE	7.0546	8.19582	7.01812	7.99807	11.0462	15.5801	10.044	11.5366	14.311	19.2585	13.3742	15.4804	68988	68732	68859	69013	69711	69654	69678	69941	294	595	572	280
V	77504	77798	Interval_378	1	1	TRUE	FALSE	FALSE	FALSE	4.11997	NA	NA	NA	2.98981	NA	NA	NA	5.05521	NA	NA	NA	77504	NA	NA	NA	77798	NA	NA	NA	75	NA	NA	NA
V	80018	80271	Interval_379	1	1	FALSE	FALSE	TRUE	FALSE	NA	NA	5.09215	NA	NA	NA	5.54478	NA	NA	NA	7.93305	NA	NA	NA	80018	NA	NA	NA	80271	NA	NA	NA	194	NA
V	84825	85666	Interval_380	4	4	TRUE	TRUE	TRUE	TRUE	8.47418	6.52327	6.56841	5.26393	15.5328	8.63805	9.7441	6.0416	19.2642	11.7103	13.0166	8.86074	85033	84825	84960	85129	85591	85508	85588	85666	150	494	374	90
V	99357	99605	Interval_381	1	1	FALSE	TRUE	FALSE	FALSE	NA	2.95577	NA	NA	NA	1.3324	NA	NA	NA	3.12805	NA	NA	NA	99357	NA	NA	NA	99605	NA	NA	NA	159	NA	NA
V	99897	100168	Interval_382	1	1	FALSE	FALSE	TRUE	FALSE	NA	NA	5.55857	NA	NA	NA	5.65959	NA	NA	NA	8.09135	NA	NA	NA	99897	NA	NA	NA	100168	NA	NA	NA	261	NA
V	106809	107200	Interval_383	2	2	TRUE	FALSE	TRUE	FALSE	4.70853	NA	4.54792	NA	3.88981	NA	3.88729	NA	6.11827	NA	6.02386	NA	106942	NA	106809	NA	107200	NA	107081	NA	63	NA	251	NA
V	117596	118160	Interval_384	4	4	TRUE	TRUE	TRUE	TRUE	8.8836	8.48362	7.57645	7.47658	12.1804	10.8205	11.1791	9.53928	15.5921	14.1474	14.7675	13.286	117608	117596	117655	117610	118093	118091	118160	118090	384	284	143	237
V	123106	123575	Interval_385	4	4	TRUE	TRUE	TRUE	TRUE	6.30107	8.43603	7.67373	8.5659	7.11131	10.752	10.2355	12.4354	9.8762	14.0674	13.6087	16.4288	123106	123263	123134	123169	123553	123575	123527	123541	340	197	242	93
V	131022	131621	Interval_386	2	2	TRUE	FALSE	FALSE	TRUE	3.5314	NA	NA	4.53204	2.15114	NA	NA	3.76214	4.04885	NA	NA	5.99896	131279	NA	NA	131022	131579	NA	NA	131621	185	NA	NA	493
V	132615	132929	Interval_387	1	1	FALSE	FALSE	FALSE	TRUE	NA	NA	NA	3.47907	NA	NA	NA	2.208	NA	NA	NA	4.0478	NA	NA	NA	132615	NA	NA	NA	132929	NA	NA	NA	185
V	135377	135575	Interval_388	2	2	FALSE	FALSE	TRUE	TRUE	NA	NA	4.65586	4.16599	NA	NA	4.23836	3.27547	NA	NA	6.41209	5.42948	NA	NA	135377	135380	NA	NA	135569	135575	NA	NA	7	95
V	140507	141623	Interval_389	4	4	TRUE	TRUE	TRUE	TRUE	8.70161	10.0798	5.67689	5.70024	14.0061	21.6117	6.60303	6.60525	17.6323	25.5386	9.20634	9.58997	140507	140594	140569	140511	141458	141546	141417	141623	343	372	138	453
V	147864	148036	Interval_390	1	1	TRUE	FALSE	FALSE	FALSE	2.94283	NA	NA	NA	1.39059	NA	NA	NA	3.10747	NA	NA	NA	147864	NA	NA	NA	148036	NA	NA	NA	39	NA	NA	NA
V	149949	150165	Interval_391	1	1	FALSE	FALSE	FALSE	TRUE	NA	NA	NA	4.74349	NA	NA	NA	3.98495	NA	NA	NA	6.33242	NA	NA	NA	149949	NA	NA	NA	150165	NA	NA	NA	211
V	152424	153287	Interval_392	4	4	TRUE	TRUE	TRUE	TRUE	4.57791	6.47564	5.05325	4.74029	3.73524	7.26268	4.75515	3.98495	5.90386	10.1573	7.03726	6.32734	152672	152731	152424	152737	152895	153287	153194	153225	136	122	641	228
V	159294	159491	Interval_393	1	1	FALSE	FALSE	TRUE	FALSE	NA	NA	3.03195	NA	NA	NA	1.5793	NA	NA	NA	3.27389	NA	NA	NA	159294	NA	NA	NA	159491	NA	NA	NA	1	NA
V	174577	175002	Interval_394	3	3	TRUE	FALSE	TRUE	TRUE	6.47424	NA	6.0307	7.83745	6.85857	NA	7.0925	10.0832	9.58927	NA	9.77978	13.8764	174711	NA	174719	174577	175002	NA	175002	174956	212	NA	74	224
V	177118	177728	Interval_395	2	2	FALSE	TRUE	FALSE	TRUE	NA	4.72924	NA	4.23439	NA	3.8235	NA	3.36477	NA	6.15258	NA	5.53535	NA	177118	NA	177422	NA	177674	NA	177728	NA	141	NA	237
V	191957	192343	Interval_396	4	4	TRUE	TRUE	TRUE	TRUE	6.85642	5.64777	5.8013	7.50084	8.53552	5.60683	7.99494	10.7479	11.4782	8.234	10.8588	14.6386	191970	192018	191957	191957	192306	192250	192343	192325	234	132	249	223
V	194776	194968	Interval_397	1	1	FALSE	FALSE	TRUE	FALSE	NA	NA	3.0625	NA	NA	NA	1.98308	NA	NA	NA	3.72252	NA	NA	NA	194776	NA	NA	NA	194968	NA	NA	NA	189	NA
V	211723	212418	Interval_398	3	3	TRUE	TRUE	FALSE	TRUE	5.2971	4.65594	NA	5.25374	4.83045	3.74776	NA	5.51933	7.23157	6.03151	NA	8.19456	212075	211723	NA	211745	212289	212339	NA	212418	128	360	NA	424
V	221547	221764	Interval_399	1	1	FALSE	FALSE	TRUE	FALSE	NA	NA	3.6291	NA	NA	NA	2.887	NA	NA	NA	4.80386	NA	NA	NA	221547	NA	NA	NA	221764	NA	NA	NA	120	NA
V	222033	222581	Interval_400	4	4	TRUE	TRUE	TRUE	TRUE	5.31029	6.45893	7.6211	6.8059	5.23876	6.98341	11.6225	8.04308	7.69649	9.82222	15.3023	11.3963	222204	222276	222033	222242	222534	222510	222535	222581	196	91	334	174
V	225446	225615	Interval_401	1	1	TRUE	FALSE	FALSE	FALSE	4.86192	NA	NA	NA	4.65989	NA	NA	NA	6.98814	NA	NA	NA	225446	NA	NA	NA	225615	NA	NA	NA	38	NA	NA	NA
V	242059	242957	Interval_402	4	4	TRUE	TRUE	TRUE	TRUE	5.92833	4.72924	4.92106	5.15421	6.08079	3.8235	4.60295	4.89107	8.68636	6.15258	6.82843	7.44947	242059	242258	242146	242092	242584	242957	242662	242584	271	637	185	76
V	259955	260269	Interval_403	1	1	TRUE	FALSE	FALSE	FALSE	4.70853	NA	NA	NA	3.88981	NA	NA	NA	6.11827	NA	NA	NA	259955	NA	NA	NA	260269	NA	NA	NA	196	NA	NA	NA
V	261538	261830	Interval_404	2	2	FALSE	FALSE	TRUE	TRUE	NA	NA	5.83149	4.84385	NA	NA	7.11582	4.95531	NA	NA	9.80691	7.52859	NA	NA	261575	261538	NA	NA	261830	261793	NA	NA	167	146
V	268428	268963	Interval_405	3	3	TRUE	TRUE	FALSE	TRUE	5.58197	4.24701	NA	5.1495	6.11384	3.92876	NA	5.64647	8.7229	6.2716	NA	8.34158	268428	268569	NA	268430	268730	268963	NA	268769	106	145	NA	224
V	270270	270501	Interval_406	1	1	FALSE	TRUE	FALSE	FALSE	NA	4.68361	NA	NA	NA	4.76845	NA	NA	NA	7.26551	NA	NA	NA	270270	NA	NA	NA	270501	NA	NA	NA	153	NA	NA
V	279086	279592	Interval_407	1	1	FALSE	FALSE	TRUE	FALSE	NA	NA	4.36629	NA	NA	NA	4.52475	NA	NA	NA	6.73855	NA	NA	NA	279086	NA	NA	NA	279592	NA	NA	NA	281	NA
V	280843	281527	Interval_408	4	4	TRUE	TRUE	TRUE	TRUE	5.93828	5.36442	5.24036	4.85172	7.52418	5.46604	7.73219	5.98587	10.347	8.06618	10.553	8.79751	280953	280947	280883	280843	281470	281298	281483	281527	256	117	243	265
V	284497	285056	Interval_409	4	4	TRUE	TRUE	TRUE	TRUE	6.74005	4.47806	4.91508	4.43555	9.79118	4.02797	6.63494	4.87202	12.8972	6.38193	9.24319	7.42814	284622	284497	284548	284565	285014	284987	284907	285056	163	259	131	206
V	292701	292910	Interval_410	1	1	FALSE	FALSE	FALSE	TRUE	NA	NA	NA	4.11612	NA	NA	NA	3.20511	NA	NA	NA	5.35241	NA	NA	NA	292701	NA	NA	NA	292910	NA	NA	NA	42
V	295086	295734	Interval_411	3	3	TRUE	TRUE	TRUE	FALSE	3.44983	3.54693	4.32627	NA	2.10329	2.08643	3.61829	NA	3.91799	4.07399	5.6779	NA	295088	295086	295088	NA	295734	295286	295526	NA	556	146	250	NA
V	298249	298537	Interval_412	1	1	FALSE	FALSE	TRUE	FALSE	NA	NA	3.28864	NA	NA	NA	2.01563	NA	NA	NA	3.7601	NA	NA	NA	298249	NA	NA	NA	298537	NA	NA	NA	219	NA
V	303280	303806	Interval_413	4	4	TRUE	TRUE	TRUE	TRUE	4.32467	6.03294	6.14794	5.99613	3.73039	7.25028	8.18372	6.71028	5.89477	10.1381	11.0778	9.7239	303447	303280	303392	303505	303708	303682	303777	303806	253	191	201	126
V	305955	306197	Interval_414	1	1	FALSE	FALSE	TRUE	FALSE	NA	NA	5.82695	NA	NA	NA	7.42955	NA	NA	NA	10.1599	NA	NA	NA	305955	NA	NA	NA	306197	NA	NA	NA	128	NA
V	311143	312188	Interval_415	4	4	TRUE	TRUE	TRUE	TRUE	6.43845	3.9653	6.69744	6.43323	7.03503	2.83244	8.59192	7.00411	9.7888	4.93571	11.6039	10.0889	311450	311621	311460	311143	311940	311924	312188	312185	333	72	172	315
V	321957	322134	Interval_416	1	1	FALSE	FALSE	FALSE	TRUE	NA	NA	NA	4.74349	NA	NA	NA	3.98495	NA	NA	NA	6.33242	NA	NA	NA	321957	NA	NA	NA	322134	NA	NA	NA	33
V	322987	323298	Interval_417	1	1	TRUE	FALSE	FALSE	FALSE	4.70853	NA	NA	NA	3.88981	NA	NA	NA	6.11827	NA	NA	NA	322987	NA	NA	NA	323298	NA	NA	NA	169	NA	NA	NA
V	328300	328540	Interval_418	1	1	FALSE	FALSE	TRUE	FALSE	NA	NA	4.01304	NA	NA	NA	3.06233	NA	NA	NA	5.00948	NA	NA	NA	328300	NA	NA	NA	328540	NA	NA	NA	122	NA
V	335383	336023	Interval_419	4	4	TRUE	TRUE	TRUE	TRUE	8.04671	6.56467	5.96829	6.81768	10.5974	7.1346	8.24104	9.0143	13.8051	9.99533	11.1528	12.6115	335383	335415	335425	335489	335781	335988	335988	336023	176	193	353	118
V	342449	343461	Interval_420	4	4	TRUE	TRUE	TRUE	TRUE	4.55625	7.39419	5.55379	7.144	3.70671	8.59374	6.16945	8.19998	5.86865	11.6627	8.67765	11.5788	342491	342566	342482	342449	343461	342996	342743	343432	126	83	119	249
V	349471	350008	Interval_421	4	4	TRUE	TRUE	TRUE	TRUE	5.2971	5.32039	5.34691	7.5534	4.83045	4.76845	5.64103	9.01309	7.23157	7.27049	8.03831	12.6099	349538	349560	349492	349471	349782	349824	350008	349855	17	210	348	299
V	354670	355329	Interval_422	4	4	TRUE	TRUE	TRUE	TRUE	7.58327	7.70211	7.627	7.88612	8.97775	9.98784	10.5111	10.5227	11.9814	13.2424	13.961	14.3881	354670	354937	354934	354955	355298	355329	355281	355232	397	95	91	88
V	362290	362643	Interval_423	3	3	TRUE	TRUE	FALSE	TRUE	5.86169	9.205	NA	5.68912	5.80826	12.2992	NA	5.61214	8.34972	15.7313	NA	8.30031	362390	362298	NA	362290	362566	362619	NA	362643	128	109	NA	206
V	386748	387084	Interval_424	1	1	FALSE	TRUE	FALSE	FALSE	NA	6.5027	NA	NA	NA	6.81614	NA	NA	NA	9.63742	NA	NA	NA	386748	NA	NA	NA	387084	NA	NA	NA	270	NA	NA
V	396295	396661	Interval_425	4	4	TRUE	TRUE	TRUE	TRUE	8.04446	10.0607	7.2927	6.48902	11.3403	15.7133	9.71771	7.92476	14.6484	19.395	12.9844	11.2615	396371	396371	396316	396295	396661	396628	396614	396614	160	181	226	86
V	400723	401059	Interval_426	1	1	FALSE	FALSE	TRUE	FALSE	NA	NA	2.82739	NA	NA	NA	1.48753	NA	NA	NA	3.07388	NA	NA	NA	400723	NA	NA	NA	401059	NA	NA	NA	58	NA
V	409259	409535	Interval_427	2	2	TRUE	TRUE	FALSE	FALSE	4.11997	4.13808	NA	NA	2.98981	2.91682	NA	NA	5.05521	5.08493	NA	NA	409259	409318	NA	NA	409505	409535	NA	NA	38	212	NA	NA
V	422445	423457	Interval_428	3	3	FALSE	TRUE	TRUE	TRUE	NA	4.67901	5.44167	5.05782	NA	4.08393	6.01117	4.58736	NA	6.44833	8.49745	7.04451	NA	422668	423225	422445	NA	423457	423430	423305	NA	763	73	251
V	430909	431326	Interval_429	2	2	FALSE	TRUE	FALSE	TRUE	NA	5.5623	NA	5.5636	NA	5.49464	NA	5.44198	NA	8.09731	NA	8.09938	NA	430940	NA	430909	NA	431326	NA	431326	NA	261	NA	377
V	435645	435833	Interval_430	1	1	TRUE	FALSE	FALSE	FALSE	4.26015	NA	NA	NA	4.28295	NA	NA	NA	6.56023	NA	NA	NA	435645	NA	NA	NA	435833	NA	NA	NA	43	NA	NA	NA
V	441873	442544	Interval_431	4	4	TRUE	TRUE	TRUE	TRUE	7.87124	7.98349	9.33413	6.67805	14.0293	12.9137	16.1386	8.19783	17.6558	16.4011	20.2686	11.5721	441873	442043	442012	442026	442542	442544	442470	442483	246	230	123	275
V	461695	462439	Interval_432	4	4	TRUE	TRUE	TRUE	TRUE	7.63952	6.709	5.13092	4.85642	9.65719	7.61034	5.60212	4.53248	12.7505	10.5347	7.9959	6.97947	461917	461927	461695	461873	462439	462418	462395	462076	112	122	273	88
V	462692	462899	Interval_433	1	1	FALSE	TRUE	FALSE	FALSE	NA	3.50429	NA	NA	NA	2.09591	NA	NA	NA	4.0862	NA	NA	NA	462692	NA	NA	NA	462899	NA	NA	NA	199	NA	NA
V	467585	468225	Interval_434	4	4	TRUE	TRUE	TRUE	TRUE	5.80516	4.72924	7.14488	4.50906	5.72692	3.8235	9.51693	4.06503	8.25524	6.15258	12.7413	6.431	467585	467630	467628	467635	468114	468103	468199	468225	422	404	343	409
V	474075	475164	Interval_435	4	4	TRUE	TRUE	TRUE	TRUE	4.12678	4.13808	4.30631	4.21644	3.10836	2.91682	3.59185	3.18267	5.18618	5.08493	5.64688	5.32648	474134	474699	474075	474493	474460	475164	474973	474976	47	180	308	136
V	475576	475884	Interval_436	1	1	FALSE	FALSE	TRUE	FALSE	NA	NA	3.99372	NA	NA	NA	3.0434	NA	NA	NA	4.97959	NA	NA	NA	475576	NA	NA	NA	475884	NA	NA	NA	264	NA
V	482963	483189	Interval_437	1	1	TRUE	FALSE	FALSE	FALSE	5.88567	NA	NA	NA	5.82349	NA	NA	NA	8.38997	NA	NA	NA	482963	NA	NA	NA	483189	NA	NA	NA	126	NA	NA	NA
V	490894	491489	Interval_438	4	4	TRUE	TRUE	TRUE	TRUE	7.72406	8.02926	8.0651	5.66357	10.1287	10.8568	10.4182	5.57651	13.2782	14.19	13.8352	8.25932	490946	490894	491031	490975	491348	491489	491365	491354	318	376	229	165
V	503370	503648	Interval_439	1	1	FALSE	FALSE	TRUE	FALSE	NA	NA	3.03195	NA	NA	NA	1.5793	NA	NA	NA	3.27389	NA	NA	NA	503370	NA	NA	NA	503648	NA	NA	NA	169	NA
V	522813	523048	Interval_440	1	1	FALSE	FALSE	FALSE	TRUE	NA	NA	NA	5.27055	NA	NA	NA	4.83411	NA	NA	NA	7.38324	NA	NA	NA	522813	NA	NA	NA	523048	NA	NA	NA	53
V	544624	545507	Interval_441	4	4	TRUE	TRUE	TRUE	TRUE	5.87572	4.28296	4.11633	3.74852	6.00627	3.22695	3.32634	2.61768	8.60106	5.43124	5.35272	4.603	545209	544843	544775	544624	545507	545477	545438	545128	57	436	186	131
V	546641	547390	Interval_442	2	2	FALSE	FALSE	TRUE	TRUE	NA	NA	3.43186	4.37816	NA	NA	2.28985	3.55591	NA	NA	4.12164	5.7586	NA	NA	546641	546646	NA	NA	547075	547390	NA	NA	36	362
V	558629	559139	Interval_443	1	1	FALSE	TRUE	FALSE	FALSE	NA	4.72924	NA	NA	NA	3.8235	NA	NA	NA	6.15258	NA	NA	NA	558629	NA	NA	NA	559139	NA	NA	NA	469	NA	NA
V	560574	560770	Interval_444	1	1	FALSE	FALSE	TRUE	FALSE	NA	NA	3.53727	NA	NA	NA	2.28985	NA	NA	NA	4.13652	NA	NA	NA	560574	NA	NA	NA	560770	NA	NA	NA	35	NA
V	569832	570628	Interval_445	4	4	TRUE	TRUE	TRUE	TRUE	8.11937	10.3327	6.94772	7.88799	12.6771	18.6904	9.25792	11.3669	16.1562	22.5389	12.416	15.2951	569832	569895	569832	569858	570628	570603	570499	570599	649	385	282	448
VI	4481	5298	Interval_446	4	4	TRUE	TRUE	TRUE	TRUE	9.98469	10.5619	9.60117	5.7976	17.0024	20.7581	13.6513	5.71363	20.8428	24.6615	17.6642	8.47482	4481	4506	4552	4840	5296	5298	5296	5251	447	457	333	192
VI	16592	16853	Interval_447	1	1	FALSE	TRUE	FALSE	FALSE	NA	4.13808	NA	NA	NA	2.91682	NA	NA	NA	5.08493	NA	NA	NA	16592	NA	NA	NA	16853	NA	NA	NA	35	NA	NA
VI	27834	28080	Interval_448	3	3	TRUE	FALSE	TRUE	TRUE	3.5314	NA	3.03195	3.16233	2.15114	NA	1.5793	1.70397	4.04885	NA	3.27389	3.47083	27834	NA	27840	27840	28080	NA	28056	28037	222	NA	91	144
VI	31852	32180	Interval_449	1	1	TRUE	FALSE	FALSE	FALSE	4.11997	NA	NA	NA	2.98981	NA	NA	NA	5.05521	NA	NA	NA	31852	NA	NA	NA	32180	NA	NA	NA	257	NA	NA	NA
VI	49386	49609	Interval_450	1	1	FALSE	TRUE	FALSE	FALSE	NA	2.95577	NA	NA	NA	1.3324	NA	NA	NA	3.12805	NA	NA	NA	49386	NA	NA	NA	49609	NA	NA	NA	168	NA	NA
VI	54913	55266	Interval_451	3	3	FALSE	TRUE	TRUE	TRUE	NA	4.55098	4.0426	3.81083	NA	3.74639	3.06233	2.70238	NA	6.02865	5.05527	4.69829	NA	54913	54988	54927	NA	55266	55230	55142	NA	165	208	72
VI	74716	75035	Interval_452	3	3	TRUE	FALSE	TRUE	TRUE	5.60232	NA	4.89781	5.4201	5.64518	NA	4.57145	5.24929	8.16125	NA	6.7918	7.87078	74827	NA	74716	74736	75006	NA	74949	75035	87	NA	25	98
VI	76617	76896	Interval_453	1	1	TRUE	FALSE	FALSE	FALSE	3.03017	NA	NA	NA	1.53702	NA	NA	NA	3.27122	NA	NA	NA	76617	NA	NA	NA	76896	NA	NA	NA	133	NA	NA	NA
VI	82075	82449	Interval_454	3	3	TRUE	TRUE	TRUE	FALSE	5.61563	4.72924	6.56922	NA	5.45529	3.8235	7.5235	NA	7.94197	6.15258	10.3084	NA	82075	82142	82105	NA	82430	82423	82449	NA	63	58	203	NA
VI	90401	90900	Interval_455	4	4	TRUE	TRUE	TRUE	TRUE	7.484	4.87392	6.10627	3.94306	9.78273	4.57553	7.51286	3.03411	12.8872	7.00706	10.2582	5.08546	90402	90401	90437	90445	90894	90900	90820	90894	142	297	245	378
VI	95151	95966	Interval_456	4	4	TRUE	TRUE	TRUE	TRUE	7.43712	6.88987	5.86818	4.55796	10.4507	8.476	7.48845	4.13314	13.6468	11.5324	10.2293	6.50834	95288	95286	95409	95151	95960	95966	95827	95557	245	358	277	190
VI	101125	101461	Interval_457	1	1	TRUE	FALSE	FALSE	FALSE	7.90711	NA	NA	NA	10.0533	NA	NA	NA	13.189	NA	NA	NA	101125	NA	NA	NA	101461	NA	NA	NA	272	NA	NA	NA
VI	106350	107665	Interval_458	4	4	TRUE	TRUE	TRUE	TRUE	6.05721	6.25662	6.28947	5.55182	6.77855	6.45547	9.33863	7.27683	9.48481	9.22499	12.5167	10.4139	106350	106458	106445	106432	106744	106696	107061	107665	44	190	283	529
VI	176641	177159	Interval_459	2	2	FALSE	FALSE	TRUE	TRUE	NA	NA	7.92123	5.58826	NA	NA	11.2894	5.47128	NA	NA	14.8928	8.13878	NA	NA	176641	176649	NA	NA	177159	176971	NA	NA	191	100
VI	183051	184373	Interval_460	7	4	TRUE	TRUE	TRUE	TRUE	6.53394;5.70402	5.37964	8.08704;4.4676	4.08454;5.61825	8.06264;6.29167	5.75499	13.5588;4.6724	3.35155;6.2426	10.9551;8.91873	8.3976	17.5567;6.90775	5.51976;9.11088	183051;184109	183172	183071;183688	183069;183757	183359;184373	184149	183362;184070	183369;184177	143;52	59	169;263	57;210
VI	204703	205209	Interval_461	3	3	TRUE	TRUE	TRUE	FALSE	4.11997	3.54693	3.31872	NA	2.98981	2.08643	2.05582	NA	5.05521	4.07399	3.80531	NA	204719	204880	204703	NA	205194	205209	205066	NA	284	118	181	NA
VI	211162	211329	Interval_462	1	1	TRUE	FALSE	FALSE	FALSE	3.5314	NA	NA	NA	2.15114	NA	NA	NA	4.04885	NA	NA	NA	211162	NA	NA	NA	211329	NA	NA	NA	8	NA	NA	NA
VI	221584	221874	Interval_463	4	4	TRUE	TRUE	TRUE	TRUE	3.83721	4.58156	2.73021	4.07674	4.53554	7.28507	1.92526	4.13746	6.84957	10.182	3.65643	6.51282	221584	221597	221589	221589	221874	221864	221784	221830	105	170	70	74
VI	224880	225804	Interval_464	4	4	TRUE	TRUE	TRUE	TRUE	6.94939	5.4371	6.38773	4.20759	15.3863	10.609	12.6392	4.56606	19.1157	13.9149	16.5087	7.0192	224896	224994	224921	224880	225804	225472	225481	225646	403	304	262	623
VI	226691	226858	Interval_465	1	1	TRUE	FALSE	FALSE	FALSE	3.40934	NA	NA	NA	3.20862	NA	NA	NA	5.2989	NA	NA	NA	226691	NA	NA	NA	226858	NA	NA	NA	73	NA	NA	NA
VI	247670	247999	Interval_466	1	1	FALSE	FALSE	TRUE	FALSE	NA	NA	2.78103	NA	NA	NA	1.34191	NA	NA	NA	2.90239	NA	NA	NA	247670	NA	NA	NA	247999	NA	NA	NA	245	NA
VI	251916	252311	Interval_467	1	1	TRUE	FALSE	FALSE	FALSE	4.41561	NA	NA	NA	3.661	NA	NA	NA	5.81694	NA	NA	NA	251916	NA	NA	NA	252311	NA	NA	NA	135	NA	NA	NA
VI	255319	256131	Interval_468	3	3	TRUE	FALSE	TRUE	TRUE	3.65795	NA	8.80227	4.26701	2.39757	NA	14.7405	3.5955	4.32189	NA	18.8191	5.80478	255546	NA	255319	255374	255845	NA	255772	256131	106	NA	213	392
VI	263291	263485	Interval_469	1	1	FALSE	FALSE	FALSE	TRUE	NA	NA	NA	3.16233	NA	NA	NA	1.70397	NA	NA	NA	3.47083	NA	NA	NA	263291	NA	NA	NA	263485	NA	NA	NA	21
VII	13	549	Interval_470	4	4	TRUE	TRUE	TRUE	TRUE	10.3614	10.5386	7.57987	6.32466	15.6549	15.9856	9.442	6.60525	19.3985	19.6936	12.6531	9.60369	26	13	42	73	548	549	547	515	55	327	98	352
VII	10093	10353	Interval_471	1	1	FALSE	TRUE	FALSE	FALSE	NA	4.72924	NA	NA	NA	3.8235	NA	NA	NA	6.15258	NA	NA	NA	10093	NA	NA	NA	10353	NA	NA	NA	193	NA	NA
VII	23131	23795	Interval_472	4	4	TRUE	TRUE	TRUE	TRUE	5.88747	7.36214	8.50922	7.5344	6.2735	9.14988	12.5086	9.62832	8.89981	12.2985	16.3346	13.3807	23131	23338	23295	23302	23656	23735	23795	23723	307	92	164	65
VII	31547	31789	Interval_473	1	1	FALSE	FALSE	FALSE	TRUE	NA	NA	NA	3.16233	NA	NA	NA	1.70397	NA	NA	NA	3.47083	NA	NA	NA	31547	NA	NA	NA	31789	NA	NA	NA	169
VII	31836	32006	Interval_474	1	1	TRUE	FALSE	FALSE	FALSE	2.94283	NA	NA	NA	1.39059	NA	NA	NA	3.10747	NA	NA	NA	31836	NA	NA	NA	32006	NA	NA	NA	35	NA	NA	NA
VII	67248	67667	Interval_475	3	3	TRUE	FALSE	TRUE	TRUE	8.08823	NA	5.05325	6.32466	10.0091	NA	4.75515	6.60525	13.1421	NA	7.03726	9.60369	67289	NA	67248	67248	67667	NA	67520	67479	86	NA	239	151
VII	73863	74425	Interval_476	1	1	TRUE	FALSE	FALSE	FALSE	7.51387	NA	NA	NA	10.1875	NA	NA	NA	13.3471	NA	NA	NA	73863	NA	NA	NA	74425	NA	NA	NA	114	NA	NA	NA
VII	76566	76788	Interval_477	1	1	FALSE	FALSE	TRUE	FALSE	NA	NA	4.54792	NA	NA	NA	3.88729	NA	NA	NA	6.02386	NA	NA	NA	76566	NA	NA	NA	76788	NA	NA	NA	49	NA
VII	94801	95626	Interval_478	2	2	FALSE	FALSE	TRUE	TRUE	NA	NA	4.11937	5.11241	NA	NA	3.52717	4.83411	NA	NA	5.57421	7.38343	NA	NA	94801	94933	NA	NA	95115	95626	NA	NA	101	608
VII	110410	110973	Interval_479	3	3	TRUE	FALSE	TRUE	TRUE	5.88567	NA	3.53727	4.74349	5.82349	NA	2.28985	3.98495	8.38997	NA	4.13652	6.33242	110560	NA	110410	110594	110973	NA	110673	110780	115	NA	240	73
VII	115388	115841	Interval_480	4	4	TRUE	TRUE	TRUE	TRUE	4.11997	5.91154	3.03195	4.21644	2.98981	5.76732	1.5793	3.18267	5.05521	8.4335	3.27389	5.32648	115388	115532	115486	115412	115841	115823	115687	115644	313	110	183	175
VII	121882	122579	Interval_481	4	4	TRUE	TRUE	TRUE	TRUE	4.9615	3.54693	4.19027	3.79506	4.38953	2.08643	3.43186	2.68102	6.68122	4.07399	5.46704	4.67415	121882	122185	122154	122212	122432	122529	122442	122579	476	187	142	307
VII	124333	124601	Interval_482	1	1	FALSE	FALSE	FALSE	TRUE	NA	NA	NA	3.79506	NA	NA	NA	2.68102	NA	NA	NA	4.67415	NA	NA	NA	124333	NA	NA	NA	124601	NA	NA	NA	107
VII	144279	144632	Interval_483	1	1	FALSE	FALSE	TRUE	FALSE	NA	NA	3.32189	NA	NA	NA	2.18401	NA	NA	NA	3.95514	NA	NA	NA	144279	NA	NA	NA	144632	NA	NA	NA	348	NA
VII	149044	149391	Interval_484	4	4	TRUE	TRUE	TRUE	TRUE	6.3036	3.83265	6.98379	4.41493	7.41933	2.66662	8.66111	3.79118	10.2202	4.73171	11.6846	6.03564	149092	149074	149044	149091	149339	149311	149391	149382	116	25	126	6
VII	159126	159352	Interval_485	1	1	FALSE	FALSE	TRUE	FALSE	NA	NA	6.56922	NA	NA	NA	7.5235	NA	NA	NA	10.3084	NA	NA	NA	159126	NA	NA	NA	159352	NA	NA	NA	181	NA
VII	159358	159585	Interval_486	1	1	FALSE	TRUE	FALSE	FALSE	NA	3.54693	NA	NA	NA	2.08643	NA	NA	NA	4.07399	NA	NA	NA	159358	NA	NA	NA	159585	NA	NA	NA	1	NA	NA
VII	165016	166722	Interval_487	7	4	TRUE	TRUE	TRUE	TRUE	5.88567;4.70853	4.72924;4.72924	2.80612;6.02555	5.94551	5.82349;3.88981	3.8235;3.8235	1.37406;6.79316	6.40224	8.38997;6.11827	6.15258;6.15258	2.93917;9.43405	9.30577	165224;166054	165254;165988	165016;165922	165233	165443;166722	165507;166495	165282;166446	166435	33;51	82;187	33;86	270
VII	190712	191316	Interval_488	2	2	FALSE	FALSE	TRUE	TRUE	NA	NA	6.95551	6.32401	NA	NA	8.34068	6.86741	NA	NA	11.2727	9.91309	NA	NA	190712	190872	NA	NA	191316	191232	NA	NA	295	134
VII	197132	198063	Interval_489	4	4	TRUE	TRUE	TRUE	TRUE	5.58955	4.72924	5.81331	5.26176	5.41969	3.8235	6.78831	5.0351	7.89928	6.15258	9.4279	7.6196	197238	197179	197132	197132	198023	197734	197904	198063	194	68	312	717
VII	200091	200333	Interval_490	1	1	FALSE	TRUE	FALSE	FALSE	NA	2.95577	NA	NA	NA	1.3324	NA	NA	NA	3.12805	NA	NA	NA	200091	NA	NA	NA	200333	NA	NA	NA	85	NA	NA
VII	205337	205673	Interval_491	1	1	TRUE	FALSE	FALSE	FALSE	8.23147	NA	NA	NA	10.5265	NA	NA	NA	13.7255	NA	NA	NA	205337	NA	NA	NA	205673	NA	NA	NA	242	NA	NA	NA
VII	206389	206704	Interval_492	2	2	FALSE	FALSE	TRUE	TRUE	NA	NA	5.8427	4.21644	NA	NA	6.5757	3.18267	NA	NA	9.14103	5.32648	NA	NA	206448	206389	NA	NA	206704	206657	NA	NA	142	38
VII	228425	228741	Interval_493	1	1	TRUE	FALSE	FALSE	FALSE	5.61563	NA	NA	NA	5.45529	NA	NA	NA	7.94197	NA	NA	NA	228425	NA	NA	NA	228741	NA	NA	NA	67	NA	NA	NA
VII	229908	230104	Interval_494	1	1	FALSE	FALSE	TRUE	FALSE	NA	NA	5.38759	NA	NA	NA	5.44487	NA	NA	NA	7.81912	NA	NA	NA	229908	NA	NA	NA	230104	NA	NA	NA	42	NA
VII	254273	254583	Interval_495	1	1	TRUE	FALSE	FALSE	FALSE	4.70853	NA	NA	NA	3.88981	NA	NA	NA	6.11827	NA	NA	NA	254273	NA	NA	NA	254583	NA	NA	NA	153	NA	NA	NA
VII	271106	272230	Interval_496	4	4	TRUE	TRUE	TRUE	TRUE	7.17471	6.89483	5.35815	7.43407	11.2265	9.92692	8.51491	11.9309	14.5233	13.1634	11.509	15.9005	271185	271405	271106	271180	272162	272137	272230	272142	637	377	347	843
VII	277095	277431	Interval_497	4	4	TRUE	TRUE	TRUE	TRUE	6.29463	5.5623	4.39904	6.94332	6.61225	5.49464	3.88729	8.23382	9.28815	8.09731	6.01084	11.6191	277192	277095	277134	277141	277423	277431	277415	277422	160	321	82	115
VII	284133	284403	Interval_498	1	1	TRUE	FALSE	FALSE	FALSE	4.11997	NA	NA	NA	2.98981	NA	NA	NA	5.05521	NA	NA	NA	284133	NA	NA	NA	284403	NA	NA	NA	194	NA	NA	NA
VII	287280	287516	Interval_499	2	2	FALSE	TRUE	FALSE	TRUE	NA	2.95577	NA	4.74349	NA	1.3324	NA	3.98495	NA	3.12805	NA	6.33242	NA	287280	NA	287291	NA	287509	NA	287516	NA	9	NA	32
VII	319726	319960	Interval_500	1	1	FALSE	FALSE	FALSE	TRUE	NA	NA	NA	3.94189	NA	NA	NA	2.87582	NA	NA	NA	4.8996	NA	NA	NA	319726	NA	NA	NA	319960	NA	NA	NA	76
VII	323721	324041	Interval_501	1	1	FALSE	FALSE	FALSE	TRUE	NA	NA	NA	4.57347	NA	NA	NA	3.98495	NA	NA	NA	6.28324	NA	NA	NA	323721	NA	NA	NA	324041	NA	NA	NA	224
VII	324759	324962	Interval_502	1	1	FALSE	FALSE	TRUE	FALSE	NA	NA	3.976	NA	NA	NA	3.13354	NA	NA	NA	5.13622	NA	NA	NA	324759	NA	NA	NA	324962	NA	NA	NA	139	NA
VII	345806	345976	Interval_503	1	1	TRUE	FALSE	FALSE	FALSE	4.11997	NA	NA	NA	2.98981	NA	NA	NA	5.05521	NA	NA	NA	345806	NA	NA	NA	345976	NA	NA	NA	9	NA	NA	NA
VII	366084	366433	Interval_504	2	2	FALSE	TRUE	FALSE	TRUE	NA	4.00491	NA	3.44915	NA	2.88007	NA	2.16921	NA	4.9969	NA	4.00236	NA	366084	NA	366208	NA	366363	NA	366433	NA	210	NA	51
VII	368314	368654	Interval_505	2	2	TRUE	FALSE	FALSE	TRUE	3.27425	NA	NA	4.41493	1.95028	NA	NA	3.79118	3.7385	NA	NA	6.03564	368314	NA	NA	368314	368654	NA	NA	368654	63	NA	NA	55
VII	371028	371642	Interval_506	4	4	TRUE	TRUE	TRUE	TRUE	4.32743	7.6653	6.42788	6.64136	3.54136	9.93257	7.35614	7.5231	5.6797	13.1825	10.0803	10.7649	371028	371080	371140	371113	371642	371467	371642	371485	102	241	191	244
VII	384539	385406	Interval_507	4	4	TRUE	TRUE	TRUE	TRUE	9.35998	8.25087	6.57477	8.0149	13.6545	10.4569	10.7937	12.461	17.2662	13.7578	14.3044	16.4555	384638	384667	384554	384539	385194	384993	385406	385239	123	115	348	360
VII	397879	398476	Interval_508	4	4	TRUE	TRUE	TRUE	TRUE	9.09714	6.96028	8.08376	9.21588	15.095	9.65169	11.5033	14.4387	18.8111	12.8515	15.1626	18.4993	397879	397897	397907	397939	398459	398476	398318	398351	186	164	252	206
VII	405453	405694	Interval_509	1	1	TRUE	FALSE	FALSE	FALSE	4.70853	NA	NA	NA	3.88981	NA	NA	NA	6.11827	NA	NA	NA	405453	NA	NA	NA	405694	NA	NA	NA	126	NA	NA	NA
VII	413070	413625	Interval_510	4	4	TRUE	TRUE	TRUE	TRUE	7.32947	7.32627	8.61748	4.17378	9.19911	9.0981	13.5057	3.47266	12.2455	12.2403	17.4895	5.65922	413228	413207	413263	413070	413568	413572	413625	413408	115	243	186	258
VII	423108	423492	Interval_511	3	3	TRUE	FALSE	TRUE	TRUE	5.40309	NA	5.6233	4.85642	5.616	NA	6.26825	4.53248	8.12769	NA	8.78925	6.97947	423108	NA	423108	423132	423492	NA	423492	423313	124	NA	110	122
VII	428144	428357	Interval_512	2	2	FALSE	FALSE	TRUE	TRUE	NA	NA	8.05498	7.73823	NA	NA	11.0934	10.3127	NA	NA	14.6657	14.1445	NA	NA	428146	428144	NA	NA	428357	428355	NA	NA	76	73
VII	432844	433698	Interval_513	4	4	TRUE	TRUE	TRUE	TRUE	6.73875	6.32844	7.8445	5.74093	7.47109	6.55968	10.4457	5.68114	10.2825	9.34449	13.8879	8.38354	433266	433261	433294	432844	433544	433698	433573	433523	101	126	180	599
VII	433734	434016	Interval_514	2	2	TRUE	FALSE	FALSE	TRUE	3.49127	NA	NA	3.62981	2.16723	NA	NA	2.45779	4.06637	NA	NA	4.42208	433743	NA	NA	433734	434016	NA	NA	433966	241	NA	NA	74
VII	438519	438888	Interval_515	4	4	TRUE	TRUE	TRUE	TRUE	3.69889	3.5923	5.46433	7.43624	2.57781	2.34742	5.77914	9.1931	4.52727	4.36505	8.22514	12.8095	438559	438519	438548	438523	438767	438751	438859	438888	40	166	94	130
VII	452037	452234	Interval_516	1	1	FALSE	FALSE	TRUE	FALSE	NA	NA	4.0426	NA	NA	NA	3.06233	NA	NA	NA	5.05527	NA	NA	NA	452037	NA	NA	NA	452234	NA	NA	NA	131	NA
VII	472347	472797	Interval_517	3	3	TRUE	FALSE	TRUE	TRUE	4.11997	NA	6.46018	4.74349	2.98981	NA	7.66412	3.98495	5.05521	NA	10.4727	6.33242	472523	NA	472347	472589	472709	NA	472789	472797	85	NA	185	48
VII	482958	484331	Interval_518	4	4	TRUE	TRUE	TRUE	TRUE	5.41291	5.16403	4.32508	5.08257	6.16223	7.48933	3.99106	5.03372	8.77539	10.4039	6.13935	7.61746	483172	482958	483298	483303	483944	483888	484204	484331	207	393	632	275
VII	508567	508857	Interval_519	1	1	FALSE	FALSE	FALSE	TRUE	NA	NA	NA	3.99339	NA	NA	NA	2.9419	NA	NA	NA	4.97909	NA	NA	NA	508567	NA	NA	NA	508857	NA	NA	NA	7
VII	515923	516599	Interval_520	3	3	TRUE	FALSE	TRUE	TRUE	4.11997	NA	5.68923	4.26944	2.98981	NA	6.08617	3.41281	5.05521	NA	8.58326	5.58968	516309	NA	516085	515923	516599	NA	516525	516555	262	NA	332	450
VII	525653	525880	Interval_521	1	1	FALSE	FALSE	TRUE	FALSE	NA	NA	4.78482	NA	NA	NA	5.10674	NA	NA	NA	7.43189	NA	NA	NA	525653	NA	NA	NA	525880	NA	NA	NA	105	NA
VII	528429	528973	Interval_522	3	3	TRUE	FALSE	TRUE	TRUE	4.80741	NA	4.59625	3.9888	4.17183	NA	4.61162	3.08921	6.4341	NA	6.83848	5.15595	528429	NA	528429	528630	528769	NA	528973	528873	49	NA	255	146
VII	534916	535452	Interval_523	1	1	FALSE	TRUE	FALSE	FALSE	NA	3.54693	NA	NA	NA	2.08643	NA	NA	NA	4.07399	NA	NA	NA	534916	NA	NA	NA	535452	NA	NA	NA	89	NA	NA
VII	541599	541938	Interval_524	1	1	FALSE	TRUE	FALSE	FALSE	NA	3.54693	NA	NA	NA	2.08643	NA	NA	NA	4.07399	NA	NA	NA	541599	NA	NA	NA	541938	NA	NA	NA	121	NA	NA
VII	547211	547767	Interval_525	3	3	TRUE	FALSE	TRUE	TRUE	4.56441	NA	7.59596	7.59578	3.86337	NA	10.4632	10.1128	6.04974	NA	13.9097	13.9094	547254	NA	547211	547375	547767	NA	547586	547585	281	NA	286	131
VII	555486	555697	Interval_526	2	2	TRUE	TRUE	FALSE	FALSE	5.26805	7.15144	NA	NA	5.17831	8.52782	NA	NA	7.62956	11.5909	NA	NA	555486	555496	NA	NA	555695	555697	NA	NA	31	89	NA	NA
VII	557707	557938	Interval_527	2	2	FALSE	FALSE	TRUE	TRUE	NA	NA	5.00897	3.77942	NA	NA	4.92247	2.65983	NA	NA	7.22011	4.65022	NA	NA	557723	557707	NA	NA	557938	557889	NA	NA	98	105
VII	560116	560451	Interval_528	2	2	FALSE	FALSE	TRUE	TRUE	NA	NA	4.53662	5.51493	NA	NA	3.88729	5.37736	NA	NA	6.00614	8.02173	NA	NA	560170	560116	NA	NA	560439	560451	NA	NA	232	89
VII	561633	561909	Interval_529	1	1	FALSE	TRUE	FALSE	FALSE	NA	3.54693	NA	NA	NA	2.08643	NA	NA	NA	4.07399	NA	NA	NA	561633	NA	NA	NA	561909	NA	NA	NA	34	NA	NA
VII	576552	577004	Interval_530	3	3	TRUE	TRUE	FALSE	TRUE	5.2971	3.54693	NA	4.55204	4.83045	2.08643	NA	3.78771	7.23157	4.07399	NA	6.03032	576575	576552	NA	576718	577004	576834	NA	576947	219	173	NA	99
VII	581630	581888	Interval_531	1	1	FALSE	FALSE	FALSE	TRUE	NA	NA	NA	4.82368	NA	NA	NA	4.27353	NA	NA	NA	6.67521	NA	NA	NA	581630	NA	NA	NA	581888	NA	NA	NA	169
VII	584199	584639	Interval_532	2	2	FALSE	FALSE	TRUE	TRUE	NA	NA	5.61223	4.69713	NA	NA	5.97831	3.97612	NA	NA	8.46057	6.25893	NA	NA	584199	584262	NA	NA	584626	584639	NA	NA	120	279
VII	591653	593204	Interval_533	5	4	TRUE	TRUE	TRUE	TRUE	4.31022;5.28909	5.50675	5.88335	5.05303	3.52168;5.20878	5.41796	9.37352	6.28654	5.65296;7.66288	8.00868	12.5574	9.16422	592115;592523	592360	591653	592118	592293;593033	592919	593204	593177	17;242	458	987	405
VII	598868	599292	Interval_534	2	2	FALSE	FALSE	TRUE	TRUE	NA	NA	8.61529	7.0912	NA	NA	12.6392	8.68934	NA	NA	16.5109	12.2474	NA	NA	598868	598880	NA	NA	599176	599292	NA	NA	158	175
VII	609340	610355	Interval_535	4	4	TRUE	TRUE	TRUE	TRUE	7.15524	5.85778	6.39799	6.35217	8.96123	5.89122	8.83141	7.17275	11.9626	8.57202	11.8977	10.2985	609340	609345	609365	609352	610274	610355	610300	610269	569	443	760	756
VII	625179	625596	Interval_536	3	3	TRUE	FALSE	TRUE	TRUE	10.0056	NA	10.6161	4.74349	13.8576	NA	19.4177	3.98495	17.4809	NA	23.5945	6.33242	625224	NA	625179	625295	625554	NA	625596	625560	141	NA	238	194
VII	640487	640717	Interval_537	1	1	TRUE	FALSE	FALSE	FALSE	4.11997	NA	NA	NA	2.98981	NA	NA	NA	5.05521	NA	NA	NA	640487	NA	NA	NA	640717	NA	NA	NA	21	NA	NA	NA
VII	650766	651495	Interval_538	3	3	TRUE	FALSE	TRUE	TRUE	4.69574	NA	3.9678	4.33638	4.20746	NA	3.92166	4.28469	6.47453	NA	6.0627	6.68841	650810	NA	650843	650766	651138	NA	651495	651181	81	NA	576	290
VII	654059	654523	Interval_539	2	2	FALSE	FALSE	TRUE	TRUE	NA	NA	5.83344	3.86022	NA	NA	8.36302	3.24578	NA	NA	11.2963	5.39497	NA	NA	654059	654101	NA	NA	654436	654523	NA	NA	143	377
VII	661762	661995	Interval_540	3	3	TRUE	TRUE	TRUE	FALSE	4.11997	4.72924	5.55857	NA	2.98981	3.8235	5.65959	NA	5.05521	6.15258	8.09135	NA	661773	661762	661762	NA	661982	661969	661995	NA	78	107	188	NA
VII	677558	678119	Interval_541	3	3	TRUE	FALSE	TRUE	TRUE	5.05406	NA	5.41675	4.97009	4.51937	NA	5.71238	4.4733	6.83122	NA	8.14943	6.90578	677702	NA	677632	677558	677951	NA	677911	678119	143	NA	221	345
VII	700656	701002	Interval_542	2	2	TRUE	FALSE	TRUE	FALSE	5.77327	NA	4.49293	NA	5.86348	NA	3.84668	NA	8.4356	NA	5.9377	NA	700656	NA	700767	NA	700964	NA	701002	NA	122	NA	127	NA
VII	702740	703068	Interval_543	2	2	FALSE	FALSE	TRUE	TRUE	NA	NA	5.71536	4.64765	NA	NA	6.12487	4.03831	NA	NA	8.62493	6.39925	NA	NA	702740	702803	NA	NA	703068	703068	NA	NA	104	45
VII	706868	707199	Interval_544	2	2	FALSE	TRUE	FALSE	TRUE	NA	4.72924	NA	3.68938	NA	3.8235	NA	2.41337	NA	6.15258	NA	4.37052	NA	706881	NA	706868	NA	707199	NA	707159	NA	213	NA	142
VII	709146	709411	Interval_545	1	1	FALSE	FALSE	TRUE	FALSE	NA	NA	4.0426	NA	NA	NA	3.06233	NA	NA	NA	5.05527	NA	NA	NA	709146	NA	NA	NA	709411	NA	NA	NA	185	NA
VII	726511	726874	Interval_546	3	3	TRUE	TRUE	TRUE	FALSE	7.19106	7.96297	7.38306	NA	8.68101	9.7239	9.50129	NA	11.6554	12.9307	12.7229	NA	726511	726574	726582	NA	726843	726874	726867	NA	151	90	127	NA
VII	733205	733732	Interval_547	4	4	TRUE	TRUE	TRUE	TRUE	4.16245	4.71064	4.73624	4.61026	3.15839	3.8235	4.77903	3.9899	5.24189	6.12175	7.06367	6.34076	733266	733364	733269	733205	733440	733732	733732	733386	9	263	210	89
VII	739038	739802	Interval_548	4	4	TRUE	TRUE	TRUE	TRUE	7.66261	4.72924	5.66333	7.27352	10.0434	3.8235	6.04856	8.37617	13.1781	6.15258	8.54198	11.7899	739138	739149	739139	739038	739751	739491	739662	739802	161	65	193	240
VII	753927	754421	Interval_549	2	2	FALSE	FALSE	TRUE	TRUE	NA	NA	5.41979	5.74011	NA	NA	5.9789	5.87614	NA	NA	8.46224	8.66439	NA	NA	753952	753927	NA	NA	754421	754155	NA	NA	236	98
VII	756569	756827	Interval_550	3	3	TRUE	FALSE	TRUE	TRUE	3.5314	NA	4.36202	3.90829	2.15114	NA	3.86084	2.83145	4.04885	NA	5.95306	4.84786	756576	NA	756569	756628	756827	NA	756827	756827	51	NA	58	143
VII	766139	766557	Interval_551	4	4	TRUE	TRUE	TRUE	TRUE	6.46727	5.91154	8.34308	4.94864	7.0758	5.76732	11.487	4.44269	9.83584	8.4335	15.1386	6.87191	766139	766216	766239	766223	766531	766449	766557	766536	144	127	95	217
VII	774275	774810	Interval_552	4	4	TRUE	TRUE	TRUE	TRUE	7.88209	7.43638	6.73531	5.48584	10.3492	8.66039	8.97044	5.79286	13.536	11.7335	12.0639	8.56849	774371	774439	774275	774376	774729	774661	774760	774810	130	79	172	68
VII	779637	779959	Interval_553	1	1	FALSE	FALSE	FALSE	TRUE	NA	NA	NA	3.68938	NA	NA	NA	2.41337	NA	NA	NA	4.37052	NA	NA	NA	779637	NA	NA	NA	779959	NA	NA	NA	113
VII	785463	786038	Interval_554	3	3	TRUE	FALSE	TRUE	TRUE	4.57631	NA	5.37389	7.00281	4.26073	NA	6.75582	9.29182	6.53735	NA	9.38871	12.9229	785590	NA	785463	785557	786038	NA	785913	785932	174	NA	221	218
VII	788294	788774	Interval_555	3	3	TRUE	TRUE	FALSE	TRUE	6.90546	4.65727	NA	6.16197	9.28436	4.05238	NA	7.5231	12.3461	6.4143	NA	10.7204	788310	788386	NA	788294	788658	788774	NA	788528	141	137	NA	183
VII	798270	798472	Interval_556	1	1	FALSE	FALSE	FALSE	TRUE	NA	NA	NA	4.74349	NA	NA	NA	3.98495	NA	NA	NA	6.33242	NA	NA	NA	798270	NA	NA	NA	798472	NA	NA	NA	25
VII	809548	810776	Interval_557	4	4	TRUE	TRUE	TRUE	TRUE	7.13022	5.05664	7.35641	6.79836	8.59957	4.60582	10.1509	8.63237	11.5564	7.04264	13.5128	12.1686	809715	809807	809659	809548	810103	810018	810122	810776	202	42	196	119
VII	810824	811202	Interval_558	2	2	TRUE	FALSE	TRUE	FALSE	3.75576	NA	4.20287	NA	2.53118	NA	3.642	NA	4.47372	NA	5.70465	NA	811027	NA	810824	NA	811202	NA	811035	NA	12	NA	86	NA
VII	823477	823823	Interval_559	2	2	TRUE	TRUE	FALSE	FALSE	4.11997	4.72924	NA	NA	2.98981	3.8235	NA	NA	5.05521	6.15258	NA	NA	823509	823477	NA	NA	823702	823823	NA	NA	6	205	NA	NA
VII	828230	828907	Interval_560	1	1	FALSE	FALSE	TRUE	FALSE	NA	NA	3.53727	NA	NA	NA	2.28985	NA	NA	NA	4.13652	NA	NA	NA	828230	NA	NA	NA	828907	NA	NA	NA	532	NA
VII	837031	837249	Interval_561	1	1	TRUE	FALSE	FALSE	FALSE	4.11997	NA	NA	NA	2.98981	NA	NA	NA	5.05521	NA	NA	NA	837031	NA	NA	NA	837249	NA	NA	NA	13	NA	NA	NA
VII	848262	848496	Interval_562	1	1	FALSE	FALSE	FALSE	TRUE	NA	NA	NA	3.63676	NA	NA	NA	2.40675	NA	NA	NA	4.28919	NA	NA	NA	848262	NA	NA	NA	848496	NA	NA	NA	9
VII	856618	857474	Interval_563	5	4	TRUE	TRUE	TRUE	TRUE	5.89419	6.92159	9.23436;2.9445	5.52159	7.14226	8.52432	15.9733;1.67974	6.11356	9.9102	11.5838	20.0951;3.38344	8.95321	856618	856653	856667;857210	856653	857290	857328	857007;857474	857049	304	157	163;95	262
VII	857551	857912	Interval_564	1	1	TRUE	FALSE	FALSE	FALSE	3.94233	NA	NA	NA	3.20763	NA	NA	NA	5.29712	NA	NA	NA	857551	NA	NA	NA	857912	NA	NA	NA	16	NA	NA	NA
VII	859462	859697	Interval_565	1	1	FALSE	FALSE	FALSE	TRUE	NA	NA	NA	3.65007	NA	NA	NA	2.64545	NA	NA	NA	4.63416	NA	NA	NA	859462	NA	NA	NA	859697	NA	NA	NA	227
VII	882566	883288	Interval_566	2	2	FALSE	TRUE	TRUE	FALSE	NA	4.48032	3.76074	NA	NA	4.74972	3.06233	NA	NA	7.21517	5.01176	NA	NA	882566	882992	NA	NA	883288	883190	NA	NA	607	102	NA
VII	883646	884375	Interval_567	4	4	TRUE	TRUE	TRUE	TRUE	5.81823	5.98987	7.27042	4.84385	7.03452	8.18096	10.0425	4.95531	9.78503	11.1906	13.3699	7.52859	883921	883646	884064	884100	884350	884345	884375	884347	103	476	220	184
VII	894183	894945	Interval_568	3	3	TRUE	TRUE	TRUE	FALSE	4.11997	4.13808	4.54792	NA	2.98981	2.91682	3.88729	NA	5.05521	5.08493	6.02386	NA	894183	894427	894201	NA	894484	894626	894945	NA	112	11	280	NA
VII	904924	905812	Interval_569	4	4	TRUE	TRUE	TRUE	TRUE	7.31017	6.84722	8.36959	6.37528	11.047	8.75989	14.5005	8.42832	14.3122	11.8491	18.5642	11.8588	905018	905011	905018	904924	905802	905812	905802	905781	611	526	575	669
VII	913184	913407	Interval_570	1	1	TRUE	FALSE	FALSE	FALSE	4.59977	NA	NA	NA	3.76797	NA	NA	NA	5.9395	NA	NA	NA	913184	NA	NA	NA	913407	NA	NA	NA	161	NA	NA	NA
VII	914435	914889	Interval_571	1	1	FALSE	FALSE	TRUE	FALSE	NA	NA	3.53727	NA	NA	NA	2.28985	NA	NA	NA	4.13652	NA	NA	NA	914435	NA	NA	NA	914889	NA	NA	NA	273	NA
VII	914912	915125	Interval_572	1	1	TRUE	FALSE	FALSE	FALSE	6.73875	NA	NA	NA	7.47109	NA	NA	NA	10.2825	NA	NA	NA	914912	NA	NA	NA	915125	NA	NA	NA	139	NA	NA	NA
VII	919723	920448	Interval_573	4	4	TRUE	TRUE	TRUE	TRUE	6.24368	10.2568	4.55361	5.03082	6.76877	16.0071	4.09531	4.76254	9.47251	19.7195	6.2522	7.25459	920054	919723	920039	920049	920415	920438	920405	920448	155	532	104	200
VII	922009	922256	Interval_574	1	1	FALSE	FALSE	FALSE	TRUE	NA	NA	NA	4.30508	NA	NA	NA	3.46046	NA	NA	NA	5.64498	NA	NA	NA	922009	NA	NA	NA	922256	NA	NA	NA	33
VII	931011	931241	Interval_575	1	1	FALSE	TRUE	FALSE	FALSE	NA	3.54693	NA	NA	NA	2.08643	NA	NA	NA	4.07399	NA	NA	NA	931011	NA	NA	NA	931241	NA	NA	NA	80	NA	NA
VII	939175	939472	Interval_576	1	1	TRUE	FALSE	FALSE	FALSE	4.11997	NA	NA	NA	2.98981	NA	NA	NA	5.05521	NA	NA	NA	939175	NA	NA	NA	939472	NA	NA	NA	66	NA	NA	NA
VII	951326	951638	Interval_577	2	2	FALSE	FALSE	TRUE	TRUE	NA	NA	5.55857	4.21644	NA	NA	5.65959	3.18267	NA	NA	8.09135	5.32648	NA	NA	951326	951402	NA	NA	951609	951638	NA	NA	211	59
VII	953632	953912	Interval_578	2	2	TRUE	FALSE	TRUE	FALSE	5.2971	NA	5.05325	NA	4.83045	NA	4.75515	NA	7.23157	NA	7.03726	NA	953632	NA	953632	NA	953870	NA	953912	NA	150	NA	164	NA
VII	958485	958812	Interval_579	2	2	TRUE	TRUE	FALSE	FALSE	4.11997	4.05043	NA	NA	2.98981	2.83591	NA	NA	5.05521	4.9419	NA	NA	958506	958485	NA	NA	958736	958812	NA	NA	152	144	NA	NA
VII	959120	959746	Interval_580	1	1	FALSE	TRUE	FALSE	FALSE	NA	5.91154	NA	NA	NA	5.76732	NA	NA	NA	8.4335	NA	NA	NA	959120	NA	NA	NA	959746	NA	NA	NA	236	NA	NA
VII	974222	974779	Interval_581	3	3	FALSE	TRUE	TRUE	TRUE	NA	3.35357	5.8013	5.58872	NA	1.96689	7.99494	5.93108	NA	3.8578	10.8588	8.73374	NA	974222	974242	974241	NA	974687	974771	974779	NA	250	296	463
VII	976822	977150	Interval_582	1	1	FALSE	FALSE	TRUE	FALSE	NA	NA	6.27978	NA	NA	NA	8.99766	NA	NA	NA	12.0942	NA	NA	NA	976822	NA	NA	NA	977150	NA	NA	NA	226	NA
VII	986873	987754	Interval_583	4	4	TRUE	TRUE	TRUE	TRUE	7.81811	6.67524	6.12657	5.6814	10.2612	7.86142	8.15707	6.60271	13.4316	10.8196	11.0415	9.55875	987000	987036	986873	986927	987554	987754	987603	987742	304	305	532	558
VII	993847	994236	Interval_584	2	2	FALSE	FALSE	TRUE	TRUE	NA	NA	5.55857	3.16233	NA	NA	5.65959	1.70397	NA	NA	8.09135	3.47083	NA	NA	993886	993847	NA	NA	994236	994063	NA	NA	252	2
VII	1000114	1000730	Interval_585	4	4	TRUE	TRUE	TRUE	TRUE	6.65431	6.52327	8.81737	7.44237	8.23617	8.63805	13.8083	10.2773	11.1505	11.7103	17.8284	14.0926	1000126	1000114	1000174	1000146	1000596	1000711	1000721	1000730	174	354	257	343
VII	1026091	1026423	Interval_586	3	3	TRUE	TRUE	TRUE	FALSE	3.5314	4.28296	4.11633	NA	2.15114	3.22695	3.32634	NA	4.04885	5.43124	5.35272	NA	1026091	1026166	1026091	NA	1026376	1026391	1026423	NA	108	61	115	NA
VII	1026719	1027200	Interval_587	4	4	TRUE	TRUE	TRUE	TRUE	7.0628	3.74759	4.51396	4.74349	7.94416	2.42993	4.03767	3.98495	10.826	4.46098	6.19025	6.33242	1026719	1026795	1026795	1026861	1027200	1027108	1027142	1027158	206	47	159	221
VII	1050355	1050618	Interval_588	2	2	TRUE	TRUE	FALSE	FALSE	4.70853	4.12181	NA	NA	3.88981	2.91682	NA	NA	6.11827	5.05822	NA	NA	1050368	1050355	NA	NA	1050576	1050618	NA	NA	79	207	NA	NA
VII	1051896	1052655	Interval_589	4	4	TRUE	TRUE	TRUE	TRUE	4.11997	4.12181	5.05325	4.21644	2.98981	2.91682	4.75515	3.18267	5.05521	5.05822	7.03726	5.32648	1051896	1051915	1052095	1052283	1052477	1052655	1052474	1052476	372	483	307	133
VII	1061772	1062043	Interval_590	1	1	FALSE	TRUE	FALSE	FALSE	NA	3.54693	NA	NA	NA	2.08643	NA	NA	NA	4.07399	NA	NA	NA	1061772	NA	NA	NA	1062043	NA	NA	NA	194	NA	NA
VII	1083865	1084551	Interval_591	4	4	TRUE	TRUE	TRUE	TRUE	11.0967	9.81015	9.60117	7.37877	18.7775	16.777	13.6513	8.48009	22.7048	20.5478	17.6642	11.9621	1083865	1083869	1083926	1083911	1084551	1084491	1084405	1084354	447	442	303	332
VIII	15	311	Interval_592	2	2	TRUE	TRUE	FALSE	FALSE	17.4018	15.7785	NA	NA	34.0698	29.4916	NA	NA	38.2148	33.525	NA	NA	34	15	NA	NA	311	311	NA	NA	18	52	NA	NA
VIII	4884	5286	Interval_593	3	3	TRUE	TRUE	TRUE	FALSE	5.56372	7.85295	8.0852	NA	5.38139	10.2063	10.4315	NA	7.85706	13.4885	13.8681	NA	4970	5013	4884	NA	5273	5271	5286	NA	178	135	263	NA
VIII	17419	18002	Interval_594	2	2	TRUE	TRUE	FALSE	FALSE	3.5314	5.11905	NA	NA	2.15114	4.51281	NA	NA	4.04885	6.9373	NA	NA	17460	17419	NA	NA	17729	18002	NA	NA	135	200	NA	NA
VIII	18155	18479	Interval_595	1	1	FALSE	FALSE	TRUE	FALSE	NA	NA	3.53727	NA	NA	NA	2.28985	NA	NA	NA	4.13652	NA	NA	NA	18155	NA	NA	NA	18479	NA	NA	NA	218	NA
VIII	48073	48610	Interval_596	4	4	TRUE	TRUE	TRUE	TRUE	4.32743	8.54182	6.46448	5.81288	3.54136	12.0505	8.93065	5.96907	5.6797	15.4646	12.0117	8.78057	48205	48227	48190	48073	48571	48610	48538	48555	105	192	176	381
VIII	54367	54785	Interval_597	2	2	TRUE	FALSE	TRUE	FALSE	4.06203	NA	3.41398	NA	3.3749	NA	2.58605	NA	5.48456	NA	4.46174	NA	54507	NA	54367	NA	54785	NA	54672	NA	162	NA	292	NA
VIII	55116	56199	Interval_598	6	4	TRUE	TRUE	TRUE	TRUE	5.48417;4.6594	4.27091	3.08274;4.46041	5.92188	5.97534;4.15708	3.3712	2.01086;4.1874	6.37206	8.5658;6.41763	5.59195	3.75421;6.35399	9.26791	55145;55923	55462	55116;55969	55569	55633;56199	56151	55539;56199	56116	351;218	85	94;154	418
VIII	62474	62781	Interval_599	1	1	FALSE	TRUE	FALSE	FALSE	NA	4.13808	NA	NA	NA	2.91682	NA	NA	NA	5.08493	NA	NA	NA	62474	NA	NA	NA	62781	NA	NA	NA	187	NA	NA
VIII	98203	98966	Interval_600	4	4	TRUE	TRUE	TRUE	TRUE	6.10446	6.38052	6.89223	5.74011	6.84759	7.14033	8.85502	5.87614	9.56057	10.004	11.9227	8.66439	98320	98326	98316	98203	98800	98966	98684	98849	78	208	255	342
VIII	103840	104143	Interval_601	1	1	TRUE	FALSE	FALSE	FALSE	3.78954	NA	NA	NA	2.57764	NA	NA	NA	4.52652	NA	NA	NA	103840	NA	NA	NA	104143	NA	NA	NA	292	NA	NA	NA
VIII	113203	113384	Interval_602	1	1	TRUE	FALSE	FALSE	FALSE	2.94283	NA	NA	NA	1.39059	NA	NA	NA	3.10747	NA	NA	NA	113203	NA	NA	NA	113384	NA	NA	NA	12	NA	NA	NA
VIII	115117	115358	Interval_603	1	1	FALSE	TRUE	FALSE	FALSE	NA	4.13808	NA	NA	NA	2.91682	NA	NA	NA	5.08493	NA	NA	NA	115117	NA	NA	NA	115358	NA	NA	NA	145	NA	NA
VIII	115678	116209	Interval_604	2	2	TRUE	TRUE	FALSE	FALSE	4.11997	3.4718	NA	NA	2.98981	2.04955	NA	NA	5.05521	3.95304	NA	NA	115731	115678	NA	NA	116209	115965	NA	NA	418	6	NA	NA
VIII	121931	122772	Interval_605	4	4	TRUE	TRUE	TRUE	TRUE	5.62986	8.08303	7.59343	6.6818	6.4779	13.5339	12.7729	8.48994	9.12979	17.0589	16.662	11.9749	122132	122150	122132	121931	122681	122772	122658	122373	117	291	370	336
VIII	126011	126359	Interval_606	4	4	TRUE	TRUE	TRUE	TRUE	5.87501	3.58987	4.91237	4.12546	7.11337	2.67657	6.08617	3.60916	9.87863	4.74172	8.58278	5.82127	126039	126011	126069	126138	126313	126291	126359	126339	207	11	187	149
VIII	138362	138567	Interval_607	1	1	FALSE	FALSE	TRUE	FALSE	NA	NA	3.03195	NA	NA	NA	1.5793	NA	NA	NA	3.27389	NA	NA	NA	138362	NA	NA	NA	138567	NA	NA	NA	85	NA
VIII	148801	149113	Interval_608	3	3	TRUE	TRUE	TRUE	FALSE	4.43367	6.20317	6.89337	NA	3.68572	7.17981	9.17878	NA	5.84512	10.0582	12.3261	NA	148843	148801	148821	NA	149113	149113	149113	NA	120	163	105	NA
VIII	150737	151501	Interval_609	2	2	FALSE	FALSE	TRUE	TRUE	NA	NA	4.05492	6.59698	NA	NA	3.43632	7.75964	NA	NA	5.47344	11.0575	NA	NA	150753	150737	NA	NA	151501	151418	NA	NA	46	185
VIII	174895	175405	Interval_610	2	2	FALSE	FALSE	TRUE	TRUE	NA	NA	6.72057	4.80094	NA	NA	9.28095	4.46147	NA	NA	12.4474	6.89196	NA	NA	174895	174925	NA	NA	175405	175405	NA	NA	316	223
VIII	177230	177543	Interval_611	1	1	FALSE	FALSE	TRUE	FALSE	NA	NA	3.42526	NA	NA	NA	2.60163	NA	NA	NA	4.47977	NA	NA	NA	177230	NA	NA	NA	177543	NA	NA	NA	13	NA
VIII	181453	181858	Interval_612	1	1	FALSE	FALSE	TRUE	FALSE	NA	NA	5.55857	NA	NA	NA	5.65959	NA	NA	NA	8.09135	NA	NA	NA	181453	NA	NA	NA	181858	NA	NA	NA	341	NA
VIII	189933	190435	Interval_613	3	3	TRUE	TRUE	FALSE	TRUE	3.98672	4.72924	NA	5.08024	2.85013	3.8235	NA	4.61959	4.83912	6.15258	NA	7.08004	189933	190219	NA	189949	190413	190422	NA	190435	400	37	NA	356
VIII	206005	206350	Interval_614	1	1	FALSE	FALSE	FALSE	TRUE	NA	NA	NA	4.47308	NA	NA	NA	3.68081	NA	NA	NA	5.90667	NA	NA	NA	206005	NA	NA	NA	206350	NA	NA	NA	52
VIII	236085	236535	Interval_615	4	4	TRUE	TRUE	TRUE	TRUE	7.57543	7.43494	7.28369	7.04413	9.56534	9.25682	10.7671	8.98577	12.6458	12.417	14.2666	12.5752	236169	236162	236146	236085	236495	236534	236535	236533	172	186	337	160
VIII	255966	256209	Interval_616	1	1	TRUE	FALSE	FALSE	FALSE	3.5314	NA	NA	NA	2.15114	NA	NA	NA	4.04885	NA	NA	NA	255966	NA	NA	NA	256209	NA	NA	NA	35	NA	NA	NA
VIII	267000	267995	Interval_617	3	3	FALSE	TRUE	TRUE	TRUE	NA	4.72924	7.07455	5.2429	NA	3.8235	8.48005	4.83411	NA	6.15258	11.4659	7.33901	NA	267113	267000	267087	NA	267428	267432	267995	NA	93	364	275
VIII	272320	272890	Interval_618	1	1	TRUE	FALSE	FALSE	FALSE	4.11997	NA	NA	NA	2.98981	NA	NA	NA	5.05521	NA	NA	NA	272320	NA	NA	NA	272890	NA	NA	NA	206	NA	NA	NA
VIII	280215	281267	Interval_619	3	2	FALSE	FALSE	TRUE	TRUE	NA	NA	7.74016;3.50636	5.48062	NA	NA	12.2024;2.71654	6.60525	NA	NA	15.9767;4.60906	9.57199	NA	NA	280220;280932	280215	NA	NA	280651;281152	281267	NA	NA	183;190	868
VIII	292827	293731	Interval_620	3	3	TRUE	TRUE	FALSE	TRUE	5.54243	4.70746	NA	3.90064	6.05916	4.34439	NA	3.50896	8.65942	6.74447	NA	5.69983	293371	292827	NA	292828	293731	293649	NA	293036	7	591	NA	25
VIII	296829	297170	Interval_621	2	2	TRUE	FALSE	TRUE	FALSE	6.62572	NA	4.25271	NA	7.87497	NA	4.81378	NA	10.7396	NA	7.10074	NA	296904	NA	296829	NA	297121	NA	297170	NA	136	NA	86	NA
VIII	298834	299183	Interval_622	1	1	FALSE	FALSE	FALSE	TRUE	NA	NA	NA	4.5553	NA	NA	NA	3.97467	NA	NA	NA	6.25484	NA	NA	NA	298834	NA	NA	NA	299183	NA	NA	NA	151
VIII	316071	316338	Interval_623	1	1	FALSE	FALSE	TRUE	FALSE	NA	NA	7.07455	NA	NA	NA	8.48005	NA	NA	NA	11.4659	NA	NA	NA	316071	NA	NA	NA	316338	NA	NA	NA	219	NA
VIII	332568	332977	Interval_624	2	2	FALSE	FALSE	TRUE	TRUE	NA	NA	3.53727	4.21644	NA	NA	2.28985	3.18267	NA	NA	4.13652	5.32648	NA	NA	332568	332580	NA	NA	332937	332977	NA	NA	175	337
VIII	341276	342422	Interval_625	2	2	TRUE	FALSE	TRUE	FALSE	3.5314	NA	5.26326	NA	2.15114	NA	5.26872	NA	4.04885	NA	7.62198	NA	341705	NA	341276	NA	341908	NA	342422	NA	115	NA	318	NA
VIII	354887	355112	Interval_626	1	1	TRUE	FALSE	FALSE	FALSE	3.5314	NA	NA	NA	2.15114	NA	NA	NA	4.04885	NA	NA	NA	354887	NA	NA	NA	355112	NA	NA	NA	217	NA	NA	NA
VIII	368060	368473	Interval_627	1	1	FALSE	TRUE	FALSE	FALSE	NA	4.72924	NA	NA	NA	3.8235	NA	NA	NA	6.15258	NA	NA	NA	368060	NA	NA	NA	368473	NA	NA	NA	192	NA	NA
VIII	374753	375506	Interval_628	4	4	TRUE	TRUE	TRUE	TRUE	6.46727	4.13808	3.96195	3.95761	7.0758	2.91682	3.30364	3.18267	9.83584	5.08493	5.32787	5.32108	375113	375183	375095	374753	375495	375506	375495	375495	39	53	79	359
VIII	382822	383179	Interval_629	3	3	TRUE	TRUE	TRUE	FALSE	6.32789	4.78924	6.40318	NA	7.76868	4.45674	7.58603	NA	10.62	6.87351	10.3808	NA	382822	382845	382905	NA	383083	383179	383138	NA	155	95	70	NA
VIII	384902	385112	Interval_630	1	1	FALSE	FALSE	FALSE	TRUE	NA	NA	NA	2.8463	NA	NA	NA	1.38484	NA	NA	NA	2.99821	NA	NA	NA	384902	NA	NA	NA	385112	NA	NA	NA	110
VIII	388757	388950	Interval_631	1	1	TRUE	FALSE	FALSE	FALSE	4.89427	NA	NA	NA	4.29384	NA	NA	NA	6.57303	NA	NA	NA	388757	NA	NA	NA	388950	NA	NA	NA	79	NA	NA	NA
VIII	393415	393634	Interval_632	1	1	FALSE	FALSE	TRUE	FALSE	NA	NA	4.0426	NA	NA	NA	3.06233	NA	NA	NA	5.05527	NA	NA	NA	393415	NA	NA	NA	393634	NA	NA	NA	36	NA
VIII	400853	401187	Interval_633	1	1	FALSE	FALSE	FALSE	TRUE	NA	NA	NA	3.68938	NA	NA	NA	2.41337	NA	NA	NA	4.37052	NA	NA	NA	400853	NA	NA	NA	401187	NA	NA	NA	216
VIII	417593	417841	Interval_634	1	1	FALSE	FALSE	FALSE	TRUE	NA	NA	NA	3.68938	NA	NA	NA	2.41337	NA	NA	NA	4.37052	NA	NA	NA	417593	NA	NA	NA	417841	NA	NA	NA	6
VIII	422453	422838	Interval_635	3	3	TRUE	FALSE	TRUE	TRUE	5.2971	NA	5.3123	6.54628	4.83045	NA	5.33703	7.14901	7.23157	NA	7.69967	10.2713	422523	NA	422453	422577	422838	NA	422833	422826	38	NA	125	51
VIII	424133	424526	Interval_636	1	1	FALSE	TRUE	FALSE	FALSE	NA	3.54693	NA	NA	NA	2.08643	NA	NA	NA	4.07399	NA	NA	NA	424133	NA	NA	NA	424526	NA	NA	NA	24	NA	NA
VIII	437055	437339	Interval_637	1	1	FALSE	FALSE	TRUE	FALSE	NA	NA	4.54792	NA	NA	NA	3.88729	NA	NA	NA	6.02386	NA	NA	NA	437055	NA	NA	NA	437339	NA	NA	NA	46	NA
VIII	450542	451175	Interval_638	4	4	TRUE	TRUE	TRUE	TRUE	5.60167	4.45872	6.56491	6.01862	6.72964	4.94917	8.43759	6.74202	9.42638	7.46931	11.3863	9.76025	450559	450770	450559	450542	451056	451175	450988	451071	366	168	331	224
VIII	451656	452175	Interval_639	2	2	TRUE	TRUE	FALSE	FALSE	4.10789	2.62084	NA	NA	3.64007	1.3324	NA	NA	5.79317	3.02244	NA	NA	451656	451917	NA	NA	451965	452175	NA	NA	154	24	NA	NA
VIII	452411	453275	Interval_640	1	1	FALSE	TRUE	FALSE	FALSE	NA	4.9794	NA	NA	NA	6.28819	NA	NA	NA	9.03073	NA	NA	NA	452411	NA	NA	NA	453275	NA	NA	NA	764	NA	NA
VIII	455695	455925	Interval_641	2	2	FALSE	FALSE	TRUE	TRUE	NA	NA	6.81342	3.04013	NA	NA	9.07841	1.75537	NA	NA	12.1936	3.52852	NA	NA	455695	455699	NA	NA	455920	455925	NA	NA	73	24
VIII	461315	461564	Interval_642	1	1	FALSE	FALSE	TRUE	FALSE	NA	NA	3.53727	NA	NA	NA	2.28985	NA	NA	NA	4.13652	NA	NA	NA	461315	NA	NA	NA	461564	NA	NA	NA	103	NA
VIII	470516	470791	Interval_643	1	1	FALSE	FALSE	TRUE	FALSE	NA	NA	5.55857	NA	NA	NA	5.65959	NA	NA	NA	8.09135	NA	NA	NA	470516	NA	NA	NA	470791	NA	NA	NA	166	NA
VIII	484288	484516	Interval_644	1	1	FALSE	FALSE	TRUE	FALSE	NA	NA	3.95562	NA	NA	NA	2.9899	NA	NA	NA	4.92077	NA	NA	NA	484288	NA	NA	NA	484516	NA	NA	NA	17	NA
VIII	486521	486760	Interval_645	1	1	FALSE	FALSE	TRUE	FALSE	NA	NA	2.84461	NA	NA	NA	1.42264	NA	NA	NA	2.99574	NA	NA	NA	486521	NA	NA	NA	486760	NA	NA	NA	157	NA
VIII	488412	488732	Interval_646	1	1	FALSE	FALSE	FALSE	TRUE	NA	NA	NA	5.28381	NA	NA	NA	5.06831	NA	NA	NA	7.65453	NA	NA	NA	488412	NA	NA	NA	488732	NA	NA	NA	60
VIII	497383	497673	Interval_647	1	1	TRUE	FALSE	FALSE	FALSE	3.5314	NA	NA	NA	2.15114	NA	NA	NA	4.04885	NA	NA	NA	497383	NA	NA	NA	497673	NA	NA	NA	198	NA	NA	NA
VIII	498365	499016	Interval_648	3	3	TRUE	TRUE	FALSE	TRUE	4.04411	3.54693	NA	5.27055	2.9294	2.08643	NA	4.83411	4.93167	4.07399	NA	7.38324	498365	498744	NA	498513	498780	499016	NA	498941	189	235	NA	75
VIII	505616	506081	Interval_649	3	3	TRUE	TRUE	FALSE	TRUE	6.70602	5.62402	NA	5.27055	7.68659	5.37233	NA	4.83411	10.5299	7.95574	NA	7.38324	505701	505616	NA	505697	506081	505910	NA	505920	112	109	NA	35
VIII	512104	512403	Interval_650	2	2	TRUE	FALSE	FALSE	TRUE	3.5314	NA	NA	5.7976	2.15114	NA	NA	5.71363	4.04885	NA	NA	8.47482	512164	NA	NA	512104	512335	NA	NA	512403	151	NA	NA	77
VIII	540824	541040	Interval_651	1	1	FALSE	FALSE	TRUE	FALSE	NA	NA	6.56922	NA	NA	NA	7.5235	NA	NA	NA	10.3084	NA	NA	NA	540824	NA	NA	NA	541040	NA	NA	NA	80	NA
VIII	549203	549412	Interval_652	1	1	FALSE	TRUE	FALSE	FALSE	NA	6.5027	NA	NA	NA	6.81614	NA	NA	NA	9.63742	NA	NA	NA	549203	NA	NA	NA	549412	NA	NA	NA	170	NA	NA
VIII	556336	557016	Interval_653	4	4	TRUE	TRUE	TRUE	TRUE	11.2313	7.91736	7.07455	6.32466	17.0096	10.6964	8.48005	6.60525	20.8586	14.007	11.4659	9.60369	556382	556336	556338	556382	557011	557016	556829	556816	334	330	325	275
X	30818	31227	Interval_654	1	1	FALSE	FALSE	TRUE	FALSE	NA	NA	3.53727	NA	NA	NA	2.28985	NA	NA	NA	4.13652	NA	NA	NA	30818	NA	NA	NA	31227	NA	NA	NA	43	NA
X	31518	31773	Interval_655	1	1	FALSE	FALSE	TRUE	FALSE	NA	NA	4.54792	NA	NA	NA	3.88729	NA	NA	NA	6.02386	NA	NA	NA	31518	NA	NA	NA	31773	NA	NA	NA	46	NA
X	36176	37182	Interval_656	3	3	FALSE	TRUE	TRUE	TRUE	NA	3.54693	4.86591	4.64187	NA	2.08643	4.96835	4.24583	NA	4.07399	7.27149	6.64092	NA	36319	36176	36493	NA	36653	37182	37163	NA	244	144	61
X	37594	37777	Interval_657	1	1	FALSE	FALSE	FALSE	TRUE	NA	NA	NA	3.51839	NA	NA	NA	2.37632	NA	NA	NA	4.25283	NA	NA	NA	37594	NA	NA	NA	37777	NA	NA	NA	21
X	60223	60666	Interval_658	2	2	TRUE	FALSE	TRUE	FALSE	5.2971	NA	4.54792	NA	4.83045	NA	3.88729	NA	7.23157	NA	6.02386	NA	60223	NA	60235	NA	60663	NA	60666	NA	298	NA	398	NA
X	68911	69204	Interval_659	1	1	TRUE	FALSE	FALSE	FALSE	7.41242	NA	NA	NA	9.01009	NA	NA	NA	12.0172	NA	NA	NA	68911	NA	NA	NA	69204	NA	NA	NA	125	NA	NA	NA
X	73563	73803	Interval_660	1	1	TRUE	FALSE	FALSE	FALSE	4.23343	NA	NA	NA	3.60623	NA	NA	NA	5.75236	NA	NA	NA	73563	NA	NA	NA	73803	NA	NA	NA	6	NA	NA	NA
X	75453	75804	Interval_661	3	3	FALSE	TRUE	TRUE	TRUE	NA	5.79346	7.75376	4.5745	NA	6.60124	10.6876	4.15504	NA	9.39569	14.1701	6.53449	NA	75453	75525	75519	NA	75749	75804	75783	NA	67	170	177
X	79602	79914	Interval_662	1	1	TRUE	FALSE	FALSE	FALSE	4.06753	NA	NA	NA	3.18827	NA	NA	NA	5.27737	NA	NA	NA	79602	NA	NA	NA	79914	NA	NA	NA	49	NA	NA	NA
X	90162	90645	Interval_663	4	4	TRUE	TRUE	TRUE	TRUE	8.04552	6.41191	7.81874	4.74349	10.9576	7.17682	10.7691	3.98495	14.2165	10.0546	14.2772	6.33242	90162	90266	90162	90162	90638	90645	90638	90526	97	299	106	159
X	104405	104643	Interval_664	1	1	FALSE	FALSE	FALSE	TRUE	NA	NA	NA	3.68938	NA	NA	NA	2.41337	NA	NA	NA	4.37052	NA	NA	NA	104405	NA	NA	NA	104643	NA	NA	NA	3
X	104808	105106	Interval_665	1	1	TRUE	FALSE	FALSE	FALSE	4.11997	NA	NA	NA	2.98981	NA	NA	NA	5.05521	NA	NA	NA	104808	NA	NA	NA	105106	NA	NA	NA	86	NA	NA	NA
X	106142	106438	Interval_666	1	1	TRUE	FALSE	FALSE	FALSE	3.5314	NA	NA	NA	2.15114	NA	NA	NA	4.04885	NA	NA	NA	106142	NA	NA	NA	106438	NA	NA	NA	133	NA	NA	NA
X	111408	111584	Interval_667	1	1	FALSE	FALSE	FALSE	TRUE	NA	NA	NA	3.55617	NA	NA	NA	2.30489	NA	NA	NA	4.16541	NA	NA	NA	111408	NA	NA	NA	111584	NA	NA	NA	30
X	111604	111866	Interval_668	1	1	FALSE	FALSE	TRUE	FALSE	NA	NA	4.09825	NA	NA	NA	3.30163	NA	NA	NA	5.3248	NA	NA	NA	111604	NA	NA	NA	111866	NA	NA	NA	198	NA
X	115698	116079	Interval_669	3	3	TRUE	FALSE	TRUE	TRUE	5.50124	NA	4.66519	4.2044	6.29234	NA	4.7106	3.51387	8.91996	NA	6.94951	5.70704	115698	NA	115745	115703	116079	NA	116061	116041	287	NA	236	43
X	116254	116580	Interval_670	2	2	TRUE	TRUE	FALSE	FALSE	4.23939	3.26597	NA	NA	3.82481	2.08643	NA	NA	6.00304	4.04004	NA	NA	116254	116281	NA	NA	116580	116579	NA	NA	293	190	NA	NA
X	120014	120374	Interval_671	1	1	FALSE	TRUE	FALSE	FALSE	NA	4.17385	NA	NA	NA	4.29108	NA	NA	NA	6.68374	NA	NA	NA	120014	NA	NA	NA	120374	NA	NA	NA	101	NA	NA
X	122975	123588	Interval_672	2	2	FALSE	FALSE	TRUE	TRUE	NA	NA	4.1358	6.10048	NA	NA	3.55111	7.44396	NA	NA	5.59989	10.6181	NA	NA	123191	122975	NA	NA	123508	123588	NA	NA	124	293
X	136247	136890	Interval_673	3	3	TRUE	FALSE	TRUE	TRUE	4.10918	NA	4.03255	4.21644	3.08387	NA	3.06233	3.18267	5.15874	NA	5.0397	5.32648	136339	NA	136247	136443	136555	NA	136526	136890	141	NA	59	420
X	157396	158021	Interval_674	2	2	FALSE	TRUE	TRUE	FALSE	NA	4.65815	5.34256	NA	NA	4.51363	6.15531	NA	NA	6.93818	8.65994	NA	NA	157396	157431	NA	NA	158021	158020	NA	NA	607	62	NA
X	159742	160387	Interval_675	4	4	TRUE	TRUE	TRUE	TRUE	8.80752	6.78925	5.2921	5.29791	13.2817	8.6797	5.80616	5.32546	16.8295	11.7543	8.25649	7.96036	159742	159988	159752	159865	160382	160365	160358	160387	402	104	454	271
X	173292	173501	Interval_676	1	1	FALSE	FALSE	TRUE	FALSE	NA	NA	7.07455	NA	NA	NA	8.48005	NA	NA	NA	11.4659	NA	NA	NA	173292	NA	NA	NA	173501	NA	NA	NA	61	NA
X	181653	181839	Interval_677	1	1	FALSE	FALSE	FALSE	TRUE	NA	NA	NA	3.68938	NA	NA	NA	2.41337	NA	NA	NA	4.37052	NA	NA	NA	181653	NA	NA	NA	181839	NA	NA	NA	178
X	184144	184413	Interval_678	1	1	FALSE	FALSE	FALSE	TRUE	NA	NA	NA	3.6869	NA	NA	NA	2.41337	NA	NA	NA	4.36666	NA	NA	NA	184144	NA	NA	NA	184413	NA	NA	NA	189
X	191735	192330	Interval_679	1	1	FALSE	FALSE	FALSE	TRUE	NA	NA	NA	3.95819	NA	NA	NA	3.05268	NA	NA	NA	5.10877	NA	NA	NA	191735	NA	NA	NA	192330	NA	NA	NA	436
X	195367	195968	Interval_680	4	4	TRUE	TRUE	TRUE	TRUE	7.4391	5.74898	6.5529	3.82674	8.75715	5.98917	7.5235	2.72359	11.7381	8.67855	10.282	4.72265	195369	195369	195367	195518	195929	195968	195692	195693	181	271	126	10
X	204755	205211	Interval_681	1	1	TRUE	FALSE	FALSE	FALSE	4.70853	NA	NA	NA	3.88981	NA	NA	NA	6.11827	NA	NA	NA	204755	NA	NA	NA	205211	NA	NA	NA	90	NA	NA	NA
X	220296	220788	Interval_682	4	4	TRUE	TRUE	TRUE	TRUE	5.92833	4.48313	6.25707	6.72704	6.08079	3.65612	8.33401	8.25691	8.68636	5.92238	11.2627	11.6524	220298	220331	220313	220296	220732	220688	220788	220763	45	131	157	122
X	223866	224431	Interval_683	3	3	FALSE	TRUE	TRUE	TRUE	NA	4.26132	3.90989	3.30294	NA	3.54689	3.43715	2.10491	NA	5.7959	5.47517	3.92646	NA	224103	223866	224093	NA	224429	224429	224431	NA	54	500	153
X	227822	228032	Interval_684	1	1	FALSE	TRUE	FALSE	FALSE	NA	4.08654	NA	NA	NA	2.94997	NA	NA	NA	5.12351	NA	NA	NA	227822	NA	NA	NA	228032	NA	NA	NA	129	NA	NA
X	228200	228374	Interval_685	1	1	TRUE	FALSE	FALSE	FALSE	2.84766	NA	NA	NA	1.35608	NA	NA	NA	2.95804	NA	NA	NA	228200	NA	NA	NA	228374	NA	NA	NA	56	NA	NA	NA
X	236400	237173	Interval_686	2	2	FALSE	FALSE	TRUE	TRUE	NA	NA	5.36226	6.32466	NA	NA	5.40874	6.60525	NA	NA	7.7789	9.60369	NA	NA	236522	236400	NA	NA	237173	236807	NA	NA	220	310
X	256872	257180	Interval_687	3	3	TRUE	TRUE	TRUE	FALSE	2.94283	3.54693	5.05325	NA	1.39059	2.08643	4.75515	NA	3.10747	4.07399	7.03726	NA	256890	256879	256872	NA	257122	257097	257180	NA	51	151	40	NA
X	262678	262852	Interval_688	1	1	TRUE	FALSE	FALSE	FALSE	2.94283	NA	NA	NA	1.39059	NA	NA	NA	3.10747	NA	NA	NA	262678	NA	NA	NA	262852	NA	NA	NA	87	NA	NA	NA
X	268481	268720	Interval_689	2	2	FALSE	FALSE	TRUE	TRUE	NA	NA	5.55857	6.32466	NA	NA	5.65959	6.60525	NA	NA	8.09135	9.60369	NA	NA	268497	268481	NA	NA	268700	268720	NA	NA	127	142
X	278258	279023	Interval_690	2	2	TRUE	FALSE	TRUE	FALSE	4.11997	NA	3.53727	NA	2.98981	NA	2.28985	NA	5.05521	NA	4.13652	NA	278258	NA	278687	NA	278696	NA	279023	NA	376	NA	145	NA
X	294414	295065	Interval_691	4	4	TRUE	TRUE	TRUE	TRUE	7.56473	5.89072	5.93035	7.10256	11.0333	6.74916	8.19203	9.76094	14.298	9.55334	11.0863	13.518	294414	294468	294458	294431	295014	295059	294995	295065	326	114	199	232
X	314264	314944	Interval_692	1	1	FALSE	FALSE	TRUE	FALSE	NA	NA	3.46117	NA	NA	NA	2.24288	NA	NA	NA	4.0206	NA	NA	NA	314264	NA	NA	NA	314944	NA	NA	NA	175	NA
X	316501	316849	Interval_693	1	1	FALSE	FALSE	TRUE	FALSE	NA	NA	3.46117	NA	NA	NA	2.24288	NA	NA	NA	4.0206	NA	NA	NA	316501	NA	NA	NA	316849	NA	NA	NA	39	NA
X	337422	338035	Interval_694	2	2	FALSE	FALSE	TRUE	TRUE	NA	NA	4.98707	4.35966	NA	NA	4.89172	3.53333	NA	NA	7.18555	5.72981	NA	NA	337776	337422	NA	NA	338035	337871	NA	NA	90	337
X	348796	349070	Interval_695	1	1	FALSE	FALSE	TRUE	FALSE	NA	NA	3.53727	NA	NA	NA	2.28985	NA	NA	NA	4.13652	NA	NA	NA	348796	NA	NA	NA	349070	NA	NA	NA	145	NA
X	354159	354433	Interval_696	2	2	TRUE	FALSE	TRUE	FALSE	4.62184	NA	3.24453	NA	3.79955	NA	1.95768	NA	5.97558	NA	3.69394	NA	354170	NA	354159	NA	354433	NA	354355	NA	183	NA	160	NA
X	355398	355819	Interval_697	3	3	TRUE	FALSE	TRUE	TRUE	5.72239	NA	4.27214	4.80347	5.6088	NA	3.73638	4.24583	8.11779	NA	5.8128	6.64346	355398	NA	355416	355454	355586	NA	355791	355819	127	NA	316	332
X	360540	361104	Interval_698	4	4	TRUE	TRUE	TRUE	TRUE	4.68935	6.5027	7.27042	5.3739	3.88981	6.81614	10.0425	5.19117	6.08655	9.63742	13.3699	7.79738	360540	360714	360587	360639	360999	360976	361085	361104	153	149	386	323
X	374109	374486	Interval_699	1	1	FALSE	TRUE	FALSE	FALSE	NA	5.32039	NA	NA	NA	4.76845	NA	NA	NA	7.27049	NA	NA	NA	374109	NA	NA	NA	374486	NA	NA	NA	152	NA	NA
X	378389	378702	Interval_700	2	2	TRUE	FALSE	TRUE	FALSE	6.14851	NA	4.40803	NA	6.40412	NA	3.72989	NA	9.0463	NA	5.80512	NA	378389	NA	378406	NA	378628	NA	378702	NA	68	NA	210	NA
X	380582	381170	Interval_701	1	1	FALSE	FALSE	FALSE	TRUE	NA	NA	NA	3.68938	NA	NA	NA	2.41337	NA	NA	NA	4.37052	NA	NA	NA	380582	NA	NA	NA	381170	NA	NA	NA	168
X	391175	392159	Interval_702	4	4	TRUE	TRUE	TRUE	TRUE	7.484	5.64114	8.86195	7.76736	9.78273	5.83555	13.4288	10.3465	12.8872	8.50662	17.4063	14.1925	391528	391175	391486	391444	392149	392159	392127	392146	527	882	537	582
X	398101	398511	Interval_703	1	1	FALSE	FALSE	FALSE	TRUE	NA	NA	NA	3.16233	NA	NA	NA	1.70397	NA	NA	NA	3.47083	NA	NA	NA	398101	NA	NA	NA	398511	NA	NA	NA	95
X	404741	405143	Interval_704	1	1	FALSE	FALSE	TRUE	FALSE	NA	NA	3.95562	NA	NA	NA	2.9899	NA	NA	NA	4.92077	NA	NA	NA	404741	NA	NA	NA	405143	NA	NA	NA	365	NA
X	414983	415175	Interval_705	1	1	TRUE	FALSE	FALSE	FALSE	2.94283	NA	NA	NA	1.39059	NA	NA	NA	3.10747	NA	NA	NA	414983	NA	NA	NA	415175	NA	NA	NA	99	NA	NA	NA
X	415881	416114	Interval_706	1	1	TRUE	FALSE	FALSE	FALSE	2.94283	NA	NA	NA	1.39059	NA	NA	NA	3.10747	NA	NA	NA	415881	NA	NA	NA	416114	NA	NA	NA	11	NA	NA	NA
X	424215	424598	Interval_707	3	3	TRUE	TRUE	FALSE	TRUE	6.47424	5.32039	NA	6.85171	6.85857	4.76845	NA	7.5231	9.58927	7.27049	NA	10.7669	424225	424215	NA	424285	424598	424598	NA	424498	155	120	NA	83
X	454869	455287	Interval_708	3	3	TRUE	FALSE	TRUE	TRUE	3.65676	NA	4.54792	3.82674	2.52253	NA	3.88729	2.72359	4.46309	NA	6.02386	4.72265	454869	NA	454913	454915	455151	NA	455286	455287	163	NA	179	171
X	517637	517857	Interval_709	1	1	FALSE	FALSE	TRUE	FALSE	NA	NA	3.2591	NA	NA	NA	1.97705	NA	NA	NA	3.71578	NA	NA	NA	517637	NA	NA	NA	517857	NA	NA	NA	57	NA
X	521761	521956	Interval_710	1	1	FALSE	FALSE	TRUE	FALSE	NA	NA	4.16907	NA	NA	NA	3.59624	NA	NA	NA	5.65186	NA	NA	NA	521761	NA	NA	NA	521956	NA	NA	NA	170	NA
X	524047	524592	Interval_711	1	1	TRUE	FALSE	FALSE	FALSE	4.06753	NA	NA	NA	3.18827	NA	NA	NA	5.27737	NA	NA	NA	524047	NA	NA	NA	524592	NA	NA	NA	374	NA	NA	NA
X	525901	526216	Interval_712	2	2	FALSE	TRUE	FALSE	TRUE	NA	4.21111	NA	4.72427	NA	3.28915	NA	4.14205	NA	5.49929	NA	6.51923	NA	525909	NA	525901	NA	526110	NA	526216	NA	149	NA	104
X	531546	531820	Interval_713	1	1	FALSE	TRUE	FALSE	FALSE	NA	4.13808	NA	NA	NA	2.91682	NA	NA	NA	5.08493	NA	NA	NA	531546	NA	NA	NA	531820	NA	NA	NA	212	NA	NA
X	545080	545738	Interval_714	3	3	TRUE	FALSE	TRUE	TRUE	4.64263	NA	5.39327	4.53204	3.9364	NA	5.67886	3.76214	6.17284	NA	8.11207	5.99896	545312	NA	545080	545324	545738	NA	545610	545656	282	NA	327	284
X	570944	571153	Interval_715	1	1	TRUE	FALSE	FALSE	FALSE	3.5314	NA	NA	NA	2.15114	NA	NA	NA	4.04885	NA	NA	NA	570944	NA	NA	NA	571153	NA	NA	NA	13	NA	NA	NA
X	573079	573287	Interval_716	1	1	FALSE	FALSE	TRUE	FALSE	NA	NA	4.0426	NA	NA	NA	3.06233	NA	NA	NA	5.05527	NA	NA	NA	573079	NA	NA	NA	573287	NA	NA	NA	80	NA
X	578237	578978	Interval_717	3	3	TRUE	FALSE	TRUE	TRUE	3.5314	NA	5.05325	7.144	2.15114	NA	4.75515	8.19998	4.04885	NA	7.03726	11.5788	578324	NA	578292	578237	578648	NA	578796	578978	17	NA	85	95
X	585382	585623	Interval_718	1	1	TRUE	FALSE	FALSE	FALSE	3.5314	NA	NA	NA	2.15114	NA	NA	NA	4.04885	NA	NA	NA	585382	NA	NA	NA	585623	NA	NA	NA	144	NA	NA	NA
X	598176	598626	Interval_719	2	2	TRUE	FALSE	FALSE	TRUE	3.5314	NA	NA	4.74349	2.15114	NA	NA	3.98495	4.04885	NA	NA	6.33242	598176	NA	NA	598433	598600	NA	NA	598626	275	NA	NA	113
X	609024	609276	Interval_720	3	3	TRUE	FALSE	TRUE	TRUE	5.27141	NA	5.05325	6.12681	4.96679	NA	4.75515	7.16803	7.38462	NA	7.03726	10.2918	609050	NA	609024	609063	609242	NA	609233	609276	92	NA	156	91
X	617841	618134	Interval_721	2	2	TRUE	FALSE	FALSE	TRUE	6.20121	NA	NA	4.21644	6.96956	NA	NA	3.18267	9.71579	NA	NA	5.32648	617841	NA	NA	617935	618086	NA	NA	618134	98	NA	NA	138
X	623099	623671	Interval_722	4	4	TRUE	TRUE	TRUE	TRUE	6.62572	4.71755	4.26533	3.572	7.87497	3.9461	4.13978	2.32554	10.7396	6.29127	6.30154	4.18966	623134	623099	623129	623286	623514	623494	623495	623671	77	266	122	26
X	628802	629064	Interval_723	1	1	TRUE	FALSE	FALSE	FALSE	4.11997	NA	NA	NA	2.98981	NA	NA	NA	5.05521	NA	NA	NA	628802	NA	NA	NA	629064	NA	NA	NA	223	NA	NA	NA
X	633156	633394	Interval_724	1	1	TRUE	FALSE	FALSE	FALSE	4.11997	NA	NA	NA	2.98981	NA	NA	NA	5.05521	NA	NA	NA	633156	NA	NA	NA	633394	NA	NA	NA	119	NA	NA	NA
X	639044	639942	Interval_725	5	4	TRUE	TRUE	TRUE	TRUE	5.46502	6.92284	7.92389	3.50494;4.76466	5.94782	7.90729	11.6718	2.35989;4.41116	8.53501	10.8831	15.3556	4.23242;6.83472	639244	639054	639044	639118;639576	639658	639580	639821	639369;639942	343	375	436	6;97
X	640435	640639	Interval_726	1	1	TRUE	FALSE	FALSE	FALSE	4.26341	NA	NA	NA	3.64453	NA	NA	NA	5.79916	NA	NA	NA	640435	NA	NA	NA	640639	NA	NA	NA	11	NA	NA	NA
X	646654	647289	Interval_727	3	3	TRUE	TRUE	FALSE	TRUE	6.2568	6.61234	NA	5.85211	7.34876	7.77202	NA	6.28016	10.1447	10.7181	NA	9.1561	646718	646654	NA	646732	647223	647289	NA	647289	275	535	NA	486
X	651349	651742	Interval_728	3	3	TRUE	TRUE	TRUE	FALSE	4.92428	3.5604	5.72417	NA	4.94907	2.30303	6.96748	NA	7.36484	4.31659	9.62959	NA	651354	651480	651349	NA	651742	651714	651730	NA	230	133	320	NA
X	662920	663630	Interval_729	4	4	TRUE	TRUE	TRUE	TRUE	9.0818	9.32538	7.4673	6.91906	14.1456	13.6733	11.0177	8.79836	17.7728	17.2092	14.5814	12.3686	663017	663009	662974	662920	663602	663502	663600	663630	167	172	210	302
X	683541	683865	Interval_730	1	1	TRUE	FALSE	FALSE	FALSE	6.47424	NA	NA	NA	6.85857	NA	NA	NA	9.58927	NA	NA	NA	683541	NA	NA	NA	683865	NA	NA	NA	127	NA	NA	NA
X	690682	690916	Interval_731	1	1	FALSE	TRUE	FALSE	FALSE	NA	6.5027	NA	NA	NA	6.81614	NA	NA	NA	9.63742	NA	NA	NA	690682	NA	NA	NA	690916	NA	NA	NA	41	NA	NA
X	703182	704077	Interval_732	4	4	TRUE	TRUE	TRUE	TRUE	5.71087	7.39459	5.37389	5.56784	7.50742	11.9618	6.75582	5.90557	10.3281	15.3665	9.38871	8.70022	703209	703212	703217	703182	704013	704077	703996	703960	402	105	484	740
X	705311	705573	Interval_733	1	1	FALSE	FALSE	TRUE	FALSE	NA	NA	4.25598	NA	NA	NA	4.36316	NA	NA	NA	6.5532	NA	NA	NA	705311	NA	NA	NA	705573	NA	NA	NA	65	NA
X	715579	715790	Interval_734	1	1	FALSE	FALSE	TRUE	FALSE	NA	NA	3.14607	NA	NA	NA	1.82886	NA	NA	NA	3.54678	NA	NA	NA	715579	NA	NA	NA	715790	NA	NA	NA	4	NA
X	745133	745649	Interval_735	4	4	TRUE	TRUE	TRUE	TRUE	14.0391	11.5512	6.0639	4.21644	24.125	18.0511	6.58199	3.18267	28.2038	21.8794	9.18268	5.32648	745133	745135	745184	745184	745649	745638	745510	745581	405	343	124	315
XI	70	656	Interval_736	4	4	TRUE	TRUE	TRUE	TRUE	13.6176	10.2818	7.07455	6.85171	25.7947	17.0221	8.48005	7.5231	29.8858	20.8026	11.4659	10.7669	70	86	96	86	575	575	516	656	111	405	66	80
XI	21549	21844	Interval_737	1	1	FALSE	FALSE	TRUE	FALSE	NA	NA	5.91969	NA	NA	NA	6.65302	NA	NA	NA	9.2644	NA	NA	NA	21549	NA	NA	NA	21844	NA	NA	NA	181	NA
XI	23733	23952	Interval_738	1	1	FALSE	FALSE	FALSE	TRUE	NA	NA	NA	3.16233	NA	NA	NA	1.70397	NA	NA	NA	3.47083	NA	NA	NA	23733	NA	NA	NA	23952	NA	NA	NA	29
XI	24645	25297	Interval_739	2	2	TRUE	FALSE	TRUE	FALSE	6.09195	NA	3.69153	NA	6.32092	NA	2.63246	NA	8.95335	NA	4.51605	NA	24733	NA	24645	NA	25297	NA	25037	NA	225	NA	304	NA
XI	25957	26231	Interval_740	1	1	FALSE	TRUE	FALSE	FALSE	NA	4.00491	NA	NA	NA	2.88007	NA	NA	NA	4.9969	NA	NA	NA	25957	NA	NA	NA	26231	NA	NA	NA	226	NA	NA
XI	38108	39017	Interval_741	4	3	TRUE	FALSE	TRUE	TRUE	4.70853	NA	4.20917;3.23009	6.23445	3.88981	NA	3.45688;1.93887	6.52461	6.11827	NA	5.4963;3.67231	9.45758	38326	NA	38108;38577	38283	38749	NA	38361;39017	38589	207	NA	188;153	71
XI	67848	69096	Interval_742	5	4	TRUE	TRUE	TRUE	TRUE	4.53764	5.22855	5.04028	4.73608;3.28928	4.44151	5.54141	6.57571	4.83411;2.23082	6.74388	8.15388	9.14116	7.35186;4.07626	67979	67863	68176	67848;68791	68798	68407	69096	68315;69096	74	241	136	206;35
XI	80471	80964	Interval_743	4	4	TRUE	TRUE	TRUE	TRUE	5.51277	4.72924	3.53727	5.26699	5.30791	3.8235	2.28985	4.83411	7.77403	6.15258	4.13652	7.37755	80526	80686	80471	80641	80742	80954	80742	80964	109	23	6	47
XI	91983	92187	Interval_744	1	1	FALSE	FALSE	TRUE	FALSE	NA	NA	3.69153	NA	NA	NA	2.63246	NA	NA	NA	4.51605	NA	NA	NA	91983	NA	NA	NA	92187	NA	NA	NA	11	NA
XI	93457	93908	Interval_745	4	4	TRUE	TRUE	TRUE	TRUE	6.91337	4.3292	5.39327	4.432	7.9781	3.29245	5.67886	3.81032	10.8676	5.50442	8.11207	6.06229	93509	93509	93457	93502	93871	93827	93861	93908	254	229	347	260
XI	99333	100100	Interval_746	4	4	TRUE	TRUE	TRUE	TRUE	6.61531	5.7233	7.8268	7.51946	8.87053	7.12562	11.1519	10.3743	11.8641	9.98497	14.7358	14.2221	99333	99389	99419	99347	100100	99985	100069	99938	486	515	366	324
XI	108894	109219	Interval_747	3	3	FALSE	TRUE	TRUE	TRUE	NA	4.71064	4.0426	5.7976	NA	3.8235	3.06233	5.71363	NA	6.12175	5.05527	8.47482	NA	108984	108894	108895	NA	109219	109103	109122	NA	51	30	212
XI	127120	127303	Interval_748	1	1	FALSE	FALSE	FALSE	TRUE	NA	NA	NA	4.74349	NA	NA	NA	3.98495	NA	NA	NA	6.33242	NA	NA	NA	127120	NA	NA	NA	127303	NA	NA	NA	137
XI	140888	141399	Interval_749	2	2	FALSE	TRUE	TRUE	FALSE	NA	4.6025	2.99529	NA	NA	3.67328	1.5793	NA	NA	5.94395	3.21904	NA	NA	140888	140982	NA	NA	141399	141176	NA	NA	93	128	NA
XI	143142	143477	Interval_750	2	2	FALSE	FALSE	TRUE	TRUE	NA	NA	5.34691	5.03082	NA	NA	5.64103	4.76254	NA	NA	8.03831	7.25459	NA	NA	143232	143142	NA	NA	143477	143398	NA	NA	94	218
XI	146939	147171	Interval_751	3	3	TRUE	FALSE	TRUE	TRUE	3.5314	NA	3.61117	3.84277	2.15114	NA	2.52447	2.74617	4.04885	NA	4.39372	4.74724	146985	NA	146939	146943	147163	NA	147171	147133	8	NA	130	159
XI	163836	164810	Interval_752	4	3	TRUE	TRUE	FALSE	TRUE	3.37928;5.37495	4.17263	NA	3.36352	2.08511;5.33039	3.42791	NA	2.18364	3.89659;7.79905	5.65743	NA	4.01815	163858;164476	163836	NA	164453	164103;164810	164793	NA	164778	153;297	755	NA	286
XI	166055	166380	Interval_753	2	2	FALSE	FALSE	TRUE	TRUE	NA	NA	4.1358	3.62442	NA	NA	3.55111	2.61052	NA	NA	5.59989	4.59462	NA	NA	166055	166070	NA	NA	166380	166313	NA	NA	31	141
XI	171380	171886	Interval_754	2	2	TRUE	FALSE	TRUE	FALSE	3.5314	NA	3.97458	NA	2.15114	NA	3.01655	NA	4.04885	NA	4.95002	NA	171392	NA	171380	NA	171886	NA	171732	NA	203	NA	14	NA
XI	174038	174444	Interval_755	1	1	FALSE	FALSE	TRUE	FALSE	NA	NA	3.23009	NA	NA	NA	1.93887	NA	NA	NA	3.67231	NA	NA	NA	174038	NA	NA	NA	174444	NA	NA	NA	299	NA
XI	179337	179779	Interval_756	1	1	FALSE	FALSE	FALSE	TRUE	NA	NA	NA	5.79369	NA	NA	NA	5.71363	NA	NA	NA	8.46851	NA	NA	NA	179337	NA	NA	NA	179779	NA	NA	NA	189
XI	203014	203469	Interval_757	4	4	TRUE	TRUE	TRUE	TRUE	4.11997	4.72924	5.55857	5.10285	2.98981	3.8235	5.65959	4.64971	5.05521	6.15258	8.09135	7.11593	203014	203088	203085	203023	203347	203303	203417	203469	197	197	120	229
XI	213060	213340	Interval_758	1	1	FALSE	FALSE	TRUE	FALSE	NA	NA	4.71944	NA	NA	NA	4.32784	NA	NA	NA	6.51166	NA	NA	NA	213060	NA	NA	NA	213340	NA	NA	NA	67	NA
XI	216825	217093	Interval_759	3	3	TRUE	FALSE	TRUE	TRUE	6.06405	NA	8.84613	5.4201	6.28078	NA	12.5569	5.24929	8.90764	NA	16.4203	7.87078	216835	NA	216825	216840	217039	NA	217093	217039	37	NA	166	156
XI	219896	220193	Interval_760	1	1	TRUE	FALSE	FALSE	FALSE	4.82884	NA	NA	NA	4.20218	NA	NA	NA	6.46828	NA	NA	NA	219896	NA	NA	NA	220193	NA	NA	NA	30	NA	NA	NA
XI	225979	226393	Interval_761	3	3	FALSE	TRUE	TRUE	TRUE	NA	3.93681	4.98284	3.36352	NA	2.68978	5.12945	2.18364	NA	4.75925	7.45838	4.01815	NA	225979	226196	226052	NA	226280	226393	226353	NA	261	138	168
XI	230285	231726	Interval_762	5	4	TRUE	TRUE	TRUE	TRUE	4.64143	5.12299;3.92647	5.72165	6.48902	4.13319	4.88753;2.7824	6.66296	7.92476	6.38952	7.40014;4.87585	9.2791	11.2615	231078	230656;231392	231193	230285	231698	231105;231726	231675	231164	157	263;174	300	379
XI	247880	248500	Interval_763	4	4	TRUE	TRUE	TRUE	TRUE	3.5314	5.32039	6.0639	4.21644	2.15114	4.76845	6.58199	3.18267	4.04885	7.27049	9.18268	5.32648	248150	248094	247880	247880	248383	248500	248388	248074	37	210	429	11
XI	258425	258930	Interval_764	4	4	TRUE	TRUE	TRUE	TRUE	7.80795	5.91555	3.93027	5.6475	11.8043	6.78752	4.32784	7.68089	15.1601	9.59354	6.51101	10.9572	258475	258425	258536	258747	258928	258832	258930	258921	274	308	355	89
XI	260254	260890	Interval_765	4	4	TRUE	TRUE	TRUE	TRUE	4.3224	4.552	4.33383	4.39024	3.90502	4.13044	5.44998	4.83411	6.13509	6.49892	7.82607	7.34745	260346	260453	260522	260254	260599	260822	260890	260866	169	313	311	165
XI	278016	278849	Interval_766	4	3	FALSE	TRUE	TRUE	TRUE	NA	2.87656;3.98149	6.24906	5.8065	NA	1.31817;2.74655	7.10401	6.21718	NA	3.00306;4.83072	9.79263	9.08301	NA	278026;278563	278059	278016	NA	278310;278813	278643	278849	NA	159;23	481	100
XI	302974	303217	Interval_767	1	1	FALSE	TRUE	FALSE	FALSE	NA	4.13808	NA	NA	NA	2.91682	NA	NA	NA	5.08493	NA	NA	NA	302974	NA	NA	NA	303217	NA	NA	NA	16	NA	NA
XI	308190	309044	Interval_768	5	4	TRUE	TRUE	TRUE	TRUE	4.91647;7.37997	6.77879	6.56922	6.40557	4.32635;8.96123	7.71295	7.5235	6.97468	6.6087;11.964	10.6482	10.3084	10.0443	308190;308766	308422	308576	308761	308501;309044	309044	309044	309044	95;149	393	244	43
XI	317148	317450	Interval_769	1	1	FALSE	FALSE	FALSE	TRUE	NA	NA	NA	3.90829	NA	NA	NA	2.83145	NA	NA	NA	4.84786	NA	NA	NA	317148	NA	NA	NA	317450	NA	NA	NA	64
XI	321772	322826	Interval_770	3	3	TRUE	FALSE	TRUE	TRUE	5.31029	NA	7.09394	5.67384	5.23876	NA	10.1436	6.04933	7.69649	NA	13.5034	8.87033	322138	NA	321772	322366	322720	NA	322826	322788	312	NA	783	197
XI	327708	328412	Interval_771	4	4	TRUE	TRUE	TRUE	TRUE	4.69574	4.28657	7.48822	5.2399	4.20746	3.79073	9.32971	5.00399	6.47453	6.07814	12.5037	7.58499	327742	327708	327711	327711	328214	328066	328412	328356	135	255	236	158
XI	339036	339619	Interval_772	1	1	FALSE	TRUE	FALSE	FALSE	NA	4.21111	NA	NA	NA	3.28915	NA	NA	NA	5.49929	NA	NA	NA	339036	NA	NA	NA	339619	NA	NA	NA	49	NA	NA
XI	339696	340020	Interval_773	1	1	TRUE	FALSE	FALSE	FALSE	2.82097	NA	NA	NA	1.32168	NA	NA	NA	2.91673	NA	NA	NA	339696	NA	NA	NA	340020	NA	NA	NA	247	NA	NA	NA
XI	340577	341098	Interval_774	4	4	TRUE	TRUE	TRUE	TRUE	5.86169	3.45257	3.47775	6.50671	5.80826	2.08643	2.26439	7.38098	8.34972	4.00754	4.04581	10.5477	340629	340634	340599	340577	340991	340976	341098	340979	266	40	320	205
XI	355282	356249	Interval_775	4	4	TRUE	TRUE	TRUE	TRUE	6.35221	6.83785	4.96296	5.86243	7.18431	8.08649	5.10464	6.0416	9.95845	11.0823	7.42664	8.85976	355333	355379	355282	355340	356034	356232	356194	356249	228	325	632	493
XI	361988	362402	Interval_776	2	2	FALSE	FALSE	TRUE	TRUE	NA	NA	5.55857	6.32466	NA	NA	5.65959	6.60525	NA	NA	8.09135	9.60369	NA	NA	361988	362009	NA	NA	362394	362402	NA	NA	327	349
XI	368986	369643	Interval_777	2	2	FALSE	FALSE	TRUE	TRUE	NA	NA	6.56491	7.73823	NA	NA	8.43759	10.3127	NA	NA	11.3863	14.1445	NA	NA	368986	369123	NA	NA	369643	369600	NA	NA	546	367
XI	379394	379779	Interval_778	1	1	TRUE	FALSE	FALSE	FALSE	5.88541	NA	NA	NA	6.83391	NA	NA	NA	9.54474	NA	NA	NA	379394	NA	NA	NA	379779	NA	NA	NA	207	NA	NA	NA
XI	381951	382397	Interval_779	4	4	TRUE	TRUE	TRUE	TRUE	3.61123	5.16637	4.39701	6.14733	2.79563	5.45787	5.04557	8.10021	4.77558	8.05331	7.35952	11.4652	382082	382089	381961	381951	382249	382386	382397	382385	71	202	270	219
XI	382909	383077	Interval_780	1	1	TRUE	FALSE	FALSE	FALSE	3.25989	NA	NA	NA	2.15114	NA	NA	NA	4.03058	NA	NA	NA	382909	NA	NA	NA	383077	NA	NA	NA	47	NA	NA	NA
XI	385168	385620	Interval_781	4	4	TRUE	TRUE	TRUE	TRUE	4.84177	4.1043	5.60948	4.28995	4.83126	3.33319	7.70232	3.99052	7.23285	5.55065	10.5173	6.34176	385240	385231	385168	385192	385473	385620	385436	385436	84	110	163	205
XI	392125	392414	Interval_782	1	1	FALSE	FALSE	FALSE	TRUE	NA	NA	NA	3.67003	NA	NA	NA	2.41337	NA	NA	NA	4.34056	NA	NA	NA	392125	NA	NA	NA	392414	NA	NA	NA	181
XI	393453	393674	Interval_783	1	1	FALSE	FALSE	FALSE	TRUE	NA	NA	NA	4.74349	NA	NA	NA	3.98495	NA	NA	NA	6.33242	NA	NA	NA	393453	NA	NA	NA	393674	NA	NA	NA	80
XI	402500	402677	Interval_784	1	1	TRUE	FALSE	FALSE	FALSE	3.5314	NA	NA	NA	2.15114	NA	NA	NA	4.04885	NA	NA	NA	402500	NA	NA	NA	402677	NA	NA	NA	142	NA	NA	NA
XI	408157	408585	Interval_785	3	3	TRUE	TRUE	FALSE	TRUE	5.88567	3.54693	NA	4.74349	5.82349	2.08643	NA	3.98495	8.38997	4.07399	NA	6.33242	408157	408256	NA	408189	408409	408585	NA	408378	169	112	NA	132
XI	428922	429348	Interval_786	2	2	TRUE	FALSE	FALSE	TRUE	5.91156	NA	NA	6.04272	6.30873	NA	NA	6.27313	8.93836	NA	NA	9.14866	428922	NA	NA	429134	429224	NA	NA	429348	226	NA	NA	39
XI	431355	431798	Interval_787	4	4	TRUE	TRUE	TRUE	TRUE	4.39769	8.26785	6.86055	5.3739	3.63599	11.6217	8.49552	5.19117	5.78901	15.0152	11.4849	7.79738	431458	431355	431526	431504	431765	431756	431798	431790	190	104	112	209
XI	439366	440047	Interval_788	4	4	TRUE	TRUE	TRUE	TRUE	4.04411	3.54693	3.53727	4.74349	2.9294	2.08643	2.28985	3.98495	4.93167	4.07399	4.13652	6.33242	439366	439387	439676	439384	439894	439636	439884	440047	219	206	52	244
XI	462880	463815	Interval_789	4	4	TRUE	TRUE	TRUE	TRUE	4.62184	5.11905	5.51793	3.68938	3.79955	4.51281	5.62973	2.41337	5.97558	6.9373	8.02651	4.37052	462880	463318	463342	463301	463567	463815	463731	463626	72	49	157	212
XI	513174	513495	Interval_790	2	2	TRUE	FALSE	FALSE	TRUE	4.86657	NA	NA	4.41564	4.44062	NA	NA	3.6059	6.74263	NA	NA	5.817	513174	NA	NA	513248	513387	NA	NA	513495	93	NA	NA	138
XI	514092	514346	Interval_791	1	1	FALSE	FALSE	TRUE	FALSE	NA	NA	3.81825	NA	NA	NA	3.30353	NA	NA	NA	5.32705	NA	NA	NA	514092	NA	NA	NA	514346	NA	NA	NA	183	NA
XI	518324	519279	Interval_792	4	4	TRUE	TRUE	TRUE	TRUE	6.04839	5.44038	4.35219	4.32352	8.01859	7.01402	4.50397	3.87388	10.9084	9.85536	6.71493	6.13686	518328	518324	518676	518981	519279	519164	519276	519237	828	350	425	49
XI	526382	526588	Interval_793	1	1	TRUE	FALSE	FALSE	FALSE	2.94283	NA	NA	NA	1.39059	NA	NA	NA	3.10747	NA	NA	NA	526382	NA	NA	NA	526588	NA	NA	NA	39	NA	NA	NA
XI	533599	534009	Interval_794	2	2	TRUE	FALSE	TRUE	FALSE	4.70853	NA	5.96186	NA	3.88981	NA	6.46617	NA	6.11827	NA	9.01893	NA	533697	NA	533599	NA	534009	NA	533928	NA	41	NA	127	NA
XI	535522	535900	Interval_795	3	3	FALSE	TRUE	TRUE	TRUE	NA	2.95577	3.53727	4.21644	NA	1.3324	2.28985	3.18267	NA	3.12805	4.13652	5.32648	NA	535522	535605	535588	NA	535789	535900	535789	NA	255	20	68
XI	550971	551246	Interval_796	1	1	TRUE	FALSE	FALSE	FALSE	2.94283	NA	NA	NA	1.39059	NA	NA	NA	3.10747	NA	NA	NA	550971	NA	NA	NA	551246	NA	NA	NA	81	NA	NA	NA
XI	551423	551741	Interval_797	1	1	TRUE	FALSE	FALSE	FALSE	5.2971	NA	NA	NA	4.83045	NA	NA	NA	7.23157	NA	NA	NA	551423	NA	NA	NA	551741	NA	NA	NA	140	NA	NA	NA
XI	567279	567750	Interval_798	2	2	TRUE	FALSE	TRUE	FALSE	4.10318	NA	4.0426	NA	2.98981	NA	3.06233	NA	5.02775	NA	5.05527	NA	567279	NA	567536	NA	567643	NA	567750	NA	85	NA	124	NA
XI	578310	579171	Interval_799	1	1	FALSE	TRUE	FALSE	FALSE	NA	4.6209	NA	NA	NA	3.8235	NA	NA	NA	6.13859	NA	NA	NA	578310	NA	NA	NA	579171	NA	NA	NA	105	NA	NA
XI	581123	582053	Interval_800	4	3	TRUE	FALSE	TRUE	TRUE	5.86358;3.42042	NA	3.53727	4.74349	6.2373;2.13638	NA	2.28985	3.98495	8.8616;3.95881	NA	4.13652	6.33242	581123;581822	NA	581125	581123	581368;582053	NA	581955	581331	198;6	NA	73	61
XI	589466	590150	Interval_801	3	3	TRUE	FALSE	TRUE	TRUE	8.23994	NA	5.55857	8.43288	10.2319	NA	5.65959	10.5569	13.4003	NA	8.09135	14.4396	589647	NA	589647	589466	590144	NA	590051	590150	425	NA	124	556
XI	608321	608626	Interval_802	1	1	TRUE	FALSE	FALSE	FALSE	5.2971	NA	NA	NA	4.83045	NA	NA	NA	7.23157	NA	NA	NA	608321	NA	NA	NA	608626	NA	NA	NA	208	NA	NA	NA
XI	614095	615443	Interval_803	4	4	TRUE	TRUE	TRUE	TRUE	5.9877	6.28816	7.98401	6.95559	6.68653	7.01402	12.5422	9.22205	9.37338	9.85545	16.402	12.8437	614957	614095	614780	614826	615321	615120	615443	615393	78	869	212	222
XI	630506	630903	Interval_804	3	3	TRUE	TRUE	TRUE	FALSE	6.47424	4.13808	4.0426	NA	6.85857	2.91682	3.06233	NA	9.58927	5.08493	5.05527	NA	630506	630582	630522	NA	630883	630903	630764	NA	49	22	73	NA
XI	666037	666677	Interval_805	4	4	TRUE	TRUE	TRUE	TRUE	9.32183	10.0878	8.59052	6.85171	13.605	19.3854	11.4603	7.5231	17.2034	23.246	15.1093	10.7669	666037	666135	666137	666191	666601	666677	666600	666596	161	268	410	279
XII	35	304	Interval_806	2	2	TRUE	TRUE	FALSE	FALSE	23.5427	14.7789	NA	NA	50.1693	25.467	NA	NA	54.4276	29.4828	NA	NA	35	35	NA	NA	280	304	NA	NA	58	55	NA	NA
XII	5549	5971	Interval_807	4	4	TRUE	TRUE	TRUE	TRUE	11.7713	13.5966	6.56922	3.68938	17.9064	22.4318	7.5235	2.41337	21.785	26.3834	10.3084	4.37052	5637	5549	5620	5649	5971	5969	5844	5844	104	189	121	84
XII	11057	11851	Interval_808	3	3	TRUE	TRUE	FALSE	TRUE	9.54656	7.54689	NA	5.7976	13.1681	9.41657	NA	5.71363	16.6983	12.5993	NA	8.47482	11170	11057	NA	11361	11849	11851	NA	11791	519	425	NA	117
XII	22909	23348	Interval_809	1	1	TRUE	FALSE	FALSE	FALSE	3.5314	NA	NA	NA	2.15114	NA	NA	NA	4.04885	NA	NA	NA	22909	NA	NA	NA	23348	NA	NA	NA	337	NA	NA	NA
XII	36867	37111	Interval_810	1	1	TRUE	FALSE	FALSE	FALSE	3.5314	NA	NA	NA	2.15114	NA	NA	NA	4.04885	NA	NA	NA	36867	NA	NA	NA	37111	NA	NA	NA	42	NA	NA	NA
XII	40482	40782	Interval_811	2	2	TRUE	FALSE	TRUE	FALSE	4.62184	NA	3.53727	NA	3.79955	NA	2.28985	NA	5.97558	NA	4.13652	NA	40482	NA	40523	NA	40730	NA	40782	NA	92	NA	63	NA
XII	48745	49032	Interval_812	1	1	FALSE	TRUE	FALSE	FALSE	NA	3.54693	NA	NA	NA	2.08643	NA	NA	NA	4.07399	NA	NA	NA	48745	NA	NA	NA	49032	NA	NA	NA	231	NA	NA
XII	49310	49740	Interval_813	2	2	FALSE	TRUE	FALSE	TRUE	NA	2.87656	NA	3.68938	NA	1.31817	NA	2.41337	NA	3.00306	NA	4.37052	NA	49327	NA	49310	NA	49694	NA	49740	NA	71	NA	303
XII	54089	54831	Interval_814	1	1	FALSE	FALSE	TRUE	FALSE	NA	NA	4.54792	NA	NA	NA	3.88729	NA	NA	NA	6.02386	NA	NA	NA	54089	NA	NA	NA	54831	NA	NA	NA	292	NA
XII	65377	65873	Interval_815	2	2	FALSE	FALSE	TRUE	TRUE	NA	NA	4.0426	6.85171	NA	NA	3.06233	7.5231	NA	NA	5.05527	10.7669	NA	NA	65412	65377	NA	NA	65683	65873	NA	NA	69	106
XII	83858	84468	Interval_816	4	4	TRUE	TRUE	TRUE	TRUE	5.66772	4.28296	5.87556	4.60794	6.53167	3.22695	7.17875	4.20082	9.19142	5.43124	9.87953	6.58732	83886	84179	83872	83858	84391	84386	84468	84386	372	20	402	83
XII	92561	92921	Interval_817	1	1	FALSE	TRUE	FALSE	FALSE	NA	4.72924	NA	NA	NA	3.8235	NA	NA	NA	6.15258	NA	NA	NA	92561	NA	NA	NA	92921	NA	NA	NA	25	NA	NA
XII	98861	99216	Interval_818	1	1	FALSE	FALSE	FALSE	TRUE	NA	NA	NA	3.71812	NA	NA	NA	2.57555	NA	NA	NA	4.5566	NA	NA	NA	98861	NA	NA	NA	99216	NA	NA	NA	54
XII	108071	108907	Interval_819	2	2	FALSE	TRUE	FALSE	TRUE	NA	2.95577	NA	6.32466	NA	1.3324	NA	6.60525	NA	3.12805	NA	9.60369	NA	108071	NA	108220	NA	108303	NA	108907	NA	6	NA	141
XII	125023	125318	Interval_820	1	1	TRUE	FALSE	FALSE	FALSE	6.47424	NA	NA	NA	6.85857	NA	NA	NA	9.58927	NA	NA	NA	125023	NA	NA	NA	125318	NA	NA	NA	228	NA	NA	NA
XII	131034	131569	Interval_821	2	2	TRUE	TRUE	FALSE	FALSE	3.5314	3.54693	NA	NA	2.15114	2.08643	NA	NA	4.04885	4.07399	NA	NA	131034	131047	NA	NA	131569	131524	NA	NA	20	31	NA	NA
XII	167713	168348	Interval_822	1	1	TRUE	FALSE	FALSE	FALSE	3.5314	NA	NA	NA	2.15114	NA	NA	NA	4.04885	NA	NA	NA	167713	NA	NA	NA	168348	NA	NA	NA	74	NA	NA	NA
XII	170141	170425	Interval_823	1	1	FALSE	FALSE	TRUE	FALSE	NA	NA	3.53727	NA	NA	NA	2.28985	NA	NA	NA	4.13652	NA	NA	NA	170141	NA	NA	NA	170425	NA	NA	NA	134	NA
XII	187360	187895	Interval_824	4	4	TRUE	TRUE	TRUE	TRUE	3.5314	5.91154	6.0639	7.37877	2.15114	5.76732	6.58199	8.48009	4.04885	8.4335	9.18268	11.9621	187436	187366	187360	187374	187719	187680	187895	187559	87	99	193	69
XII	198200	198693	Interval_825	1	1	FALSE	FALSE	FALSE	TRUE	NA	NA	NA	3.6869	NA	NA	NA	2.41337	NA	NA	NA	4.36666	NA	NA	NA	198200	NA	NA	NA	198693	NA	NA	NA	387
XII	202711	202888	Interval_826	1	1	FALSE	FALSE	FALSE	TRUE	NA	NA	NA	3.1602	NA	NA	NA	1.70397	NA	NA	NA	3.46758	NA	NA	NA	202711	NA	NA	NA	202888	NA	NA	NA	150
XII	214570	215021	Interval_827	1	1	FALSE	FALSE	FALSE	TRUE	NA	NA	NA	3.68938	NA	NA	NA	2.41337	NA	NA	NA	4.37052	NA	NA	NA	214570	NA	NA	NA	215021	NA	NA	NA	28
XII	232571	232823	Interval_828	1	1	TRUE	FALSE	FALSE	FALSE	3.65676	NA	NA	NA	2.52253	NA	NA	NA	4.46309	NA	NA	NA	232571	NA	NA	NA	232823	NA	NA	NA	190	NA	NA	NA
XII	233636	233869	Interval_829	1	1	TRUE	FALSE	FALSE	FALSE	3.67069	NA	NA	NA	2.54066	NA	NA	NA	4.48431	NA	NA	NA	233636	NA	NA	NA	233869	NA	NA	NA	32	NA	NA	NA
XII	233877	234958	Interval_830	4	4	TRUE	TRUE	TRUE	TRUE	4.57095	3.56435	4.7628	5.38668	4.03152	2.64153	4.38698	5.70357	6.2793	4.70122	6.57964	8.40895	234616	233877	234351	234390	234839	234810	234958	234882	94	300	246	342
XII	241786	242093	Interval_831	3	3	TRUE	FALSE	TRUE	TRUE	6.47424	NA	4.0426	5.7976	6.85857	NA	3.06233	5.71363	9.58927	NA	5.05527	8.47482	241857	NA	241802	241786	242078	NA	242065	242093	180	NA	221	285
XII	252996	253704	Interval_832	4	4	TRUE	TRUE	TRUE	TRUE	7.19957	5.17781	8.72404	6.06654	8.406	4.60018	12.797	6.55517	11.3385	7.0338	16.6912	9.49976	252996	253388	253170	253172	253704	253594	253654	253597	499	45	253	350
XII	259588	260427	Interval_833	2	2	TRUE	TRUE	FALSE	FALSE	7.0628	3.54693	NA	NA	7.94416	2.08643	NA	NA	10.826	4.07399	NA	NA	259674	259588	NA	NA	260427	259838	NA	NA	165	142	NA	NA
XII	281676	281902	Interval_834	1	1	FALSE	TRUE	FALSE	FALSE	NA	2.95577	NA	NA	NA	1.3324	NA	NA	NA	3.12805	NA	NA	NA	281676	NA	NA	NA	281902	NA	NA	NA	46	NA	NA
XII	289496	289954	Interval_835	2	2	FALSE	TRUE	TRUE	FALSE	NA	2.95577	6.56922	NA	NA	1.3324	7.5235	NA	NA	3.12805	10.3084	NA	NA	289496	289702	NA	NA	289878	289954	NA	NA	92	92	NA
XII	320153	320762	Interval_836	1	1	FALSE	FALSE	TRUE	FALSE	NA	NA	5.71536	NA	NA	NA	6.12487	NA	NA	NA	8.62493	NA	NA	NA	320153	NA	NA	NA	320762	NA	NA	NA	176	NA
XII	323220	323507	Interval_837	2	2	FALSE	TRUE	FALSE	TRUE	NA	2.95577	NA	3.55617	NA	1.3324	NA	2.30489	NA	3.12805	NA	4.16541	NA	323220	NA	323261	NA	323452	NA	323507	NA	19	NA	7
XII	328856	329592	Interval_838	2	2	TRUE	FALSE	TRUE	FALSE	5.88567	NA	6.24906	NA	5.82349	NA	7.10401	NA	8.38997	NA	9.79263	NA	329367	NA	328856	NA	329592	NA	329592	NA	89	NA	642	NA
XII	341112	341554	Interval_839	1	1	TRUE	FALSE	FALSE	FALSE	4.11997	NA	NA	NA	2.98981	NA	NA	NA	5.05521	NA	NA	NA	341112	NA	NA	NA	341554	NA	NA	NA	22	NA	NA	NA
XII	366278	366477	Interval_840	1	1	FALSE	FALSE	FALSE	TRUE	NA	NA	NA	3.46792	NA	NA	NA	2.9334	NA	NA	NA	4.96746	NA	NA	NA	366278	NA	NA	NA	366477	NA	NA	NA	96
XII	368322	368587	Interval_841	1	1	FALSE	FALSE	TRUE	FALSE	NA	NA	3.89893	NA	NA	NA	3.85274	NA	NA	NA	5.94401	NA	NA	NA	368322	NA	NA	NA	368587	NA	NA	NA	145	NA
XII	369800	371271	Interval_842	4	4	TRUE	TRUE	TRUE	TRUE	6.01419	5.8079	5.32989	5.07395	9.34723	9.94068	6.99028	6.59126	12.412	13.1945	9.66001	9.54054	369928	369800	370366	370025	371271	371060	370894	371268	954	1064	346	905
XII	388470	388958	Interval_843	2	2	FALSE	FALSE	TRUE	TRUE	NA	NA	4.86591	5.3184	NA	NA	4.96835	5.35379	NA	NA	7.27149	7.99296	NA	NA	388513	388470	NA	NA	388958	388845	NA	NA	395	252
XII	390468	390875	Interval_844	3	3	TRUE	TRUE	FALSE	TRUE	3.96795	2.94415	NA	6.16697	2.8234	1.3324	NA	6.65483	4.80902	3.10955	NA	9.66085	390489	390468	NA	390544	390768	390781	NA	390875	123	205	NA	194
XII	399447	399760	Interval_845	1	1	FALSE	FALSE	FALSE	TRUE	NA	NA	NA	4.21644	NA	NA	NA	3.18267	NA	NA	NA	5.32648	NA	NA	NA	399447	NA	NA	NA	399760	NA	NA	NA	9
XII	406947	407207	Interval_846	2	2	FALSE	FALSE	TRUE	TRUE	NA	NA	4.0426	3.16233	NA	NA	3.06233	1.70397	NA	NA	5.05527	3.47083	NA	NA	406952	406947	NA	NA	407207	407178	NA	NA	62	174
XII	416923	417419	Interval_847	2	2	TRUE	FALSE	FALSE	TRUE	6.29463	NA	NA	3.68938	6.61225	NA	NA	2.41337	9.28815	NA	NA	4.37052	416923	NA	NA	416926	417419	NA	NA	417225	136	NA	NA	19
XII	423923	424849	Interval_848	4	4	TRUE	TRUE	TRUE	TRUE	7.99266	6.43872	8.54877	6.65897	12.9346	8.86914	12.9522	8.48009	16.417	11.9676	16.8818	11.9368	423964	423988	423988	423923	424726	424849	424593	424519	338	65	353	101
XII	439978	440207	Interval_849	1	1	FALSE	FALSE	FALSE	TRUE	NA	NA	NA	5.27055	NA	NA	NA	4.83411	NA	NA	NA	7.38324	NA	NA	NA	439978	NA	NA	NA	440207	NA	NA	NA	56
XII	444849	445194	Interval_850	3	3	TRUE	FALSE	TRUE	TRUE	3.32593	NA	3.89982	3.90829	2.01701	NA	2.91363	2.83145	3.81617	NA	4.83484	4.84786	444955	NA	444919	444849	445158	NA	445194	445037	149	NA	170	145
XII	449482	450094	Interval_851	1	1	FALSE	FALSE	TRUE	FALSE	NA	NA	4.0426	NA	NA	NA	3.06233	NA	NA	NA	5.05527	NA	NA	NA	449482	NA	NA	NA	450094	NA	NA	NA	441	NA
XII	450465	450862	Interval_852	1	1	FALSE	FALSE	FALSE	TRUE	NA	NA	NA	3.68938	NA	NA	NA	2.41337	NA	NA	NA	4.37052	NA	NA	NA	450465	NA	NA	NA	450862	NA	NA	NA	97
XII	459618	460869	Interval_853	4	4	TRUE	TRUE	TRUE	TRUE	16.4489	16.0632	17.3299	16.3961	328.794	625.836	393.418	383.122	335.875	632.917	400.498	390.202	459734	459618	459759	459641	460754	460869	460734	460761	455	891	429	541
XII	489424	489958	Interval_854	4	4	TRUE	TRUE	TRUE	TRUE	9.3944	7.09347	7.00293	7.68061	16.576	9.47312	9.32976	10.2361	20.3732	12.6566	12.5072	14.0495	489519	489427	489427	489424	489928	489784	489958	489732	93	189	134	200
XII	490586	491006	Interval_855	4	4	TRUE	TRUE	TRUE	TRUE	7.0085	5.60825	5.61105	5.44575	10.1981	6.34054	6.53932	5.73744	13.3578	9.09458	9.09915	8.50401	490586	490657	490641	490634	490957	490954	490987	491006	110	49	118	91
XII	498631	498805	Interval_856	1	1	FALSE	FALSE	FALSE	TRUE	NA	NA	NA	4.63383	NA	NA	NA	3.89227	NA	NA	NA	6.15896	NA	NA	NA	498631	NA	NA	NA	498805	NA	NA	NA	62
XII	500506	500749	Interval_857	1	1	FALSE	FALSE	TRUE	FALSE	NA	NA	4.22825	NA	NA	NA	3.48265	NA	NA	NA	5.52583	NA	NA	NA	500506	NA	NA	NA	500749	NA	NA	NA	118	NA
XII	504145	504335	Interval_858	1	1	FALSE	FALSE	FALSE	TRUE	NA	NA	NA	3.46405	NA	NA	NA	2.18884	NA	NA	NA	4.02497	NA	NA	NA	504145	NA	NA	NA	504335	NA	NA	NA	101
XII	510545	510945	Interval_859	2	2	FALSE	FALSE	TRUE	TRUE	NA	NA	4.96535	4.97009	NA	NA	4.86025	4.4733	NA	NA	7.15129	6.90578	NA	NA	510651	510545	NA	NA	510945	510945	NA	NA	212	367
XII	514902	515120	Interval_860	1	1	TRUE	FALSE	FALSE	FALSE	3.49997	NA	NA	NA	2.15114	NA	NA	NA	3.99819	NA	NA	NA	514902	NA	NA	NA	515120	NA	NA	NA	168	NA	NA	NA
XII	521971	522585	Interval_861	4	4	TRUE	TRUE	TRUE	TRUE	7.0628	4.87035	7.05696	8.02172	7.94416	4.16106	8.47714	9.99158	10.826	6.53468	11.4373	13.7642	522303	521971	522285	522156	522544	522585	522537	522556	171	516	98	302
XII	523524	523763	Interval_862	1	1	TRUE	FALSE	FALSE	FALSE	3.5314	NA	NA	NA	2.15114	NA	NA	NA	4.04885	NA	NA	NA	523524	NA	NA	NA	523763	NA	NA	NA	58	NA	NA	NA
XII	541349	541770	Interval_863	1	1	FALSE	FALSE	FALSE	TRUE	NA	NA	NA	3.14574	NA	NA	NA	1.70397	NA	NA	NA	3.4456	NA	NA	NA	541349	NA	NA	NA	541770	NA	NA	NA	285
XII	543379	543761	Interval_864	1	1	FALSE	FALSE	FALSE	TRUE	NA	NA	NA	4.74349	NA	NA	NA	3.98495	NA	NA	NA	6.33242	NA	NA	NA	543379	NA	NA	NA	543761	NA	NA	NA	79
XII	551883	552212	Interval_865	1	1	TRUE	FALSE	FALSE	FALSE	4.11997	NA	NA	NA	2.98981	NA	NA	NA	5.05521	NA	NA	NA	551883	NA	NA	NA	552212	NA	NA	NA	270	NA	NA	NA
XII	553350	554370	Interval_866	4	4	TRUE	TRUE	TRUE	TRUE	4.70853	4.13808	4.04495	4.99174	3.88981	2.91682	3.22812	4.50266	6.11827	5.08493	5.24254	6.93996	553927	553904	553350	553700	554298	554363	554370	554370	32	385	934	592
XII	586008	586277	Interval_867	2	2	TRUE	FALSE	TRUE	FALSE	4.70853	NA	4.54792	NA	3.88981	NA	3.88729	NA	6.11827	NA	6.02386	NA	586008	NA	586020	NA	586188	NA	586277	NA	73	NA	170	NA
XII	592386	592583	Interval_868	1	1	TRUE	FALSE	FALSE	FALSE	2.94283	NA	NA	NA	1.39059	NA	NA	NA	3.10747	NA	NA	NA	592386	NA	NA	NA	592583	NA	NA	NA	172	NA	NA	NA
XII	603701	604010	Interval_869	1	1	FALSE	FALSE	TRUE	FALSE	NA	NA	3.61117	NA	NA	NA	2.52447	NA	NA	NA	4.39372	NA	NA	NA	603701	NA	NA	NA	604010	NA	NA	NA	67	NA
XII	605091	605600	Interval_870	3	3	TRUE	FALSE	TRUE	TRUE	5.60232	NA	3.64289	5.71625	5.64518	NA	2.56698	5.84281	8.16125	NA	4.44197	8.62634	605091	NA	605110	605119	605505	NA	605538	605600	310	NA	409	239
XII	611524	612003	Interval_871	3	3	TRUE	FALSE	TRUE	TRUE	4.70853	NA	4.0426	3.68938	3.88981	NA	3.06233	2.41337	6.11827	NA	5.05527	4.37052	611608	NA	611524	611635	612003	NA	611993	611845	254	NA	387	175
XII	628279	628537	Interval_872	1	1	TRUE	FALSE	FALSE	FALSE	4.11997	NA	NA	NA	2.98981	NA	NA	NA	5.05521	NA	NA	NA	628279	NA	NA	NA	628537	NA	NA	NA	164	NA	NA	NA
XII	633349	633566	Interval_873	1	1	FALSE	FALSE	FALSE	TRUE	NA	NA	NA	5.27055	NA	NA	NA	4.83411	NA	NA	NA	7.38324	NA	NA	NA	633349	NA	NA	NA	633566	NA	NA	NA	170
XII	636275	636498	Interval_874	1	1	FALSE	FALSE	FALSE	TRUE	NA	NA	NA	3.97608	NA	NA	NA	2.91931	NA	NA	NA	4.95234	NA	NA	NA	636275	NA	NA	NA	636498	NA	NA	NA	42
XII	645367	646139	Interval_875	3	3	TRUE	FALSE	TRUE	TRUE	5.53211	NA	5.56043	7.09543	5.54904	NA	6.72894	9.06058	8.04913	NA	9.35775	12.6598	645367	NA	645526	645454	646033	NA	646046	646139	555	NA	107	468
XII	650880	651271	Interval_876	2	2	FALSE	TRUE	TRUE	FALSE	NA	4.72924	6.0639	NA	NA	3.8235	6.58199	NA	NA	6.15258	9.18268	NA	NA	650880	651079	NA	NA	651265	651271	NA	NA	273	67	NA
XII	658127	658592	Interval_877	4	4	TRUE	TRUE	TRUE	TRUE	5.56372	6.57363	6.2037	4.97318	5.38139	7.40576	7.61895	5.14125	7.85706	10.3155	10.4175	7.7397	658129	658127	658129	658193	658465	658510	658481	658592	136	270	84	258
XII	660205	660473	Interval_878	2	2	FALSE	FALSE	TRUE	TRUE	NA	NA	5.02793	4.23709	NA	NA	5.70359	3.97467	NA	NA	8.13981	6.25537	NA	NA	660278	660205	NA	NA	660473	660407	NA	NA	126	98
XII	664953	665642	Interval_879	2	2	FALSE	FALSE	TRUE	TRUE	NA	NA	3.64943	4.08354	NA	NA	2.73609	3.18267	NA	NA	4.63317	5.30209	NA	NA	664953	665146	NA	NA	665240	665642	NA	NA	207	81
XII	677624	678036	Interval_880	2	2	FALSE	FALSE	TRUE	TRUE	NA	NA	5.41316	3.39085	NA	NA	5.47989	2.09326	NA	NA	7.85975	3.91407	NA	NA	677624	677782	NA	NA	678036	678001	NA	NA	179	12
XII	704274	705027	Interval_881	4	4	TRUE	TRUE	TRUE	TRUE	7.13394	4.5246	8.83352	6.06654	8.30465	3.56667	14.7923	6.55517	11.23	5.81733	18.8735	9.49976	704290	704406	704274	704307	704753	704710	705015	705027	119	205	295	324
XII	710542	710956	Interval_882	2	2	TRUE	TRUE	FALSE	FALSE	4.11997	5.32039	NA	NA	2.98981	4.76845	NA	NA	5.05521	7.27049	NA	NA	710682	710542	NA	NA	710956	710826	NA	NA	94	66	NA	NA
XII	713220	713495	Interval_883	1	1	TRUE	FALSE	FALSE	FALSE	4.70853	NA	NA	NA	3.88981	NA	NA	NA	6.11827	NA	NA	NA	713220	NA	NA	NA	713495	NA	NA	NA	77	NA	NA	NA
XII	723188	723574	Interval_884	1	1	TRUE	FALSE	FALSE	FALSE	5.33464	NA	NA	NA	5.78484	NA	NA	NA	8.3251	NA	NA	NA	723188	NA	NA	NA	723574	NA	NA	NA	343	NA	NA	NA
XII	728260	728682	Interval_885	4	4	TRUE	TRUE	TRUE	TRUE	5.64233	4.20766	8.16409	6.8059	6.20214	3.47778	12.4319	8.04308	8.81978	5.71213	16.2322	11.3963	728260	728297	728261	728290	728631	728662	728682	728648	189	112	231	277
XII	737643	738172	Interval_886	3	3	FALSE	TRUE	TRUE	TRUE	NA	4.72924	6.0639	4.74349	NA	3.8235	6.58199	3.98495	NA	6.15258	9.18268	6.33242	NA	737643	737771	737764	NA	737999	737988	738172	NA	255	117	145
XII	758867	759572	Interval_887	3	3	TRUE	FALSE	TRUE	TRUE	6.47424	NA	8.0852	9.78253	6.85857	NA	10.4315	13.9188	9.58927	NA	13.8681	17.9643	759096	NA	758867	759022	759411	NA	759572	759392	61	NA	270	73
XII	764310	764662	Interval_888	1	1	FALSE	FALSE	TRUE	FALSE	NA	NA	4.54792	NA	NA	NA	3.88729	NA	NA	NA	6.02386	NA	NA	NA	764310	NA	NA	NA	764662	NA	NA	NA	23	NA
XII	781500	781721	Interval_889	1	1	FALSE	FALSE	FALSE	TRUE	NA	NA	NA	5.04528	NA	NA	NA	4.98063	NA	NA	NA	7.55801	NA	NA	NA	781500	NA	NA	NA	781721	NA	NA	NA	43
XII	783561	784603	Interval_890	4	3	TRUE	FALSE	TRUE	TRUE	4.94112	NA	4.62077;5.15288	4.65902	4.97356	NA	4.86973;5.88202	4.26704	7.39175	NA	7.16183;8.34719	6.668	783691	NA	783561;784069	783649	784590	NA	783844;784603	783963	48	NA	50;399	125
XII	789841	790131	Interval_891	1	1	FALSE	FALSE	FALSE	TRUE	NA	NA	NA	5.68912	NA	NA	NA	5.61214	NA	NA	NA	8.30031	NA	NA	NA	789841	NA	NA	NA	790131	NA	NA	NA	75
XII	793695	793942	Interval_892	1	1	TRUE	FALSE	FALSE	FALSE	3.2717	NA	NA	NA	2.07146	NA	NA	NA	3.87918	NA	NA	NA	793695	NA	NA	NA	793942	NA	NA	NA	6	NA	NA	NA
XII	796433	797211	Interval_893	3	3	TRUE	TRUE	FALSE	TRUE	5.70402	5.3726	NA	6.29729	6.29167	5.22972	NA	6.83187	8.91873	7.79532	NA	9.87012	796433	796466	NA	796461	796911	797202	NA	797211	131	311	NA	65
XII	805250	805691	Interval_894	1	1	FALSE	FALSE	FALSE	TRUE	NA	NA	NA	4.30508	NA	NA	NA	3.46046	NA	NA	NA	5.64498	NA	NA	NA	805250	NA	NA	NA	805691	NA	NA	NA	39
XII	808913	809486	Interval_895	4	4	TRUE	TRUE	TRUE	TRUE	6.72397	4.552	4.69805	6.35217	9.03059	4.13044	4.29806	7.17275	12.0451	6.49892	6.47815	10.2985	808971	809016	808913	809021	809486	809460	809429	809465	106	269	376	114
XII	818554	819180	Interval_896	4	4	TRUE	TRUE	TRUE	TRUE	5.24843	4.27091	4.06256	5.21821	4.93229	3.3712	3.25115	4.97489	7.34784	5.59195	5.26971	7.55067	818554	818754	818624	818633	818950	819136	818939	819180	225	11	13	298
XII	828066	828698	Interval_897	4	4	TRUE	TRUE	TRUE	TRUE	6.67954	4.35334	6.08238	4.66657	8.61113	3.4841	7.48208	4.06416	11.5746	5.71998	10.2191	6.42886	828075	828187	828066	828082	828698	828558	828566	828570	407	290	77	405
XII	830458	830744	Interval_898	1	1	FALSE	TRUE	FALSE	FALSE	NA	3.76076	NA	NA	NA	2.57086	NA	NA	NA	4.6217	NA	NA	NA	830458	NA	NA	NA	830744	NA	NA	NA	176	NA	NA
XII	839313	839914	Interval_899	3	3	TRUE	TRUE	FALSE	TRUE	4.1176	4.33715	NA	5.91284	3.45227	3.82825	NA	6.10262	5.57145	6.15852	NA	8.9404	839539	839313	NA	839471	839914	839709	NA	839676	135	162	NA	126
XII	848055	848321	Interval_900	1	1	TRUE	FALSE	FALSE	FALSE	2.94283	NA	NA	NA	1.39059	NA	NA	NA	3.10747	NA	NA	NA	848055	NA	NA	NA	848321	NA	NA	NA	200	NA	NA	NA
XII	853306	853675	Interval_901	1	1	TRUE	FALSE	FALSE	FALSE	5.2971	NA	NA	NA	4.83045	NA	NA	NA	7.23157	NA	NA	NA	853306	NA	NA	NA	853675	NA	NA	NA	64	NA	NA	NA
XII	871434	872087	Interval_902	2	2	FALSE	FALSE	TRUE	TRUE	NA	NA	5.84973	5.53916	NA	NA	6.30978	5.40674	NA	NA	8.83946	8.06037	NA	NA	871434	871447	NA	NA	872087	871664	NA	NA	135	98
XII	875187	875435	Interval_903	1	1	TRUE	FALSE	FALSE	FALSE	6.32726	NA	NA	NA	7.44895	NA	NA	NA	10.2584	NA	NA	NA	875187	NA	NA	NA	875435	NA	NA	NA	129	NA	NA	NA
XII	877489	878106	Interval_904	4	4	TRUE	TRUE	TRUE	TRUE	5.02919	5.88971	6.5182	6.79836	4.67017	6.17862	7.74053	8.63237	6.99918	8.90339	10.5662	12.1686	877509	877504	877489	877499	878085	878047	878106	878106	467	298	85	112
XII	897861	898067	Interval_905	1	1	FALSE	FALSE	FALSE	TRUE	NA	NA	NA	5.27055	NA	NA	NA	4.83411	NA	NA	NA	7.38324	NA	NA	NA	897861	NA	NA	NA	898067	NA	NA	NA	123
XII	903004	903665	Interval_906	3	3	TRUE	TRUE	FALSE	TRUE	3.5314	4.71064	NA	3.68938	2.15114	3.8235	NA	2.41337	4.04885	6.12175	NA	4.37052	903087	903259	NA	903004	903409	903665	NA	903211	159	202	NA	59
XII	903816	904142	Interval_907	1	1	TRUE	FALSE	FALSE	FALSE	2.94283	NA	NA	NA	1.39059	NA	NA	NA	3.10747	NA	NA	NA	903816	NA	NA	NA	904142	NA	NA	NA	202	NA	NA	NA
XII	921572	922399	Interval_908	5	4	TRUE	TRUE	TRUE	TRUE	4.76608;3.31981	3.33811	5.93112	4.91319	4.9804;2.22052	2.07253	7.54777	4.60934	7.40114;4.12367	3.97968	10.335	7.06901	921572;922180	921689	921574	921616	921998;922399	921894	922329	922296	231;131	126	257	664
XII	924557	925081	Interval_909	4	4	TRUE	TRUE	TRUE	TRUE	5.49933	9.77031	6.15106	3.84031	6.58718	16.7103	7.85944	2.89837	9.25586	20.4803	10.7023	4.92718	924557	924599	924738	924740	924815	925081	925026	924937	73	164	68	77
XII	931846	932690	Interval_910	4	4	TRUE	TRUE	TRUE	TRUE	6.72869	7.15256	6.51561	4.80347	8.34304	9.19359	8.05205	4.24583	11.2712	12.3475	10.9254	6.64346	931995	931846	932045	932004	932676	932603	932688	932690	235	531	70	117
XII	950073	950448	Interval_911	2	2	FALSE	FALSE	TRUE	TRUE	NA	NA	4.49742	3.12962	NA	NA	4.71743	2.01903	NA	NA	6.95737	3.82754	NA	NA	950073	950179	NA	NA	950332	950448	NA	NA	107	33
XII	954290	955380	Interval_912	2	2	FALSE	FALSE	TRUE	TRUE	NA	NA	5.25473	5.56376	NA	NA	6.58199	6.7021	NA	NA	9.1828	9.71402	NA	NA	954435	954290	NA	NA	955380	954811	NA	NA	665	379
XII	1002163	1002516	Interval_913	1	1	FALSE	TRUE	FALSE	FALSE	NA	3.54693	NA	NA	NA	2.08643	NA	NA	NA	4.07399	NA	NA	NA	1002163	NA	NA	NA	1002516	NA	NA	NA	149	NA	NA
XII	1002842	1003145	Interval_914	1	1	FALSE	TRUE	FALSE	FALSE	NA	3.54693	NA	NA	NA	2.08643	NA	NA	NA	4.07399	NA	NA	NA	1002842	NA	NA	NA	1003145	NA	NA	NA	287	NA	NA
XII	1011734	1012640	Interval_915	4	4	TRUE	TRUE	TRUE	TRUE	6.00902	5.72029	4.35814	3.90829	6.20014	5.50984	4.03873	2.83145	8.8177	8.11433	6.19184	4.84786	1012113	1012209	1011734	1012133	1012387	1012484	1012640	1012378	102	84	565	206
XII	1018995	1019229	Interval_916	2	2	TRUE	FALSE	FALSE	TRUE	3.5314	NA	NA	3.68938	2.15114	NA	NA	2.41337	4.04885	NA	NA	4.37052	1018995	NA	NA	1019033	1019229	NA	NA	1019221	42	NA	NA	13
XII	1028345	1028757	Interval_917	4	4	TRUE	TRUE	TRUE	TRUE	8.76689	7.28246	9.82593	8.95993	13.6365	9.38169	15.9201	11.7491	17.2475	12.5591	20.0409	15.7184	1028373	1028345	1028480	1028362	1028756	1028757	1028710	1028686	146	263	99	130
XII	1064370	1065455	Interval_918	4	4	TRUE	TRUE	TRUE	TRUE	7.79399	7.59841	8.21868	9.2953	12.187	12.2956	11.7	13.5941	15.6003	15.7276	15.3859	17.6356	1064469	1064514	1064544	1064370	1065455	1065412	1065430	1065430	503	677	353	917
XII	1071497	1071936	Interval_919	4	4	TRUE	TRUE	TRUE	TRUE	14.1256	14.1877	10.6118	12.6493	23.7549	23.9206	16.1672	21.2059	27.8159	27.9243	20.308	25.2956	1071527	1071498	1071530	1071497	1071849	1071936	1071936	1071864	124	151	119	147
XIII	5364	5690	Interval_920	2	2	FALSE	TRUE	TRUE	FALSE	NA	9.45847	5.55857	NA	NA	12.6889	5.65959	NA	NA	16.1653	8.09135	NA	NA	5473	5364	NA	NA	5690	5615	NA	NA	86	174	NA
XIII	14572	14832	Interval_921	1	1	TRUE	FALSE	FALSE	FALSE	3.68998	NA	NA	NA	2.44219	NA	NA	NA	4.37145	NA	NA	NA	14572	NA	NA	NA	14832	NA	NA	NA	39	NA	NA	NA
XIII	16787	17131	Interval_922	1	1	FALSE	FALSE	FALSE	TRUE	NA	NA	NA	3.41361	NA	NA	NA	2.24559	NA	NA	NA	4.094	NA	NA	NA	16787	NA	NA	NA	17131	NA	NA	NA	18
XIII	25975	26638	Interval_923	3	3	TRUE	TRUE	FALSE	TRUE	4.16029	6.67697	NA	5.09177	3.50815	9.21532	NA	4.83411	5.63814	12.3735	NA	7.35082	25975	26022	NA	26089	26240	26638	NA	26352	237	337	NA	50
XIII	29945	30398	Interval_924	1	1	TRUE	FALSE	FALSE	FALSE	4.14533	NA	NA	NA	3.29597	NA	NA	NA	5.39754	NA	NA	NA	29945	NA	NA	NA	30398	NA	NA	NA	36	NA	NA	NA
XIII	37805	37984	Interval_925	1	1	FALSE	FALSE	FALSE	TRUE	NA	NA	NA	4.74349	NA	NA	NA	3.98495	NA	NA	NA	6.33242	NA	NA	NA	37805	NA	NA	NA	37984	NA	NA	NA	135
XIII	46417	47217	Interval_926	2	2	FALSE	TRUE	TRUE	FALSE	NA	3.54693	3.41234	NA	NA	2.08643	2.17692	NA	NA	4.07399	3.94658	NA	NA	46650	46417	NA	NA	47217	46689	NA	NA	377	144	NA
XIII	50914	51532	Interval_927	2	2	FALSE	TRUE	TRUE	FALSE	NA	2.95577	5.05325	NA	NA	1.3324	4.75515	NA	NA	3.12805	7.03726	NA	NA	51116	50914	NA	NA	51409	51532	NA	NA	73	508	NA
XIII	67742	68209	Interval_928	3	3	TRUE	TRUE	FALSE	TRUE	4.34479	3.26452	NA	3.5496	3.56424	1.77138	NA	2.50889	5.70667	3.62754	NA	4.4792	68043	67742	NA	67989	68209	68201	NA	68173	122	206	NA	77
XIII	69767	70470	Interval_929	4	4	TRUE	TRUE	TRUE	TRUE	7.09899	7.70081	5.47901	5.26783	8.87693	9.31787	7.21599	5.76398	11.8714	12.4929	9.92333	8.53699	69823	69844	69819	69767	70357	70328	70470	69992	161	169	134	63
XIII	73455	73754	Interval_930	1	1	FALSE	FALSE	TRUE	FALSE	NA	NA	3.39165	NA	NA	NA	2.55332	NA	NA	NA	4.42602	NA	NA	NA	73455	NA	NA	NA	73754	NA	NA	NA	54	NA
XIII	91119	92099	Interval_931	4	3	TRUE	TRUE	TRUE	FALSE	5.88567	4.72924	5.55857;4.0426	NA	5.82349	3.8235	5.65959;3.06233	NA	8.38997	6.15258	8.09135;5.05527	NA	91712	91172	91119;91710	NA	92073	92004	91336;92099	NA	293	51	92;226	NA
XIII	101386	101794	Interval_932	3	3	TRUE	FALSE	TRUE	TRUE	5.22465	NA	4.01018	4.59257	4.75827	NA	3.17973	3.83562	7.11114	NA	5.18891	6.09399	101490	NA	101512	101386	101786	NA	101772	101794	169	NA	209	39
XIII	104226	104645	Interval_933	2	2	TRUE	FALSE	TRUE	FALSE	5.2971	NA	3.90937	NA	4.83045	NA	3.06233	NA	7.23157	NA	5.03355	NA	104226	NA	104273	NA	104645	NA	104508	NA	275	NA	192	NA
XIII	119060	119705	Interval_934	3	3	FALSE	TRUE	TRUE	TRUE	NA	6.5027	6.30755	5.2429	NA	6.81614	7.18456	4.83411	NA	9.63742	9.88663	7.33901	NA	119194	119266	119060	NA	119538	119705	119468	NA	130	178	195
XIII	124272	124568	Interval_935	3	3	TRUE	TRUE	FALSE	TRUE	6.47424	6.74882	NA	5.53916	6.85857	7.39011	NA	5.40674	9.58927	10.2992	NA	8.06037	124278	124278	NA	124272	124561	124531	NA	124568	135	49	NA	45
XIII	131661	131839	Interval_936	1	1	TRUE	FALSE	FALSE	FALSE	4.11997	NA	NA	NA	2.98981	NA	NA	NA	5.05521	NA	NA	NA	131661	NA	NA	NA	131839	NA	NA	NA	85	NA	NA	NA
XIII	133230	133458	Interval_937	1	1	FALSE	FALSE	TRUE	FALSE	NA	NA	4.0426	NA	NA	NA	3.06233	NA	NA	NA	5.05527	NA	NA	NA	133230	NA	NA	NA	133458	NA	NA	NA	82	NA
XIII	146006	146377	Interval_938	3	3	TRUE	TRUE	FALSE	TRUE	4.70853	9.45847	NA	6.12343	3.88981	12.6889	NA	6.3796	6.11827	16.1653	NA	9.27845	146006	146091	NA	146061	146348	146377	NA	146348	86	113	NA	50
XIII	158844	159360	Interval_939	4	4	TRUE	TRUE	TRUE	TRUE	6.73875	3.51235	6.0639	4.74349	7.47109	2.08643	6.58199	3.98495	10.2825	4.0181	9.18268	6.33242	159116	158844	159033	159062	159360	159153	159321	159321	33	104	115	91
XIII	160012	160215	Interval_940	1	1	FALSE	FALSE	TRUE	FALSE	NA	NA	3.53727	NA	NA	NA	2.28985	NA	NA	NA	4.13652	NA	NA	NA	160012	NA	NA	NA	160215	NA	NA	NA	32	NA
XIII	169914	170278	Interval_941	4	4	TRUE	TRUE	TRUE	TRUE	8.8836	6.90375	6.59099	6.06654	12.1804	7.63152	8.47104	6.55517	15.5921	10.5577	11.4292	9.49976	169926	169914	169957	169914	170268	170236	170278	170276	177	105	179	63
XIII	192089	192500	Interval_942	2	2	FALSE	FALSE	TRUE	TRUE	NA	NA	3.53727	4.21644	NA	NA	2.28985	3.18267	NA	NA	4.13652	5.32648	NA	NA	192089	192209	NA	NA	192283	192500	NA	NA	108	241
XIII	195940	196409	Interval_943	3	3	TRUE	TRUE	FALSE	TRUE	4.11997	5.32039	NA	4.21644	2.98981	4.76845	NA	3.18267	5.05521	7.27049	NA	5.32648	196144	195940	NA	196140	196397	196409	NA	196386	95	322	NA	193
XIII	219847	220033	Interval_944	1	1	TRUE	FALSE	FALSE	FALSE	3.94104	NA	NA	NA	2.90297	NA	NA	NA	4.89829	NA	NA	NA	219847	NA	NA	NA	220033	NA	NA	NA	154	NA	NA	NA
XIII	220946	221158	Interval_945	1	1	FALSE	FALSE	TRUE	FALSE	NA	NA	4.38562	NA	NA	NA	4.31557	NA	NA	NA	6.49757	NA	NA	NA	220946	NA	NA	NA	221158	NA	NA	NA	61	NA
XIII	225485	225799	Interval_946	3	3	TRUE	TRUE	FALSE	TRUE	5.54833	3.98501	NA	6.97912	5.81478	2.85761	NA	9.25592	8.35882	4.96614	NA	12.8832	225496	225495	NA	225485	225799	225697	NA	225768	136	8	NA	160
XIII	253122	253638	Interval_947	4	4	TRUE	TRUE	TRUE	TRUE	6.47424	4.74235	6.82469	7.75051	6.85857	3.98193	8.16698	9.57425	9.58927	6.3306	11.061	13.3214	253263	253163	253122	253270	253621	253529	253638	253638	149	253	295	142
XIII	258839	259248	Interval_948	2	2	TRUE	FALSE	TRUE	FALSE	5.88567	NA	4.0426	NA	5.82349	NA	3.06233	NA	8.38997	NA	5.05527	NA	258859	NA	258839	NA	259248	NA	259135	NA	238	NA	260	NA
XIII	262809	263072	Interval_949	1	1	FALSE	FALSE	TRUE	FALSE	NA	NA	3.81024	NA	NA	NA	2.79277	NA	NA	NA	4.69739	NA	NA	NA	262809	NA	NA	NA	263072	NA	NA	NA	169	NA
XIII	271628	272117	Interval_950	4	4	TRUE	TRUE	TRUE	TRUE	5.82405	7.7015	7.27795	5.99009	5.93675	9.65169	9.0489	6.20664	8.51749	12.8518	12.1618	9.06418	271660	271628	271703	271647	272040	272117	272117	272101	305	367	342	443
XIII	279827	280114	Interval_951	1	1	TRUE	FALSE	FALSE	FALSE	5.88567	NA	NA	NA	5.82349	NA	NA	NA	8.38997	NA	NA	NA	279827	NA	NA	NA	280114	NA	NA	NA	185	NA	NA	NA
XIII	282854	283331	Interval_952	2	2	FALSE	FALSE	TRUE	TRUE	NA	NA	6.55129	4.29902	NA	NA	9.38517	3.63669	NA	NA	12.5701	5.85474	NA	NA	282854	282911	NA	NA	283331	283219	NA	NA	221	212
XIII	287432	287827	Interval_953	4	4	TRUE	TRUE	TRUE	TRUE	7.1837	4.17157	5.2242	5.07129	9.00289	3.07259	6.27051	4.81825	12.0088	5.25614	8.7936	7.31848	287442	287606	287432	287535	287783	287827	287779	287807	125	63	135	35
XIII	296752	297054	Interval_954	1	1	TRUE	FALSE	FALSE	FALSE	4.11997	NA	NA	NA	2.98981	NA	NA	NA	5.05521	NA	NA	NA	296752	NA	NA	NA	297054	NA	NA	NA	131	NA	NA	NA
XIII	306102	306913	Interval_955	4	4	TRUE	TRUE	TRUE	TRUE	7.77061	6.38391	7.11259	4.98984	10.5652	8.09197	11.2638	5.165	13.7672	11.0882	14.8611	7.76681	306156	306214	306102	306112	306884	306868	306913	306902	427	211	305	164
XIII	334944	335159	Interval_956	1	1	TRUE	FALSE	FALSE	FALSE	4.70853	NA	NA	NA	3.88981	NA	NA	NA	6.11827	NA	NA	NA	334944	NA	NA	NA	335159	NA	NA	NA	93	NA	NA	NA
XIII	340958	341242	Interval_957	1	1	TRUE	FALSE	FALSE	FALSE	4.70853	NA	NA	NA	3.88981	NA	NA	NA	6.11827	NA	NA	NA	340958	NA	NA	NA	341242	NA	NA	NA	166	NA	NA	NA
XIII	346993	347740	Interval_958	3	3	TRUE	FALSE	TRUE	TRUE	6.32569	NA	5.84749	7.14748	6.8716	NA	7.46008	9.13116	9.60536	NA	10.1945	12.7456	347162	NA	347164	346993	347427	NA	347740	347507	52	NA	46	308
XIII	350026	350239	Interval_959	1	1	FALSE	FALSE	TRUE	FALSE	NA	NA	2.93134	NA	NA	NA	1.94544	NA	NA	NA	3.67944	NA	NA	NA	350026	NA	NA	NA	350239	NA	NA	NA	4	NA
XIII	352302	352490	Interval_960	1	1	FALSE	FALSE	FALSE	TRUE	NA	NA	NA	3.84611	NA	NA	NA	3.43075	NA	NA	NA	5.60874	NA	NA	NA	352302	NA	NA	NA	352490	NA	NA	NA	112
XIII	352884	353434	Interval_961	4	4	TRUE	TRUE	TRUE	TRUE	4.46914	5.58872	7.41349	5.16898	3.89108	5.76732	11.3231	5.90557	6.12028	8.42313	14.9419	8.70008	352903	352930	352989	352884	353277	353376	353374	353434	182	113	247	347
XIII	362289	363233	Interval_962	3	3	TRUE	TRUE	FALSE	TRUE	3.5314	5.32039	NA	5.27055	2.15114	4.76845	NA	4.83411	4.04885	7.27049	NA	7.38324	362391	362289	NA	362993	362591	363184	NA	363233	63	408	NA	87
XIII	379207	379427	Interval_963	1	1	FALSE	FALSE	TRUE	FALSE	NA	NA	5.05325	NA	NA	NA	4.75515	NA	NA	NA	7.03726	NA	NA	NA	379207	NA	NA	NA	379427	NA	NA	NA	92	NA
XIII	388073	388644	Interval_964	4	4	TRUE	TRUE	TRUE	TRUE	8.01235	5.50675	5.23048	7.0912	10.2023	5.41796	5.71885	8.68934	13.3624	8.00868	8.157	12.2474	388073	388077	388151	388075	388539	388570	388644	388597	407	139	322	166
XIII	407631	408855	Interval_965	5	4	TRUE	TRUE	TRUE	TRUE	3.35139;7.31166	7.52103	6.63962	7.15058	2.15114;10.2676	10.8899	9.50172	10.5969	3.99979;13.4385	14.2247	12.7235	14.4808	407631;408269	408137	407631	407719	407823;408807	408855	408847	408841	112;76	534	695	859
XIII	420271	420631	Interval_966	1	1	TRUE	FALSE	FALSE	FALSE	3.5314	NA	NA	NA	2.15114	NA	NA	NA	4.04885	NA	NA	NA	420271	NA	NA	NA	420631	NA	NA	NA	74	NA	NA	NA
XIII	431680	431944	Interval_967	1	1	FALSE	FALSE	TRUE	FALSE	NA	NA	6.48657	NA	NA	NA	9.28892	NA	NA	NA	12.4572	NA	NA	NA	431680	NA	NA	NA	431944	NA	NA	NA	114	NA
XIII	433421	434623	Interval_968	4	4	TRUE	TRUE	TRUE	TRUE	6.21681	5.97751	3.74306	6.06016	6.72964	6.29981	3.19511	7.38351	9.42908	9.04401	5.20499	10.5508	433845	433777	433457	433421	434594	434623	433947	434031	693	635	292	469
XIII	453638	453831	Interval_969	1	1	TRUE	FALSE	FALSE	FALSE	2.94283	NA	NA	NA	1.39059	NA	NA	NA	3.10747	NA	NA	NA	453638	NA	NA	NA	453831	NA	NA	NA	30	NA	NA	NA
XIII	463114	463675	Interval_970	2	2	TRUE	TRUE	FALSE	FALSE	4.11997	3.54693	NA	NA	2.98981	2.08643	NA	NA	5.05521	4.07399	NA	NA	463286	463114	NA	NA	463656	463675	NA	NA	296	183	NA	NA
XIII	472854	473409	Interval_971	4	4	TRUE	TRUE	TRUE	TRUE	6.47424	6.52904	5.74174	4.59116	6.85857	7.08769	6.16039	4.17801	9.58927	9.9369	8.66701	6.56081	472915	472864	472859	472854	473409	473306	473157	473069	110	212	57	109
XIII	477770	478215	Interval_972	2	2	FALSE	FALSE	TRUE	TRUE	NA	NA	5.13092	4.57536	NA	NA	5.60212	4.3838	NA	NA	7.9959	6.80479	NA	NA	477828	477770	NA	NA	478215	478196	NA	NA	116	146
XIII	480576	480917	Interval_973	2	2	TRUE	TRUE	FALSE	FALSE	3.5314	3.54693	NA	NA	2.15114	2.08643	NA	NA	4.04885	4.07399	NA	NA	480576	480593	NA	NA	480761	480917	NA	NA	95	115	NA	NA
XIII	482502	482721	Interval_974	1	1	FALSE	FALSE	TRUE	FALSE	NA	NA	3.13363	NA	NA	NA	1.93814	NA	NA	NA	3.67019	NA	NA	NA	482502	NA	NA	NA	482721	NA	NA	NA	42	NA
XIII	504812	505036	Interval_975	1	1	FALSE	FALSE	FALSE	TRUE	NA	NA	NA	3.16233	NA	NA	NA	1.70397	NA	NA	NA	3.47083	NA	NA	NA	504812	NA	NA	NA	505036	NA	NA	NA	64
XIII	510453	511260	Interval_976	4	4	TRUE	TRUE	TRUE	TRUE	4.77016	5.77658	6.59855	8.53003	4.31063	6.02787	8.16698	13.3031	6.59118	8.72261	11.0601	17.3406	510453	510518	510528	510527	511260	511090	511182	511168	92	317	534	356
XIII	540148	540811	Interval_977	4	4	TRUE	TRUE	TRUE	TRUE	6.70479	6.67394	9.40185	7.11872	7.9781	7.27858	16.2443	8.72884	10.8673	10.1753	20.3861	12.2923	540195	540320	540175	540148	540811	540734	540806	540804	418	199	445	269
XIII	545731	545927	Interval_978	1	1	FALSE	FALSE	FALSE	TRUE	NA	NA	NA	7.37877	NA	NA	NA	8.48009	NA	NA	NA	11.9621	NA	NA	NA	545731	NA	NA	NA	545927	NA	NA	NA	94
XIII	551286	551840	Interval_979	4	4	TRUE	TRUE	TRUE	TRUE	9.28184	7.2687	7.44676	6.87843	14.4339	10.1064	9.93751	8.45989	18.1053	13.367	13.2371	11.9002	551312	551286	551347	551326	551840	551839	551807	551817	73	169	54	59
XIII	556843	557416	Interval_980	4	4	TRUE	TRUE	TRUE	TRUE	5.33167	6.08175	7.26265	5.58872	5.26976	7.31623	9.67153	5.93108	7.73038	10.2181	12.935	8.73374	556882	556843	556904	556970	557314	557416	557354	557214	341	358	252	95
XIII	564348	564554	Interval_981	1	1	TRUE	FALSE	FALSE	FALSE	2.94283	NA	NA	NA	1.39059	NA	NA	NA	3.10747	NA	NA	NA	564348	NA	NA	NA	564554	NA	NA	NA	10	NA	NA	NA
XIII	592284	592917	Interval_982	1	1	FALSE	FALSE	TRUE	FALSE	NA	NA	4.0426	NA	NA	NA	3.06233	NA	NA	NA	5.05527	NA	NA	NA	592284	NA	NA	NA	592917	NA	NA	NA	133	NA
XIII	599234	599450	Interval_983	1	1	FALSE	FALSE	FALSE	TRUE	NA	NA	NA	3.47835	NA	NA	NA	2.32633	NA	NA	NA	4.1921	NA	NA	NA	599234	NA	NA	NA	599450	NA	NA	NA	137
XIII	600914	601306	Interval_984	2	2	FALSE	FALSE	TRUE	TRUE	NA	NA	4.83894	4.47704	NA	NA	4.71225	4.02626	NA	NA	6.95189	6.38032	NA	NA	600914	601025	NA	NA	601306	601299	NA	NA	140	125
XIII	608291	608524	Interval_985	1	1	FALSE	FALSE	FALSE	TRUE	NA	NA	NA	5.1967	NA	NA	NA	4.94639	NA	NA	NA	7.51665	NA	NA	NA	608291	NA	NA	NA	608524	NA	NA	NA	55
XIII	616115	616323	Interval_986	1	1	TRUE	FALSE	FALSE	FALSE	4.11997	NA	NA	NA	2.98981	NA	NA	NA	5.05521	NA	NA	NA	616115	NA	NA	NA	616323	NA	NA	NA	134	NA	NA	NA
XIII	625673	626163	Interval_987	2	2	FALSE	TRUE	FALSE	TRUE	NA	4.13808	NA	3.67003	NA	2.91682	NA	2.41337	NA	5.08493	NA	4.34056	NA	625673	NA	625983	NA	626145	NA	626163	NA	436	NA	26
XIII	628001	628289	Interval_988	1	1	FALSE	FALSE	TRUE	FALSE	NA	NA	3.53727	NA	NA	NA	2.28985	NA	NA	NA	4.13652	NA	NA	NA	628001	NA	NA	NA	628289	NA	NA	NA	40	NA
XIII	637105	637452	Interval_989	1	1	FALSE	FALSE	TRUE	FALSE	NA	NA	4.4714	NA	NA	NA	3.81741	NA	NA	NA	5.90403	NA	NA	NA	637105	NA	NA	NA	637452	NA	NA	NA	24	NA
XIII	652747	653845	Interval_990	3	3	TRUE	FALSE	TRUE	TRUE	6.38819	NA	8.10778	6.68514	8.54038	NA	14.0407	8.8159	11.4837	NA	18.0897	12.3874	652989	NA	652747	652920	653845	NA	653788	653714	441	NA	707	538
XIII	661533	662269	Interval_991	3	3	TRUE	FALSE	TRUE	TRUE	6.73488	NA	6.48739	5.11241	7.72947	NA	8.63075	4.83411	10.5768	NA	11.6502	7.38343	661805	NA	661681	661533	662253	NA	662186	662269	145	NA	259	389
XIII	667168	667376	Interval_992	1	1	TRUE	FALSE	FALSE	FALSE	4.11997	NA	NA	NA	2.98981	NA	NA	NA	5.05521	NA	NA	NA	667168	NA	NA	NA	667376	NA	NA	NA	187	NA	NA	NA
XIII	675009	675524	Interval_993	3	3	TRUE	FALSE	TRUE	TRUE	7.44516	NA	8.59052	7.04984	9.05572	NA	11.4603	8.06578	12.071	NA	15.1093	11.4257	675014	NA	675136	675009	675435	NA	675480	675524	229	NA	109	246
XIII	683868	684322	Interval_994	1	1	FALSE	FALSE	TRUE	FALSE	NA	NA	4.0426	NA	NA	NA	3.06233	NA	NA	NA	5.05527	NA	NA	NA	683868	NA	NA	NA	684322	NA	NA	NA	231	NA
XIII	742880	743065	Interval_995	1	1	TRUE	FALSE	FALSE	FALSE	4.11997	NA	NA	NA	2.98981	NA	NA	NA	5.05521	NA	NA	NA	742880	NA	NA	NA	743065	NA	NA	NA	27	NA	NA	NA
XIII	751387	751641	Interval_996	1	1	FALSE	FALSE	TRUE	FALSE	NA	NA	4.69805	NA	NA	NA	4.29806	NA	NA	NA	6.47815	NA	NA	NA	751387	NA	NA	NA	751641	NA	NA	NA	48	NA
XIII	754275	754583	Interval_997	2	2	TRUE	FALSE	FALSE	TRUE	4.68477	NA	NA	4.05564	4.65479	NA	NA	3.31386	6.98099	NA	NA	5.47456	754275	NA	NA	754369	754493	NA	NA	754583	79	NA	NA	108
XIII	758916	759406	Interval_998	4	4	TRUE	TRUE	TRUE	TRUE	5.74421	4.26132	6.23494	3.93047	6.92303	3.54689	8.30474	3.18267	9.66275	5.7959	11.2252	5.27853	758922	758916	759011	759070	759369	759406	759302	759331	249	342	76	228
XIII	763251	763498	Interval_999	1	1	FALSE	FALSE	FALSE	TRUE	NA	NA	NA	3.64424	NA	NA	NA	2.47695	NA	NA	NA	4.44403	NA	NA	NA	763251	NA	NA	NA	763498	NA	NA	NA	14
XIII	768208	768413	Interval_1000	1	1	FALSE	FALSE	FALSE	TRUE	NA	NA	NA	3.47907	NA	NA	NA	2.208	NA	NA	NA	4.0478	NA	NA	NA	768208	NA	NA	NA	768413	NA	NA	NA	38
XIII	773699	774588	Interval_1001	4	4	TRUE	TRUE	TRUE	TRUE	6.28011	4.95663	5.26699	6.24758	7.38439	4.46547	7.77345	9.52034	10.1823	6.88452	10.6047	13.2597	774102	773979	773699	773874	774558	774498	774588	774524	190	165	495	368
XIII	797938	798359	Interval_1002	4	4	TRUE	TRUE	TRUE	TRUE	6.8022	5.17781	8.14169	4.47308	7.56129	4.60018	11.9932	3.68081	10.388	7.0338	15.7214	5.90667	797938	797949	797997	797992	798359	798324	798221	798306	349	122	121	76
XIII	808015	808337	Interval_1003	1	1	TRUE	FALSE	FALSE	FALSE	4.45098	NA	NA	NA	3.55837	NA	NA	NA	5.69869	NA	NA	NA	808015	NA	NA	NA	808337	NA	NA	NA	123	NA	NA	NA
XIII	831556	831953	Interval_1004	1	1	FALSE	FALSE	FALSE	TRUE	NA	NA	NA	4.21359	NA	NA	NA	3.18267	NA	NA	NA	5.32202	NA	NA	NA	831556	NA	NA	NA	831953	NA	NA	NA	12
XIII	832241	832452	Interval_1005	1	1	FALSE	FALSE	TRUE	FALSE	NA	NA	3.53727	NA	NA	NA	2.28985	NA	NA	NA	4.13652	NA	NA	NA	832241	NA	NA	NA	832452	NA	NA	NA	39	NA
XIII	835027	835233	Interval_1006	1	1	FALSE	FALSE	FALSE	TRUE	NA	NA	NA	5.58826	NA	NA	NA	5.47128	NA	NA	NA	8.13878	NA	NA	NA	835027	NA	NA	NA	835233	NA	NA	NA	159
XIII	851804	852473	Interval_1007	4	4	TRUE	TRUE	TRUE	TRUE	4.70853	3.54693	7.24404	6.32466	3.88981	2.08643	9.00925	6.60525	6.11827	4.07399	12.1067	9.60369	851888	851804	851819	852157	852277	852243	852415	852473	138	287	513	118
XIII	861100	861968	Interval_1008	5	4	TRUE	TRUE	TRUE	TRUE	5.05406	3.91485	5.05325	5.94551;4.64765	4.51937	2.66067	4.75515	6.40224;4.03831	6.83122	4.72427	7.03726	9.30577;6.39925	861144	861344	861102	861100;861748	861757	861588	861747	861470;861968	296	169	533	208;18
XIII	863459	863664	Interval_1009	1	1	TRUE	FALSE	FALSE	FALSE	3.27765	NA	NA	NA	1.86952	NA	NA	NA	3.64783	NA	NA	NA	863459	NA	NA	NA	863664	NA	NA	NA	111	NA	NA	NA
XIII	867444	867671	Interval_1010	1	1	FALSE	TRUE	FALSE	FALSE	NA	3.54693	NA	NA	NA	2.08643	NA	NA	NA	4.07399	NA	NA	NA	867444	NA	NA	NA	867671	NA	NA	NA	172	NA	NA
XIII	872736	873107	Interval_1011	3	3	TRUE	FALSE	TRUE	TRUE	5.2971	NA	4.54792	5.27055	4.83045	NA	3.88729	4.83411	7.23157	NA	6.02386	7.38324	872736	NA	872789	872736	872928	NA	873107	872941	50	NA	118	66
XIII	880510	880987	Interval_1012	4	4	TRUE	TRUE	TRUE	TRUE	5.2971	5.91154	5.55857	4.74349	4.83045	5.76732	5.65959	3.98495	7.23157	8.4335	8.09135	6.33242	880643	880510	880580	880537	880934	880987	880972	880817	111	222	160	179
XIII	886392	886883	Interval_1013	3	3	TRUE	FALSE	TRUE	TRUE	4.70853	NA	6.0639	6.32466	3.88981	NA	6.58199	6.60525	6.11827	NA	9.18268	9.60369	886392	NA	886545	886674	886779	NA	886773	886883	68	NA	63	92
XIII	895446	895683	Interval_1014	1	1	TRUE	FALSE	FALSE	FALSE	4.11997	NA	NA	NA	2.98981	NA	NA	NA	5.05521	NA	NA	NA	895446	NA	NA	NA	895683	NA	NA	NA	92	NA	NA	NA
XIII	897706	897924	Interval_1015	1	1	FALSE	FALSE	FALSE	TRUE	NA	NA	NA	3.68938	NA	NA	NA	2.41337	NA	NA	NA	4.37052	NA	NA	NA	897706	NA	NA	NA	897924	NA	NA	NA	45
XIII	901204	901632	Interval_1016	2	2	FALSE	FALSE	TRUE	TRUE	NA	NA	3.03195	3.94189	NA	NA	1.5793	2.87582	NA	NA	3.27389	4.8996	NA	NA	901204	901445	NA	NA	901472	901632	NA	NA	187	1
XIII	904348	904602	Interval_1017	1	1	FALSE	FALSE	TRUE	FALSE	NA	NA	4.45007	NA	NA	NA	3.78793	NA	NA	NA	5.87072	NA	NA	NA	904348	NA	NA	NA	904602	NA	NA	NA	56	NA
XIII	914894	915761	Interval_1018	4	4	TRUE	TRUE	TRUE	TRUE	8.62166	6.37216	5.43898	5.27055	11.8043	7.42077	5.51641	4.83411	15.1604	10.3308	7.90079	7.38324	914915	914899	915091	914894	915469	915521	915761	915437	372	453	245	466
XIII	923411	924323	Interval_1019	4	4	TRUE	TRUE	TRUE	TRUE	9.61907	10.4493	7.07455	7.90582	16.4353	17.8041	8.48005	9.46846	20.2236	21.6238	11.4659	13.1869	923411	923772	923772	923772	924296	924323	924285	924279	463	309	434	264
XIV	6689	7335	Interval_1020	4	4	TRUE	TRUE	TRUE	TRUE	12.9823	7.48641	5.55857	5.7976	23.5351	9.68707	5.65959	5.71363	27.5891	12.8911	8.09135	8.47482	6689	6689	6697	6712	7196	7335	7105	7150	67	427	109	28
XIV	19202	19441	Interval_1021	1	1	TRUE	FALSE	FALSE	FALSE	4.11997	NA	NA	NA	2.98981	NA	NA	NA	5.05521	NA	NA	NA	19202	NA	NA	NA	19441	NA	NA	NA	93	NA	NA	NA
XIV	23470	23815	Interval_1022	1	1	TRUE	FALSE	FALSE	FALSE	3.98672	NA	NA	NA	2.85013	NA	NA	NA	4.83912	NA	NA	NA	23470	NA	NA	NA	23815	NA	NA	NA	310	NA	NA	NA
XIV	34260	34594	Interval_1023	1	1	TRUE	FALSE	FALSE	FALSE	3.5314	NA	NA	NA	2.15114	NA	NA	NA	4.04885	NA	NA	NA	34260	NA	NA	NA	34594	NA	NA	NA	30	NA	NA	NA
XIV	51698	52023	Interval_1024	1	1	TRUE	FALSE	FALSE	FALSE	3.5314	NA	NA	NA	2.15114	NA	NA	NA	4.04885	NA	NA	NA	51698	NA	NA	NA	52023	NA	NA	NA	51	NA	NA	NA
XIV	57578	58154	Interval_1025	2	2	TRUE	FALSE	FALSE	TRUE	4.59977	NA	NA	4.74349	3.76797	NA	NA	3.98495	5.9395	NA	NA	6.33242	57578	NA	NA	57772	58154	NA	NA	58064	266	NA	NA	47
XIV	59884	60188	Interval_1026	2	2	FALSE	FALSE	TRUE	TRUE	NA	NA	5.16917	3.84031	NA	NA	5.38703	2.89837	NA	NA	7.75544	4.92718	NA	NA	59930	59884	NA	NA	60188	60138	NA	NA	180	81
XIV	63011	63508	Interval_1027	4	4	TRUE	TRUE	TRUE	TRUE	8.50876	4.04134	4.25461	5.99613	11.2637	3.05464	3.71231	6.71028	14.5649	5.23697	5.78543	9.7239	63108	63011	63135	63083	63508	63291	63400	63304	96	110	140	147
XIV	68500	68738	Interval_1028	2	2	TRUE	FALSE	FALSE	TRUE	4.70853	NA	NA	5.7976	3.88981	NA	NA	5.71363	6.11827	NA	NA	8.47482	68500	NA	NA	68558	68684	NA	NA	68738	59	NA	NA	56
XIV	87069	87666	Interval_1029	3	3	FALSE	TRUE	TRUE	TRUE	NA	3.40235	6.43155	3.82674	NA	2.03076	7.62666	2.72359	NA	3.93146	10.4265	4.72265	NA	87069	87376	87281	NA	87496	87654	87666	NA	169	128	141
XIV	88941	90087	Interval_1030	2	2	TRUE	TRUE	FALSE	FALSE	4.88632	4.88418	NA	NA	4.46742	4.36678	NA	NA	6.77371	6.77035	NA	NA	89098	88941	NA	NA	89275	90087	NA	NA	140	482	NA	NA
XIV	96136	96458	Interval_1031	2	2	TRUE	FALSE	TRUE	FALSE	7.0628	NA	5.55857	NA	7.94416	NA	5.65959	NA	10.826	NA	8.09135	NA	96221	NA	96136	NA	96438	NA	96458	NA	74	NA	149	NA
XIV	104557	104908	Interval_1032	2	2	FALSE	TRUE	FALSE	TRUE	NA	4.5246	NA	3.16233	NA	3.56667	NA	1.70397	NA	5.81733	NA	3.47083	NA	104574	NA	104557	NA	104908	NA	104739	NA	262	NA	42
XIV	107233	107579	Interval_1033	2	2	TRUE	FALSE	TRUE	FALSE	3.95723	NA	6.04883	NA	2.924	NA	6.58199	NA	4.92326	NA	9.15847	NA	107244	NA	107233	NA	107533	NA	107579	NA	283	NA	148	NA
XIV	112687	113059	Interval_1034	1	1	FALSE	FALSE	TRUE	FALSE	NA	NA	5.76662	NA	NA	NA	7.0243	NA	NA	NA	9.69981	NA	NA	NA	112687	NA	NA	NA	113059	NA	NA	NA	172	NA
XIV	116307	117185	Interval_1035	2	2	FALSE	TRUE	FALSE	TRUE	NA	3.54693	NA	3.16233	NA	2.08643	NA	1.70397	NA	4.07399	NA	3.47083	NA	116307	NA	116982	NA	117034	NA	117185	NA	388	NA	43
XIV	137957	138416	Interval_1036	3	3	TRUE	FALSE	TRUE	TRUE	5.88567	NA	5.05325	4.74349	5.82349	NA	4.75515	3.98495	8.38997	NA	7.03726	6.33242	137988	NA	137957	137962	138416	NA	138201	138403	307	NA	118	127
XIV	187595	187911	Interval_1037	1	1	TRUE	FALSE	FALSE	FALSE	2.94283	NA	NA	NA	1.39059	NA	NA	NA	3.10747	NA	NA	NA	187595	NA	NA	NA	187911	NA	NA	NA	111	NA	NA	NA
XIV	198052	198925	Interval_1038	4	4	TRUE	TRUE	TRUE	TRUE	7.70471	5.78633	4.32562	6.25316	9.75325	5.59991	3.81086	7.04816	12.857	8.22388	5.89626	10.1389	198052	198150	198272	198138	198859	198925	198743	198831	465	417	241	365
XIV	209929	210120	Interval_1039	1	1	TRUE	FALSE	FALSE	FALSE	5.88567	NA	NA	NA	5.82349	NA	NA	NA	8.38997	NA	NA	NA	209929	NA	NA	NA	210120	NA	NA	NA	79	NA	NA	NA
XIV	217308	217665	Interval_1040	3	3	TRUE	FALSE	TRUE	TRUE	5.2971	NA	4.54792	5.08024	4.83045	NA	3.88729	4.61959	7.23157	NA	6.02386	7.08004	217323	NA	217308	217323	217640	NA	217565	217665	112	NA	188	174
XIV	239985	240313	Interval_1041	1	1	TRUE	FALSE	FALSE	FALSE	4.5348	NA	NA	NA	3.67574	NA	NA	NA	5.83385	NA	NA	NA	239985	NA	NA	NA	240313	NA	NA	NA	109	NA	NA	NA
XIV	273874	274351	Interval_1042	1	1	FALSE	FALSE	TRUE	FALSE	NA	NA	5.86026	NA	NA	NA	6.85541	NA	NA	NA	9.50399	NA	NA	NA	273874	NA	NA	NA	274351	NA	NA	NA	311	NA
XIV	275895	276177	Interval_1043	1	1	FALSE	FALSE	TRUE	FALSE	NA	NA	3.46049	NA	NA	NA	2.31507	NA	NA	NA	4.16504	NA	NA	NA	275895	NA	NA	NA	276177	NA	NA	NA	27	NA
XIV	281468	282046	Interval_1044	4	4	TRUE	TRUE	TRUE	TRUE	7.58327	4.72924	7.94915	5.7976	8.97775	3.8235	10.2647	5.71363	11.9814	6.15258	13.6456	8.47482	281626	281646	281468	281623	282042	282046	281926	281985	150	134	312	156
XIV	301201	301533	Interval_1045	3	3	TRUE	FALSE	TRUE	TRUE	4.14454	NA	3.84558	3.72924	3.13262	NA	2.83937	2.75388	5.2139	NA	4.75153	4.75614	301344	NA	301204	301201	301529	NA	301472	301533	57	NA	75	144
XIV	301780	302567	Interval_1046	4	4	TRUE	TRUE	TRUE	TRUE	4.07441	4.71064	5.33716	5.27233	3.03563	3.8235	5.37241	5.54672	5.10466	6.12175	7.73909	8.22458	301780	301818	301780	301826	302102	302050	302432	302567	83	76	145	552
XIV	309986	310427	Interval_1047	1	1	TRUE	FALSE	FALSE	FALSE	4.11997	NA	NA	NA	2.98981	NA	NA	NA	5.05521	NA	NA	NA	309986	NA	NA	NA	310427	NA	NA	NA	373	NA	NA	NA
XIV	317827	318296	Interval_1048	1	1	FALSE	FALSE	TRUE	FALSE	NA	NA	6.04883	NA	NA	NA	6.58199	NA	NA	NA	9.15847	NA	NA	NA	317827	NA	NA	NA	318296	NA	NA	NA	84	NA
XIV	318512	318834	Interval_1049	1	1	FALSE	FALSE	TRUE	FALSE	NA	NA	3.51141	NA	NA	NA	2.28985	NA	NA	NA	4.09705	NA	NA	NA	318512	NA	NA	NA	318834	NA	NA	NA	51	NA
XIV	330944	331248	Interval_1050	4	4	TRUE	TRUE	TRUE	TRUE	6.59303	6.1612	5.24601	5.3099	7.52418	6.55861	6.01319	5.59894	10.3469	9.33933	8.50102	8.28521	331025	330944	330988	331038	331229	331248	331208	331227	77	119	164	127
XIV	335806	336163	Interval_1051	2	2	FALSE	FALSE	TRUE	TRUE	NA	NA	5.70976	5.37922	NA	NA	7.54095	6.19774	NA	NA	10.3262	9.05479	NA	NA	335806	335854	NA	NA	336124	336163	NA	NA	178	164
XIV	349822	350582	Interval_1052	4	4	TRUE	TRUE	TRUE	TRUE	9.08981	7.15144	6.72459	8.58914	14.5874	8.52782	8.63075	14.8956	18.2877	11.5909	11.6484	18.9578	349858	349933	349903	349822	350378	350563	350243	350582	179	161	269	215
XIV	355336	355881	Interval_1053	4	4	TRUE	TRUE	TRUE	TRUE	6.65431	5.48676	5.68233	6.24592	8.23617	5.63128	6.90453	7.59708	11.1505	8.26082	9.5603	10.8598	355366	355336	355367	355354	355881	355859	355790	355850	71	97	69	302
XIV	370361	370646	Interval_1054	1	1	FALSE	TRUE	FALSE	FALSE	NA	2.95577	NA	NA	NA	1.3324	NA	NA	NA	3.12805	NA	NA	NA	370361	NA	NA	NA	370646	NA	NA	NA	237	NA	NA
XIV	373465	373815	Interval_1055	1	1	FALSE	FALSE	FALSE	TRUE	NA	NA	NA	3.89836	NA	NA	NA	2.97438	NA	NA	NA	5.01659	NA	NA	NA	373465	NA	NA	NA	373815	NA	NA	NA	281
XIV	374734	375183	Interval_1056	3	3	TRUE	TRUE	TRUE	FALSE	7.03771	4.72924	3.53727	NA	8.16763	3.8235	2.28985	NA	11.0715	6.15258	4.13652	NA	374764	374778	374734	NA	375092	375183	375087	NA	122	266	159	NA
XIV	392420	392757	Interval_1057	1	1	FALSE	FALSE	TRUE	FALSE	NA	NA	5.55857	NA	NA	NA	5.65959	NA	NA	NA	8.09135	NA	NA	NA	392420	NA	NA	NA	392757	NA	NA	NA	304	NA
XIV	398184	398378	Interval_1058	1	1	FALSE	FALSE	FALSE	TRUE	NA	NA	NA	3.16233	NA	NA	NA	1.70397	NA	NA	NA	3.47083	NA	NA	NA	398184	NA	NA	NA	398378	NA	NA	NA	70
XIV	405721	405974	Interval_1059	2	2	TRUE	FALSE	FALSE	TRUE	6.47424	NA	NA	6.85171	6.85857	NA	NA	7.5231	9.58927	NA	NA	10.7669	405721	NA	NA	405745	405974	NA	NA	405963	124	NA	NA	102
XIV	412354	412702	Interval_1060	1	1	TRUE	FALSE	FALSE	FALSE	5.24996	NA	NA	NA	4.7947	NA	NA	NA	7.1531	NA	NA	NA	412354	NA	NA	NA	412702	NA	NA	NA	292	NA	NA	NA
XIV	415928	416237	Interval_1061	1	1	TRUE	FALSE	FALSE	FALSE	4.0833	NA	NA	NA	2.98369	NA	NA	NA	4.99531	NA	NA	NA	415928	NA	NA	NA	416237	NA	NA	NA	277	NA	NA	NA
XIV	426984	427532	Interval_1062	4	4	TRUE	TRUE	TRUE	TRUE	6.8022	7.68501	9.09109	7.83745	7.56129	9.01861	12.9011	10.0832	10.388	12.1546	16.8234	13.8764	427047	427033	426984	427065	427519	427487	427532	427485	136	172	195	152
XIV	440701	441250	Interval_1063	4	4	TRUE	TRUE	TRUE	TRUE	5.16532	3.52188	6.2536	6.94403	5.03716	2.11933	7.68522	9.51069	7.46702	4.11302	10.4989	13.2476	440849	440837	440884	440701	441149	441220	441250	441241	256	294	215	401
XIV	442519	442780	Interval_1064	1	1	FALSE	FALSE	TRUE	FALSE	NA	NA	3.08698	NA	NA	NA	1.87568	NA	NA	NA	3.59953	NA	NA	NA	442519	NA	NA	NA	442780	NA	NA	NA	69	NA
XIV	442783	442969	Interval_1065	1	1	TRUE	FALSE	FALSE	FALSE	4.02223	NA	NA	NA	3.12816	NA	NA	NA	5.20749	NA	NA	NA	442783	NA	NA	NA	442969	NA	NA	NA	161	NA	NA	NA
XIV	466510	466685	Interval_1066	1	1	FALSE	FALSE	FALSE	TRUE	NA	NA	NA	3.68938	NA	NA	NA	2.41337	NA	NA	NA	4.37052	NA	NA	NA	466510	NA	NA	NA	466685	NA	NA	NA	124
XIV	479277	480052	Interval_1067	2	2	TRUE	TRUE	FALSE	FALSE	5.72239	5.32039	NA	NA	5.6088	4.76845	NA	NA	8.11779	7.27049	NA	NA	479277	479280	NA	NA	480052	479853	NA	NA	45	44	NA	NA
XIV	483207	483531	Interval_1068	1	1	FALSE	FALSE	TRUE	FALSE	NA	NA	3.70803	NA	NA	NA	2.65547	NA	NA	NA	4.54121	NA	NA	NA	483207	NA	NA	NA	483531	NA	NA	NA	260	NA
XIV	490999	491378	Interval_1069	2	2	FALSE	FALSE	TRUE	TRUE	NA	NA	3.64943	5.44472	NA	NA	2.73609	5.51888	NA	NA	4.63317	8.19393	NA	NA	490999	491019	NA	NA	491372	491378	NA	NA	191	147
XIV	495075	495422	Interval_1070	3	3	FALSE	TRUE	TRUE	TRUE	NA	6.34943	6.77956	4.21988	NA	7.09997	8.70363	3.53333	NA	9.95398	11.7384	5.73121	NA	495083	495075	495198	NA	495406	495422	495401	NA	146	124	47
XIV	500568	500895	Interval_1071	1	1	FALSE	FALSE	FALSE	TRUE	NA	NA	NA	4.633	NA	NA	NA	4.70797	NA	NA	NA	7.18203	NA	NA	NA	500568	NA	NA	NA	500895	NA	NA	NA	173
XIV	503112	503530	Interval_1072	3	3	TRUE	FALSE	TRUE	TRUE	4.59537	NA	5.44273	4.70244	4.52321	NA	6.2973	5.27375	6.83705	NA	8.82423	7.89807	503220	NA	503165	503112	503530	NA	503495	503494	176	NA	133	132
XIV	507500	507698	Interval_1073	1	1	FALSE	FALSE	TRUE	FALSE	NA	NA	3.89982	NA	NA	NA	2.91363	NA	NA	NA	4.83484	NA	NA	NA	507500	NA	NA	NA	507698	NA	NA	NA	136	NA
XIV	515067	515338	Interval_1074	1	1	FALSE	TRUE	FALSE	FALSE	NA	3.54693	NA	NA	NA	2.08643	NA	NA	NA	4.07399	NA	NA	NA	515067	NA	NA	NA	515338	NA	NA	NA	164	NA	NA
XIV	518824	519208	Interval_1075	1	1	FALSE	FALSE	FALSE	TRUE	NA	NA	NA	5.27055	NA	NA	NA	4.83411	NA	NA	NA	7.38324	NA	NA	NA	518824	NA	NA	NA	519208	NA	NA	NA	94
XIV	547110	547808	Interval_1076	2	2	TRUE	TRUE	FALSE	FALSE	4.0833	5.32039	NA	NA	2.98369	4.76845	NA	NA	4.99531	7.27049	NA	NA	547110	547385	NA	NA	547433	547808	NA	NA	263	166	NA	NA
XIV	549028	549240	Interval_1077	1	1	FALSE	FALSE	TRUE	FALSE	NA	NA	3.23009	NA	NA	NA	1.93887	NA	NA	NA	3.67231	NA	NA	NA	549028	NA	NA	NA	549240	NA	NA	NA	26	NA
XIV	558925	560008	Interval_1078	4	4	TRUE	TRUE	TRUE	TRUE	8.732	6.8047	8.33813	8.64624	11.9616	8.04086	12.2715	11.6875	15.342	11.0287	16.0497	15.6359	559332	559259	559261	558925	560008	559583	559682	559718	106	179	177	420
XIV	560430	560777	Interval_1079	1	1	FALSE	TRUE	FALSE	FALSE	NA	3.03398	NA	NA	NA	1.46191	NA	NA	NA	3.27694	NA	NA	NA	560430	NA	NA	NA	560777	NA	NA	NA	134	NA	NA
XIV	568017	568290	Interval_1080	1	1	TRUE	FALSE	FALSE	FALSE	4.00567	NA	NA	NA	2.87718	NA	NA	NA	4.86959	NA	NA	NA	568017	NA	NA	NA	568290	NA	NA	NA	228	NA	NA	NA
XIV	569413	570026	Interval_1081	3	3	TRUE	TRUE	FALSE	TRUE	6.17719	5.05664	NA	7.37877	6.44471	4.60582	NA	8.48009	9.09357	7.04264	NA	11.9621	569413	569560	NA	569779	570021	570019	NA	570026	504	207	NA	215
XIV	576128	576573	Interval_1082	4	4	TRUE	TRUE	TRUE	TRUE	6.16377	6.88625	3.79282	4.6763	6.65839	7.86512	2.7699	4.29089	9.34346	10.8233	4.67072	6.69528	576163	576207	576195	576128	576573	576485	576531	576573	195	195	139	381
XIV	578681	579190	Interval_1083	2	2	FALSE	FALSE	TRUE	TRUE	NA	NA	4.90133	3.29109	NA	NA	4.7674	2.08958	NA	NA	7.0503	3.90852	NA	NA	578681	578889	NA	NA	579020	579190	NA	NA	276	278
XIV	586443	587368	Interval_1084	4	4	TRUE	TRUE	TRUE	TRUE	4.11997	3.54693	4.54792	4.74349	2.98981	2.08643	3.88729	3.98495	5.05521	4.07399	6.02386	6.33242	586443	586969	586547	586459	586901	587368	586980	586989	304	235	393	483
XIV	602230	602480	Interval_1085	3	3	TRUE	FALSE	TRUE	TRUE	4.70853	NA	5.26326	4.21644	3.88981	NA	5.26872	3.18267	6.11827	NA	7.62198	5.32648	602230	NA	602230	602232	602480	NA	602429	602448	101	NA	148	195
XIV	604764	605154	Interval_1086	2	2	TRUE	FALSE	TRUE	FALSE	3.5314	NA	6.30755	NA	2.15114	NA	7.18456	NA	4.04885	NA	9.88663	NA	604945	NA	604764	NA	605136	NA	605154	NA	78	NA	45	NA
XIV	619816	619988	Interval_1087	1	1	TRUE	FALSE	FALSE	FALSE	5.88567	NA	NA	NA	5.82349	NA	NA	NA	8.38997	NA	NA	NA	619816	NA	NA	NA	619988	NA	NA	NA	114	NA	NA	NA
XIV	622520	622743	Interval_1088	1	1	FALSE	FALSE	TRUE	FALSE	NA	NA	3.47775	NA	NA	NA	2.26439	NA	NA	NA	4.04581	NA	NA	NA	622520	NA	NA	NA	622743	NA	NA	NA	128	NA
XIV	631344	632198	Interval_1089	1	1	FALSE	TRUE	FALSE	FALSE	NA	4.98126	NA	NA	NA	4.50175	NA	NA	NA	6.92341	NA	NA	NA	631344	NA	NA	NA	632198	NA	NA	NA	544	NA	NA
XIV	633803	634202	Interval_1090	1	1	FALSE	FALSE	FALSE	TRUE	NA	NA	NA	4.76354	NA	NA	NA	4.19613	NA	NA	NA	6.5808	NA	NA	NA	633803	NA	NA	NA	634202	NA	NA	NA	270
XIV	651876	652335	Interval_1091	3	3	TRUE	FALSE	TRUE	TRUE	5.77731	NA	7.95429	6.06654	5.6864	NA	11.7183	6.55517	8.20887	NA	15.4068	9.49976	651908	NA	652002	651876	652250	NA	652325	652335	119	NA	124	253
XIV	653347	653531	Interval_1092	1	1	TRUE	FALSE	FALSE	FALSE	2.91664	NA	NA	NA	1.39059	NA	NA	NA	3.06601	NA	NA	NA	653347	NA	NA	NA	653531	NA	NA	NA	9	NA	NA	NA
XIV	661992	662560	Interval_1093	4	4	TRUE	TRUE	TRUE	TRUE	5.72548	4.45131	4.73282	3.10183	6.61136	4.22249	5.29001	1.83904	9.28532	6.60419	7.64504	3.62203	661992	662056	662014	662341	662559	662461	662394	662560	205	288	281	119
XIV	663660	664199	Interval_1094	4	4	TRUE	TRUE	TRUE	TRUE	5.50124	3.31396	5.29535	5.95699	6.29234	2.12074	6.37652	6.95021	8.91996	4.11458	8.91373	10.0135	663872	663776	663660	663660	664062	664199	664062	664090	105	13	284	318
XIV	692074	692288	Interval_1095	1	1	FALSE	FALSE	FALSE	TRUE	NA	NA	NA	3.46405	NA	NA	NA	2.18884	NA	NA	NA	4.02497	NA	NA	NA	692074	NA	NA	NA	692288	NA	NA	NA	68
XIV	707889	708599	Interval_1096	2	2	TRUE	TRUE	FALSE	FALSE	4.11997	5.68784	NA	NA	2.98981	5.4632	NA	NA	5.05521	8.06072	NA	NA	708137	707889	NA	NA	708599	708410	NA	NA	285	477	NA	NA
XIV	726020	726200	Interval_1097	1	1	TRUE	FALSE	FALSE	FALSE	4.11997	NA	NA	NA	2.98981	NA	NA	NA	5.05521	NA	NA	NA	726020	NA	NA	NA	726200	NA	NA	NA	91	NA	NA	NA
XIV	739119	739741	Interval_1098	4	4	TRUE	TRUE	TRUE	TRUE	4.70853	4.13808	7.95201	3.60409	3.88981	2.91682	10.9443	2.36415	6.11827	5.08493	14.4965	4.2389	739173	739119	739124	739399	739542	739614	739741	739631	293	321	372	85
XIV	763098	763286	Interval_1099	1	1	TRUE	FALSE	FALSE	FALSE	3.5314	NA	NA	NA	2.15114	NA	NA	NA	4.04885	NA	NA	NA	763098	NA	NA	NA	763286	NA	NA	NA	151	NA	NA	NA
XIV	764158	764435	Interval_1100	1	1	FALSE	TRUE	FALSE	FALSE	NA	3.54693	NA	NA	NA	2.08643	NA	NA	NA	4.07399	NA	NA	NA	764158	NA	NA	NA	764435	NA	NA	NA	167	NA	NA
XIV	783510	784048	Interval_1101	4	4	TRUE	TRUE	TRUE	TRUE	10.8794	8.92193	7.07455	5.27055	16.9288	12.6309	8.48005	4.83411	20.753	16.0888	11.4659	7.38324	783518	783555	783510	783575	783972	784048	783978	784008	317	313	315	119
XV	48	895	Interval_1102	4	4	TRUE	TRUE	TRUE	TRUE	9.81511	9.53791	6.56922	7.37877	16.7586	16.3488	7.5235	8.48009	20.5562	20.0854	10.3084	11.9621	119	48	125	135	616	616	530	895	171	119	63	148
XV	21181	21658	Interval_1103	1	1	TRUE	FALSE	FALSE	FALSE	4.11997	NA	NA	NA	2.98981	NA	NA	NA	5.05521	NA	NA	NA	21181	NA	NA	NA	21658	NA	NA	NA	376	NA	NA	NA
XV	27765	28089	Interval_1104	3	3	TRUE	TRUE	FALSE	TRUE	7.98004	7.18317	NA	5.27055	10.497	9.6086	NA	4.83411	13.696	12.8043	NA	7.38324	27826	27765	NA	27813	28070	28089	NA	28058	90	197	NA	101
XV	31813	32291	Interval_1105	1	1	FALSE	FALSE	TRUE	FALSE	NA	NA	5.55857	NA	NA	NA	5.65959	NA	NA	NA	8.09135	NA	NA	NA	31813	NA	NA	NA	32291	NA	NA	NA	238	NA
XV	55172	55480	Interval_1106	3	3	TRUE	FALSE	TRUE	TRUE	5.05406	NA	6.92234	4.28719	4.51937	NA	8.30098	3.43571	6.83122	NA	11.219	5.61721	55172	NA	55179	55174	55438	NA	55456	55480	218	NA	162	209
XV	69040	69543	Interval_1107	4	4	TRUE	TRUE	TRUE	TRUE	5.80516	3.54693	3.53727	6.37815	5.72692	2.08643	2.28985	6.93942	8.25524	4.07399	4.13652	10.0002	69063	69068	69103	69040	69543	69296	69322	69348	196	44	37	209
XV	79896	80192	Interval_1108	3	3	TRUE	FALSE	TRUE	TRUE	4.13353	NA	5.2842	4.67662	3.67574	NA	6.06904	4.76254	5.83417	NA	8.56396	7.254	79896	NA	79922	79917	80154	NA	80192	80135	220	NA	111	129
XV	82747	83678	Interval_1109	4	4	TRUE	TRUE	TRUE	TRUE	4.50931	5.63075	6.32443	5.98411	4.40541	6.37334	8.43061	7.54675	6.69809	9.13123	11.3764	10.7986	83281	82747	83095	82987	83678	83408	83403	83490	120	548	177	392
XV	92948	93267	Interval_1110	3	3	TRUE	FALSE	TRUE	TRUE	3.46258	NA	3.2738	5.42592	2.15114	NA	1.99621	5.71363	4.02274	NA	3.73783	8.4721	93003	NA	92988	92948	93267	NA	93215	93210	35	NA	127	24
XV	94489	94741	Interval_1111	2	2	TRUE	FALSE	FALSE	TRUE	5.07156	NA	NA	4.64187	4.72722	NA	NA	4.24583	7.06629	NA	NA	6.64092	94489	NA	NA	94489	94668	NA	NA	94741	49	NA	NA	196
XV	109032	110164	Interval_1112	4	4	TRUE	TRUE	TRUE	TRUE	8.86912	6.70078	8.16667	6.96438	19.2596	9.63307	13.6843	10.3179	23.1952	12.8294	17.6991	14.1507	109355	109287	109074	109032	110124	110164	110050	110065	416	267	511	573
XV	117581	118171	Interval_1113	3	3	TRUE	TRUE	TRUE	FALSE	5.2971	7.68501	8.0852	NA	4.83045	9.01861	10.4315	NA	7.23157	12.1546	13.8681	NA	117964	117581	117962	NA	118143	118148	118171	NA	62	447	75	NA
XV	127960	128467	Interval_1114	3	3	TRUE	TRUE	TRUE	FALSE	5.2971	4.13808	5.05325	NA	4.83045	2.91682	4.75515	NA	7.23157	5.08493	7.03726	NA	127960	128044	128138	NA	128356	128467	128467	NA	208	136	34	NA
XV	160138	162149	Interval_1115	3	3	TRUE	TRUE	TRUE	FALSE	6.75637	4.65926	6.63143	NA	10.1895	5.52038	9.84642	NA	13.3492	8.13006	13.1285	NA	160863	160138	160881	NA	161417	161354	162149	NA	366	669	496	NA
XV	167963	168586	Interval_1116	3	3	TRUE	TRUE	FALSE	TRUE	6.47424	4.02501	NA	3.62035	6.85857	2.90597	NA	2.38497	9.58927	5.02801	NA	4.26392	168055	167963	NA	168179	168320	168584	NA	168586	143	135	NA	130
XV	170545	170801	Interval_1117	1	1	FALSE	TRUE	FALSE	FALSE	NA	4.14998	NA	NA	NA	3.04092	NA	NA	NA	5.22239	NA	NA	NA	170545	NA	NA	NA	170801	NA	NA	NA	61	NA	NA
XV	216263	216840	Interval_1118	4	4	TRUE	TRUE	TRUE	TRUE	5.38295	5.04919	6.48696	5.85555	5.58955	5.03054	8.96126	6.81079	8.09567	7.56424	12.0501	9.84656	216344	216263	216345	216263	216840	216824	216638	216655	151	469	173	255
XV	218791	219147	Interval_1119	2	2	TRUE	FALSE	FALSE	TRUE	5.24717	NA	NA	4.93663	5.14929	NA	NA	4.83411	7.59651	NA	NA	7.38457	218791	NA	NA	218827	218979	NA	NA	219147	109	NA	NA	89
XV	232043	232423	Interval_1120	3	3	TRUE	FALSE	TRUE	TRUE	3.44841	NA	5.21249	5.03636	2.15114	NA	5.44855	5.48498	4.00124	NA	7.82441	8.15384	232097	NA	232043	232120	232344	NA	232361	232423	101	NA	257	53
XV	234198	234669	Interval_1121	3	3	TRUE	TRUE	FALSE	TRUE	4.04411	5.53093	NA	4.42806	2.9294	5.23662	NA	4.18307	4.93167	7.80357	NA	6.56649	234346	234198	NA	234345	234514	234614	NA	234669	127	369	NA	305
XV	234711	235045	Interval_1122	1	1	TRUE	FALSE	FALSE	FALSE	3.46638	NA	NA	NA	2.12459	NA	NA	NA	3.94438	NA	NA	NA	234711	NA	NA	NA	235045	NA	NA	NA	287	NA	NA	NA
XV	253710	254127	Interval_1123	4	4	TRUE	TRUE	TRUE	TRUE	4.96695	8.86458	7.47836	7.14646	4.58125	12.1338	9.9796	8.76833	6.90081	15.5607	13.2889	12.3375	253764	253710	253807	253745	254115	254119	254127	254127	186	272	79	309
XV	255257	255434	Interval_1124	1	1	TRUE	FALSE	FALSE	FALSE	3.43436	NA	NA	NA	2.15114	NA	NA	NA	3.97992	NA	NA	NA	255257	NA	NA	NA	255434	NA	NA	NA	66	NA	NA	NA
XV	267643	268074	Interval_1125	2	2	FALSE	FALSE	TRUE	TRUE	NA	NA	4.0426	4.02848	NA	NA	3.06233	2.98893	NA	NA	5.05527	5.03339	NA	NA	267693	267643	NA	NA	268074	267976	NA	NA	48	45
XV	273789	274094	Interval_1126	2	2	TRUE	FALSE	TRUE	FALSE	4.70853	NA	4.32627	NA	3.88981	NA	3.61829	NA	6.11827	NA	5.6779	NA	273807	NA	273789	NA	274094	NA	274043	NA	88	NA	88	NA
XV	274399	274893	Interval_1127	4	4	TRUE	TRUE	TRUE	TRUE	4.70853	5.32039	7.79964	6.69331	3.88981	4.76845	10.0689	7.35045	6.11827	7.27049	13.4015	10.5093	274458	274410	274399	274410	274893	274869	274815	274799	250	288	199	51
XV	285512	285915	Interval_1128	2	2	FALSE	FALSE	TRUE	TRUE	NA	NA	4.68007	3.53194	NA	NA	4.49275	2.39296	NA	NA	6.70124	4.27339	NA	NA	285639	285512	NA	NA	285915	285842	NA	NA	136	42
XV	288214	288621	Interval_1129	3	3	TRUE	TRUE	FALSE	TRUE	6.43051	4.55027	NA	4.78273	7.29419	3.60054	NA	4.43526	10.0845	5.85893	NA	6.86324	288214	288327	NA	288270	288621	288594	NA	288540	267	75	NA	34
XV	304123	305136	Interval_1130	5	4	TRUE	TRUE	TRUE	TRUE	5.98503	4.89678	6.04255	4.69371;4.72892	6.41127	4.19925	8.02767	4.31289;4.35956	9.05607	6.57707	10.8985	6.72276;6.77833	304192	304802	304123	304137;304802	305067	305034	305134	304567;305136	99	74	377	253;137
XV	315932	316715	Interval_1131	4	4	TRUE	TRUE	TRUE	TRUE	6.09195	5.2077	4.53662	5.0356	6.32092	4.63928	3.88729	4.55643	8.95335	7.08311	6.00614	7.00932	315932	316241	316268	316256	316611	316597	316715	316605	449	200	282	27
XV	331501	331875	Interval_1132	1	1	FALSE	FALSE	FALSE	TRUE	NA	NA	NA	3.16233	NA	NA	NA	1.70397	NA	NA	NA	3.47083	NA	NA	NA	331501	NA	NA	NA	331875	NA	NA	NA	210
XV	343317	343510	Interval_1133	1	1	FALSE	FALSE	TRUE	FALSE	NA	NA	3.03195	NA	NA	NA	1.5793	NA	NA	NA	3.27389	NA	NA	NA	343317	NA	NA	NA	343510	NA	NA	NA	10	NA
XV	349030	349714	Interval_1134	1	1	FALSE	FALSE	FALSE	TRUE	NA	NA	NA	4.21644	NA	NA	NA	3.18267	NA	NA	NA	5.32648	NA	NA	NA	349030	NA	NA	NA	349714	NA	NA	NA	89
XV	377560	378241	Interval_1135	4	4	TRUE	TRUE	TRUE	TRUE	3.5314	3.54693	6.57728	6.55991	2.15114	2.08643	7.82278	7.45927	4.04885	4.07399	10.6615	10.6335	377878	377969	377560	377888	378096	378195	378117	378241	36	167	382	148
XV	383023	383289	Interval_1136	1	1	FALSE	FALSE	FALSE	TRUE	NA	NA	NA	4.12868	NA	NA	NA	3.41281	NA	NA	NA	5.58876	NA	NA	NA	383023	NA	NA	NA	383289	NA	NA	NA	203
XV	384771	385555	Interval_1137	2	2	FALSE	FALSE	TRUE	TRUE	NA	NA	3.70743	5.48584	NA	NA	2.81535	5.79286	NA	NA	4.72254	8.56849	NA	NA	384913	384771	NA	NA	385555	385203	NA	NA	556	90
XV	391281	391975	Interval_1138	3	3	TRUE	FALSE	TRUE	TRUE	4.11997	NA	5.33716	7.08641	2.98981	NA	5.37241	8.42444	5.05521	NA	7.73909	11.851	391560	NA	391548	391281	391801	NA	391916	391975	134	NA	149	443
XV	424172	424709	Interval_1139	4	4	TRUE	TRUE	TRUE	TRUE	5.56372	4.72924	9.18266	7.98836	5.38139	3.8235	14.8709	11.0958	7.85706	6.15258	18.9565	15.0044	424260	424266	424172	424256	424535	424646	424709	424579	40	121	148	99
XV	431759	432055	Interval_1140	2	2	TRUE	FALSE	TRUE	FALSE	4.70853	NA	3.03195	NA	3.88981	NA	1.5793	NA	6.11827	NA	3.27389	NA	431784	NA	431759	NA	432055	NA	431992	NA	48	NA	82	NA
XV	443667	444447	Interval_1141	4	4	TRUE	TRUE	TRUE	TRUE	5.18554	4.25079	6.79398	4.84385	5.06564	3.34178	9.38576	4.95531	7.49899	5.56076	12.5715	7.52859	443846	443822	443667	443812	444447	444352	444121	444162	62	63	268	20
XV	446818	446999	Interval_1142	1	1	TRUE	FALSE	FALSE	FALSE	3.29989	NA	NA	NA	1.98345	NA	NA	NA	3.77701	NA	NA	NA	446818	NA	NA	NA	446999	NA	NA	NA	160	NA	NA	NA
XV	461628	461910	Interval_1143	3	3	TRUE	FALSE	TRUE	TRUE	5.15015	NA	4.08689	4.82368	4.65989	NA	3.48112	4.27353	6.9883	NA	5.52344	6.67521	461655	NA	461651	461628	461887	NA	461857	461910	24	NA	103	227
XV	462298	462887	Interval_1144	4	4	TRUE	TRUE	TRUE	TRUE	4.55625	4.68313	8.17378	5.26176	3.70671	3.78901	12.0248	5.0351	5.86865	6.07628	15.7751	7.6196	462464	462450	462402	462298	462887	462844	462862	462859	20	35	48	156
XV	472425	472594	Interval_1145	1	1	TRUE	FALSE	FALSE	FALSE	5.2971	NA	NA	NA	4.83045	NA	NA	NA	7.23157	NA	NA	NA	472425	NA	NA	NA	472594	NA	NA	NA	108	NA	NA	NA
XV	479432	480485	Interval_1146	2	2	TRUE	FALSE	FALSE	TRUE	5.88567	NA	NA	7.2661	5.82349	NA	NA	8.62129	8.38997	NA	NA	12.1425	479868	NA	NA	479432	480269	NA	NA	480485	98	NA	NA	541
XV	481801	482093	Interval_1147	1	1	FALSE	FALSE	TRUE	FALSE	NA	NA	4.05492	NA	NA	NA	3.43632	NA	NA	NA	5.47344	NA	NA	NA	481801	NA	NA	NA	482093	NA	NA	NA	108	NA
XV	487080	487843	Interval_1148	4	4	TRUE	TRUE	TRUE	TRUE	6.41662	5.32039	5.05325	7.37877	6.78552	4.76845	4.75515	8.48009	9.49217	7.27049	7.03726	11.9621	487345	487080	487318	487313	487843	487625	487560	487594	194	454	145	223
XV	494184	494909	Interval_1149	4	4	TRUE	TRUE	TRUE	TRUE	7.60734	5.32039	6.38192	7.0912	9.61121	4.76845	7.86156	8.68934	12.6979	7.27049	10.708	12.2474	494184	494227	494398	494321	494722	494909	494788	494786	399	309	218	210
XV	504610	505701	Interval_1150	4	4	TRUE	TRUE	TRUE	TRUE	8.28908	6.00736	7.48298	6.69331	10.9506	6.33953	9.62696	7.35045	14.2027	9.09189	12.8855	10.5093	505268	504610	505174	505198	505701	505596	505648	505569	292	690	355	156
XV	511317	511677	Interval_1151	4	4	TRUE	TRUE	TRUE	TRUE	6.08587	4.87035	5.72165	5.71738	6.55483	4.16106	6.66296	6.10262	9.21802	6.53468	9.2791	8.94015	511435	511363	511317	511375	511662	511619	511677	511662	74	73	192	50
XV	514507	515000	Interval_1152	3	3	TRUE	FALSE	TRUE	TRUE	4.3309	NA	5.48597	5.71738	3.39476	NA	6.0729	6.10262	5.50711	NA	8.56869	8.94015	514763	NA	514507	514560	515000	NA	514899	514904	54	NA	335	305
XV	520443	520912	Interval_1153	4	4	TRUE	TRUE	TRUE	TRUE	4.11997	5.29947	9.53097	4.74349	2.98981	4.76645	13.5554	3.98495	5.05521	7.23551	17.5483	6.33242	520541	520558	520443	520541	520912	520863	520893	520811	118	226	324	170
XV	522697	522899	Interval_1154	1	1	FALSE	TRUE	FALSE	FALSE	NA	4.72924	NA	NA	NA	3.8235	NA	NA	NA	6.15258	NA	NA	NA	522697	NA	NA	NA	522899	NA	NA	NA	64	NA	NA
XV	533896	534093	Interval_1155	1	1	FALSE	FALSE	TRUE	FALSE	NA	NA	4.54792	NA	NA	NA	3.88729	NA	NA	NA	6.02386	NA	NA	NA	533896	NA	NA	NA	534093	NA	NA	NA	19	NA
XV	577985	578526	Interval_1156	2	2	FALSE	FALSE	TRUE	TRUE	NA	NA	5.46504	4.19432	NA	NA	5.55283	3.18267	NA	NA	7.94226	5.29178	NA	NA	578051	577985	NA	NA	578526	578216	NA	NA	92	153
XV	579632	579937	Interval_1157	1	1	FALSE	FALSE	TRUE	FALSE	NA	NA	4.0426	NA	NA	NA	3.06233	NA	NA	NA	5.05527	NA	NA	NA	579632	NA	NA	NA	579937	NA	NA	NA	266	NA
XV	605935	606500	Interval_1158	3	3	TRUE	FALSE	TRUE	TRUE	3.5314	NA	4.54792	5.7976	2.15114	NA	3.88729	5.71363	4.04885	NA	6.02386	8.47482	606274	NA	605935	606281	606495	NA	606393	606500	187	NA	341	156
XV	618644	619604	Interval_1159	4	4	TRUE	TRUE	TRUE	TRUE	8.80752	4.49921	9.39985	6.86878	13.2817	3.53037	15.2179	7.82026	16.8295	5.77631	19.3242	11.1323	619118	618644	619062	619172	619556	619589	619546	619604	291	775	353	125
XV	631883	632262	Interval_1160	1	1	FALSE	FALSE	FALSE	TRUE	NA	NA	NA	4.21644	NA	NA	NA	3.18267	NA	NA	NA	5.32648	NA	NA	NA	631883	NA	NA	NA	632262	NA	NA	NA	29
XV	638712	639700	Interval_1161	4	4	TRUE	TRUE	TRUE	TRUE	6.93277	5.32039	8.64927	6.82721	7.75683	4.76845	14.492	8.39787	10.6064	7.27049	18.552	11.8164	638771	638994	638792	638712	639379	639700	639389	639349	276	290	332	369
XV	648978	649171	Interval_1162	1	1	TRUE	FALSE	FALSE	FALSE	3.5314	NA	NA	NA	2.15114	NA	NA	NA	4.04885	NA	NA	NA	648978	NA	NA	NA	649171	NA	NA	NA	145	NA	NA	NA
XV	656663	656873	Interval_1163	1	1	FALSE	FALSE	FALSE	TRUE	NA	NA	NA	3.16233	NA	NA	NA	1.70397	NA	NA	NA	3.47083	NA	NA	NA	656663	NA	NA	NA	656873	NA	NA	NA	171
XV	663477	663746	Interval_1164	1	1	FALSE	TRUE	FALSE	FALSE	NA	4.13808	NA	NA	NA	2.91682	NA	NA	NA	5.08493	NA	NA	NA	663477	NA	NA	NA	663746	NA	NA	NA	226	NA	NA
XV	670878	671422	Interval_1165	4	4	TRUE	TRUE	TRUE	TRUE	4.70853	4.13808	8.76738	5.81288	3.88981	2.91682	12.4704	5.96907	6.11827	5.08493	16.2907	8.78057	670980	671047	670878	670924	671384	671283	671422	671303	46	126	266	61
XV	678889	679177	Interval_1166	3	3	TRUE	FALSE	TRUE	TRUE	5.61563	NA	7.7846	6.66896	5.45529	NA	11.871	7.55605	7.94197	NA	15.5842	10.8094	678960	NA	678889	678931	679174	NA	679149	679177	178	NA	65	119
XV	683398	683881	Interval_1167	2	2	FALSE	TRUE	TRUE	FALSE	NA	4.07395	4.97927	NA	NA	2.86768	5.38234	NA	NA	4.98009	7.74962	NA	NA	683398	683673	NA	NA	683719	683881	NA	NA	25	108	NA
XV	689458	689714	Interval_1168	1	1	TRUE	FALSE	FALSE	FALSE	4.11997	NA	NA	NA	2.98981	NA	NA	NA	5.05521	NA	NA	NA	689458	NA	NA	NA	689714	NA	NA	NA	4	NA	NA	NA
XV	700955	701249	Interval_1169	1	1	FALSE	FALSE	FALSE	TRUE	NA	NA	NA	6.85171	NA	NA	NA	7.5231	NA	NA	NA	10.7669	NA	NA	NA	700955	NA	NA	NA	701249	NA	NA	NA	68
XV	721582	721755	Interval_1170	1	1	TRUE	FALSE	FALSE	FALSE	2.94283	NA	NA	NA	1.39059	NA	NA	NA	3.10747	NA	NA	NA	721582	NA	NA	NA	721755	NA	NA	NA	86	NA	NA	NA
XV	742258	742605	Interval_1171	4	4	TRUE	TRUE	TRUE	TRUE	5.2971	7.68501	5.49136	4.74349	4.83045	9.01861	5.59101	3.98495	7.23157	12.1546	7.98416	6.33242	742258	742292	742321	742283	742591	742592	742605	742526	36	94	115	91
XV	761536	762583	Interval_1172	4	4	TRUE	TRUE	TRUE	TRUE	6.73875	4.97784	8.7609	5.13323	7.47109	4.31285	12.8489	4.86209	10.2825	6.70761	16.7523	7.41631	762174	761536	761974	762205	762583	762418	762543	762418	40	671	244	61
XV	769946	770456	Interval_1173	4	4	TRUE	TRUE	TRUE	TRUE	6.40988	5.26928	8.71997	5.4671	6.99452	4.87141	13.2088	5.31251	9.74224	7.3812	17.1689	7.94554	769946	769947	770196	770146	770444	770303	770456	770438	347	317	110	155
XV	779540	780257	Interval_1174	4	4	TRUE	TRUE	TRUE	TRUE	5.14525	6.04291	7.29886	6.86021	5.01059	6.96349	10.0839	8.11831	7.4353	9.7995	13.4172	11.4844	779547	779556	779563	779540	780257	779910	780025	779914	145	135	45	72
XV	796940	797313	Interval_1175	3	3	TRUE	FALSE	TRUE	TRUE	4.70853	NA	7.07455	7.28847	3.88981	NA	8.48005	8.97996	6.11827	NA	11.4659	12.5689	796984	NA	796943	796940	797198	NA	797298	797313	99	NA	258	73
XV	813114	813334	Interval_1176	1	1	FALSE	FALSE	TRUE	FALSE	NA	NA	3.53727	NA	NA	NA	2.28985	NA	NA	NA	4.13652	NA	NA	NA	813114	NA	NA	NA	813334	NA	NA	NA	104	NA
XV	818389	818652	Interval_1177	1	1	FALSE	FALSE	FALSE	TRUE	NA	NA	NA	4.21644	NA	NA	NA	3.18267	NA	NA	NA	5.32648	NA	NA	NA	818389	NA	NA	NA	818652	NA	NA	NA	107
XV	825193	826416	Interval_1178	4	4	TRUE	TRUE	TRUE	TRUE	5.2971	5.23793	8.13413	6.54628	4.83045	4.68245	10.8359	7.14901	7.23157	7.13315	14.3614	10.2713	825339	825630	825193	825330	826416	826040	826198	825849	468	97	616	261
XV	832019	832713	Interval_1179	3	3	TRUE	TRUE	FALSE	TRUE	3.37928	4.13392	NA	4.47704	2.08511	3.182	NA	4.02626	3.89659	5.37991	NA	6.38032	832019	832177	NA	832154	832585	832713	NA	832554	167	267	NA	88
XV	836561	837279	Interval_1180	4	4	TRUE	TRUE	TRUE	TRUE	7.31352	6.40122	6.05587	7.14839	9.5329	7.46362	7.12796	9.46846	12.6096	10.3776	9.82043	13.1665	836561	836797	836672	836598	837013	837243	837223	837279	240	156	244	271
XV	842081	842592	Interval_1181	1	1	TRUE	FALSE	FALSE	FALSE	4.62184	NA	NA	NA	3.79955	NA	NA	NA	5.97558	NA	NA	NA	842081	NA	NA	NA	842592	NA	NA	NA	156	NA	NA	NA
XV	866643	867172	Interval_1182	4	4	TRUE	TRUE	TRUE	TRUE	9.54656	8.7733	8.59052	6.17844	13.1681	11.9967	11.4603	6.4492	16.6983	15.4101	15.1093	9.36712	866643	866666	866665	866692	867172	867052	866929	866958	219	201	197	145
XV	877821	878251	Interval_1183	2	2	TRUE	FALSE	TRUE	FALSE	5.50124	NA	6.21296	NA	6.29234	NA	8.27179	NA	8.91996	NA	11.188	NA	877821	NA	877836	NA	878030	NA	878251	NA	126	NA	140	NA
XV	881874	882475	Interval_1184	4	4	TRUE	TRUE	TRUE	TRUE	5.95247	5.3406	5.07298	6.56917	7.22774	5.4363	5.51667	8.37374	10.006	8.02829	7.90195	11.787	882126	882085	881874	882085	882475	882418	882379	882440	245	258	333	194
XV	891784	891951	Interval_1185	1	1	TRUE	FALSE	FALSE	FALSE	4.70853	NA	NA	NA	3.88981	NA	NA	NA	6.11827	NA	NA	NA	891784	NA	NA	NA	891951	NA	NA	NA	37	NA	NA	NA
XV	901298	901601	Interval_1186	2	2	FALSE	TRUE	TRUE	FALSE	NA	5.09194	6.33721	NA	NA	5.0929	7.22575	NA	NA	7.63239	9.93432	NA	NA	901298	901354	NA	NA	901596	901601	NA	NA	107	59	NA
XV	903813	904429	Interval_1187	2	2	FALSE	TRUE	FALSE	TRUE	NA	3.75107	NA	3.13914	NA	2.88007	NA	2.03101	NA	4.99652	NA	3.84241	NA	903813	NA	904045	NA	904406	NA	904429	NA	208	NA	229
XV	908550	909056	Interval_1188	3	3	TRUE	FALSE	TRUE	TRUE	4.9085	NA	6.14047	4.33638	5.45529	NA	9.11647	4.28469	7.94048	NA	12.2463	6.68841	908614	NA	908550	908571	909024	NA	909056	908967	320	NA	339	283
XV	911871	912288	Interval_1189	4	4	TRUE	TRUE	TRUE	TRUE	5.64873	6.14881	3.26136	3.83672	6.50577	7.11517	2.53922	3.20952	9.16051	9.97052	4.40993	5.35696	911924	911987	911876	911871	912264	912288	912121	912171	236	91	170	192
XV	931256	931873	Interval_1190	3	3	FALSE	TRUE	TRUE	TRUE	NA	5.32039	5.55857	5.7976	NA	4.76845	5.65959	5.71363	NA	7.27049	8.09135	8.47482	NA	931270	931256	931270	NA	931873	931690	931495	NA	118	238	28
XV	948466	948704	Interval_1191	1	1	TRUE	FALSE	FALSE	FALSE	2.94283	NA	NA	NA	1.39059	NA	NA	NA	3.10747	NA	NA	NA	948466	NA	NA	NA	948704	NA	NA	NA	65	NA	NA	NA
XV	949367	949676	Interval_1192	2	2	TRUE	FALSE	TRUE	FALSE	3.5314	NA	3.53727	NA	2.15114	NA	2.28985	NA	4.04885	NA	4.13652	NA	949441	NA	949367	NA	949676	NA	949676	NA	204	NA	82	NA
XV	965928	966307	Interval_1193	1	1	FALSE	TRUE	FALSE	FALSE	NA	4.49921	NA	NA	NA	3.53037	NA	NA	NA	5.77631	NA	NA	NA	965928	NA	NA	NA	966307	NA	NA	NA	371	NA	NA
XV	967994	968467	Interval_1194	3	3	TRUE	FALSE	TRUE	TRUE	4.70853	NA	9.60117	4.74349	3.88981	NA	13.6513	3.98495	6.11827	NA	17.6642	6.33242	968005	NA	968015	967994	968231	NA	968418	968467	178	NA	263	331
XV	978393	979638	Interval_1195	4	4	TRUE	TRUE	TRUE	TRUE	7.59612	6.81374	8.30223	6.98459	13.1589	10.1822	14.8643	10.3439	16.667	13.4501	18.949	14.1867	978470	978467	978503	978393	979323	979459	979234	979638	454	295	492	532
XV	987412	988775	Interval_1196	4	4	TRUE	TRUE	TRUE	TRUE	6.63864	6.38008	5.49499	5.94886	11.9312	9.49476	9.6534	8.7285	15.2976	12.68	12.9144	12.2886	987412	987698	987666	987537	988574	988377	988775	988655	853	489	356	538
XV	988974	989568	Interval_1197	2	2	FALSE	FALSE	TRUE	TRUE	NA	NA	4.47184	5.16283	NA	NA	6.45292	6.69375	NA	NA	9.00375	9.70529	NA	NA	989059	988974	NA	NA	989568	989419	NA	NA	198	87
XV	1003138	1003774	Interval_1198	1	1	FALSE	TRUE	FALSE	FALSE	NA	4.13808	NA	NA	NA	2.91682	NA	NA	NA	5.08493	NA	NA	NA	1003138	NA	NA	NA	1003774	NA	NA	NA	559	NA	NA
XV	1009623	1010071	Interval_1199	2	2	FALSE	FALSE	TRUE	TRUE	NA	NA	5.05325	5.7976	NA	NA	4.75515	5.71363	NA	NA	7.03726	8.47482	NA	NA	1009623	1009798	NA	NA	1010071	1010071	NA	NA	226	34
XV	1010695	1010928	Interval_1200	1	1	TRUE	FALSE	FALSE	FALSE	3.5314	NA	NA	NA	2.15114	NA	NA	NA	4.04885	NA	NA	NA	1010695	NA	NA	NA	1010928	NA	NA	NA	205	NA	NA	NA
XV	1017731	1018084	Interval_1201	1	1	FALSE	FALSE	TRUE	FALSE	NA	NA	4.0426	NA	NA	NA	3.06233	NA	NA	NA	5.05527	NA	NA	NA	1017731	NA	NA	NA	1018084	NA	NA	NA	308	NA
XV	1018842	1019254	Interval_1202	2	2	FALSE	FALSE	TRUE	TRUE	NA	NA	4.0426	3.68938	NA	NA	3.06233	2.41337	NA	NA	5.05527	4.37052	NA	NA	1018842	1018874	NA	NA	1019242	1019254	NA	NA	277	35
XV	1028828	1029009	Interval_1203	1	1	FALSE	FALSE	FALSE	TRUE	NA	NA	NA	5.27055	NA	NA	NA	4.83411	NA	NA	NA	7.38324	NA	NA	NA	1028828	NA	NA	NA	1029009	NA	NA	NA	116
XV	1039254	1039645	Interval_1204	1	1	FALSE	FALSE	TRUE	FALSE	NA	NA	4.54938	NA	NA	NA	4.31336	NA	NA	NA	6.49478	NA	NA	NA	1039254	NA	NA	NA	1039645	NA	NA	NA	50	NA
XV	1042852	1043096	Interval_1205	1	1	FALSE	TRUE	FALSE	FALSE	NA	3.21222	NA	NA	NA	1.70088	NA	NA	NA	3.54706	NA	NA	NA	1042852	NA	NA	NA	1043096	NA	NA	NA	166	NA	NA
XV	1043226	1043622	Interval_1206	2	2	TRUE	FALSE	FALSE	TRUE	6.22587	NA	NA	4.2044	7.00602	NA	NA	3.51387	9.7554	NA	NA	5.70704	1043226	NA	NA	1043271	1043600	NA	NA	1043622	149	NA	NA	196
XV	1044428	1044617	Interval_1207	1	1	FALSE	FALSE	FALSE	TRUE	NA	NA	NA	3.04356	NA	NA	NA	1.70397	NA	NA	NA	3.39419	NA	NA	NA	1044428	NA	NA	NA	1044617	NA	NA	NA	22
XV	1050797	1050975	Interval_1208	1	1	TRUE	FALSE	FALSE	FALSE	2.94283	NA	NA	NA	1.39059	NA	NA	NA	3.10747	NA	NA	NA	1050797	NA	NA	NA	1050975	NA	NA	NA	5	NA	NA	NA
XV	1064737	1064938	Interval_1209	1	1	FALSE	FALSE	TRUE	FALSE	NA	NA	4.0426	NA	NA	NA	3.06233	NA	NA	NA	5.05527	NA	NA	NA	1064737	NA	NA	NA	1064938	NA	NA	NA	155	NA
XV	1084240	1084472	Interval_1210	1	1	FALSE	TRUE	FALSE	FALSE	NA	7.09385	NA	NA	NA	7.9047	NA	NA	NA	10.8787	NA	NA	NA	1084240	NA	NA	NA	1084472	NA	NA	NA	40	NA	NA
XVI	6541	6915	Interval_1211	2	2	TRUE	TRUE	FALSE	FALSE	6.47424	5.32039	NA	NA	6.85857	4.76845	NA	NA	9.58927	7.27049	NA	NA	6541	6614	NA	NA	6915	6905	NA	NA	321	223	NA	NA
XVI	22130	22717	Interval_1212	1	1	FALSE	TRUE	FALSE	FALSE	NA	5.91154	NA	NA	NA	5.76732	NA	NA	NA	8.4335	NA	NA	NA	22130	NA	NA	NA	22717	NA	NA	NA	556	NA	NA
XVI	24581	24917	Interval_1213	2	2	TRUE	FALSE	TRUE	FALSE	5.2971	NA	5.0163	NA	4.83045	NA	4.73765	NA	7.23157	NA	6.97878	NA	24749	NA	24581	NA	24917	NA	24917	NA	45	NA	266	NA
XVI	29898	30125	Interval_1214	1	1	FALSE	TRUE	FALSE	FALSE	NA	3.54693	NA	NA	NA	2.08643	NA	NA	NA	4.07399	NA	NA	NA	29898	NA	NA	NA	30125	NA	NA	NA	12	NA	NA
XVI	40243	40979	Interval_1215	4	4	TRUE	TRUE	TRUE	TRUE	7.25295	5.26852	9.36015	5.08024	8.77027	4.72402	14.6666	4.61959	11.7563	7.18394	18.7409	7.08004	40329	40415	40243	40311	40709	40860	40979	40734	93	75	242	69
XVI	55956	56517	Interval_1216	4	4	TRUE	TRUE	TRUE	TRUE	5.2971	7.68501	5.05325	5.27055	4.83045	9.01861	4.75515	4.83411	7.23157	12.1546	7.03726	7.38324	56074	55956	55977	55957	56353	56517	56217	56510	70	187	168	91
XVI	66920	67812	Interval_1217	5	4	TRUE	TRUE	TRUE	TRUE	4.11997	4.13808	6.56922;3.03195	4.71861	2.98981	2.91682	7.5235;1.5793	3.98495	5.05521	5.08493	10.3084;3.27389	6.29295	66920	67008	66920;67542	66922	67354	67640	67272;67812	67638	277	166	190;60	53
XVI	74938	75519	Interval_1218	4	4	TRUE	TRUE	TRUE	TRUE	6.94466	6.02425	5.83149	5.55985	10.1045	7.5687	7.11582	6.16338	13.2487	10.4909	9.80691	9.01568	74989	74938	74977	74964	75491	75519	75509	75286	403	498	180	172
XVI	76366	76651	Interval_1219	3	3	TRUE	FALSE	TRUE	TRUE	5.36854	NA	5.01634	6.20366	6.39634	NA	5.43613	7.53857	9.03686	NA	7.80993	10.7897	76370	NA	76370	76366	76600	NA	76651	76600	89	NA	89	55
XVI	88140	88374	Interval_1220	1	1	TRUE	FALSE	FALSE	FALSE	4.70853	NA	NA	NA	3.88981	NA	NA	NA	6.11827	NA	NA	NA	88140	NA	NA	NA	88374	NA	NA	NA	144	NA	NA	NA
XVI	96374	96772	Interval_1221	1	1	FALSE	FALSE	TRUE	FALSE	NA	NA	3.95562	NA	NA	NA	2.9899	NA	NA	NA	4.92077	NA	NA	NA	96374	NA	NA	NA	96772	NA	NA	NA	340	NA
XVI	98880	99537	Interval_1222	2	2	TRUE	FALSE	FALSE	TRUE	4.54526	NA	NA	3.95819	3.83744	NA	NA	3.05268	6.01969	NA	NA	5.10877	98880	NA	NA	99247	99537	NA	NA	99503	345	NA	NA	38
XVI	106618	106985	Interval_1223	1	1	FALSE	FALSE	FALSE	TRUE	NA	NA	NA	5.2399	NA	NA	NA	5.00399	NA	NA	NA	7.58499	NA	NA	NA	106618	NA	NA	NA	106985	NA	NA	NA	252
XVI	114412	115063	Interval_1224	4	4	TRUE	TRUE	TRUE	TRUE	5.09302	4.52813	7.35896	7.44237	4.75297	3.71457	10.5028	10.2773	7.10031	5.99283	13.9521	14.0926	114475	114494	114465	114412	114646	114770	115063	115063	59	57	274	102
XVI	132269	132682	Interval_1225	3	3	FALSE	TRUE	TRUE	TRUE	NA	4.68313	4.32426	5.1495	NA	3.78901	4.4638	5.64647	NA	6.07628	6.66807	8.34158	NA	132269	132286	132346	NA	132514	132630	132682	NA	40	262	278
XVI	163706	164017	Interval_1226	2	2	FALSE	FALSE	TRUE	TRUE	NA	NA	4.54792	4.21644	NA	NA	3.88729	3.18267	NA	NA	6.02386	5.32648	NA	NA	163758	163706	NA	NA	163961	164017	NA	NA	45	10
XVI	174408	174876	Interval_1227	1	1	FALSE	TRUE	FALSE	FALSE	NA	4.13808	NA	NA	NA	2.91682	NA	NA	NA	5.08493	NA	NA	NA	174408	NA	NA	NA	174876	NA	NA	NA	284	NA	NA
XVI	184425	184728	Interval_1228	1	1	FALSE	FALSE	TRUE	FALSE	NA	NA	3.53727	NA	NA	NA	2.28985	NA	NA	NA	4.13652	NA	NA	NA	184425	NA	NA	NA	184728	NA	NA	NA	110	NA
XVI	188655	189115	Interval_1229	3	3	TRUE	FALSE	TRUE	TRUE	4.11997	NA	4.54792	5.7976	2.98981	NA	3.88729	5.71363	5.05521	NA	6.02386	8.47482	188655	NA	188844	188658	188884	NA	189115	188909	190	NA	14	192
XVI	195637	195877	Interval_1230	1	1	FALSE	FALSE	FALSE	TRUE	NA	NA	NA	3.68938	NA	NA	NA	2.41337	NA	NA	NA	4.37052	NA	NA	NA	195637	NA	NA	NA	195877	NA	NA	NA	43
XVI	207395	207790	Interval_1231	1	1	TRUE	FALSE	FALSE	FALSE	4.11997	NA	NA	NA	2.98981	NA	NA	NA	5.05521	NA	NA	NA	207395	NA	NA	NA	207790	NA	NA	NA	223	NA	NA	NA
XVI	214312	215323	Interval_1232	4	4	TRUE	TRUE	TRUE	TRUE	5.57401	7.7898	7.81444	7.14992	6.39749	12.1654	13.5554	10.2262	9.03877	15.5931	17.5508	14.0359	214341	214397	214399	214312	215323	215179	215210	215181	247	493	245	332
XVI	227653	228087	Interval_1233	3	3	TRUE	FALSE	TRUE	TRUE	4.70853	NA	6.0639	4.21644	3.88981	NA	6.58199	3.18267	6.11827	NA	9.18268	5.32648	227833	NA	227655	227653	228052	NA	228087	228087	129	NA	328	285
XVI	246341	246731	Interval_1234	1	1	FALSE	FALSE	FALSE	TRUE	NA	NA	NA	4.21644	NA	NA	NA	3.18267	NA	NA	NA	5.32648	NA	NA	NA	246341	NA	NA	NA	246731	NA	NA	NA	26
XVI	256954	257352	Interval_1235	3	3	TRUE	FALSE	TRUE	TRUE	5.83329	NA	5.76836	4.26944	5.76874	NA	6.19679	3.41281	8.30219	NA	8.70949	5.58968	256995	NA	256954	257013	257352	NA	257327	257252	211	NA	250	219
XVI	264411	264888	Interval_1236	1	1	FALSE	FALSE	TRUE	FALSE	NA	NA	6.56922	NA	NA	NA	7.5235	NA	NA	NA	10.3084	NA	NA	NA	264411	NA	NA	NA	264888	NA	NA	NA	69	NA
XVI	280096	280418	Interval_1237	3	3	TRUE	FALSE	TRUE	TRUE	6.40419	NA	4.71944	4.35966	7.25734	NA	4.32784	3.53333	10.0421	NA	6.51166	5.72981	280096	NA	280116	280147	280355	NA	280360	280418	128	NA	68	223
XVI	281531	282090	Interval_1238	4	4	TRUE	TRUE	TRUE	TRUE	7.15524	6.7869	7.48298	8.50369	8.96123	7.44921	9.62696	11.4595	11.9626	10.3625	12.8855	15.4021	281531	281712	281700	281693	281997	281966	282090	281955	343	116	127	176
XVI	296878	297422	Interval_1239	3	3	TRUE	FALSE	TRUE	TRUE	6.47424	NA	5.05325	6.40286	6.85857	NA	4.75515	7.24724	9.58927	NA	7.03726	10.3802	296878	NA	296892	296913	297330	NA	297422	297295	263	NA	422	270
XVI	309864	310143	Interval_1240	3	3	TRUE	FALSE	TRUE	TRUE	5.2971	NA	3.53727	4.74349	4.83045	NA	2.28985	3.98495	7.23157	NA	4.13652	6.33242	309864	NA	309864	309890	310102	NA	310125	310143	139	NA	109	123
XVI	338795	338994	Interval_1241	1	1	TRUE	FALSE	FALSE	FALSE	5.15258	NA	NA	NA	5.2694	NA	NA	NA	7.72902	NA	NA	NA	338795	NA	NA	NA	338994	NA	NA	NA	96	NA	NA	NA
XVI	339355	340153	Interval_1242	4	4	TRUE	TRUE	TRUE	TRUE	4.74011	6.12981	6.52957	4.23636	4.48816	6.51213	9.3501	3.76214	6.79599	9.28873	12.5322	5.99821	339355	339418	339443	339431	340009	339661	339951	340153	148	115	259	372
XVI	340481	340869	Interval_1243	2	2	FALSE	FALSE	TRUE	TRUE	NA	NA	3.44805	3.37538	NA	NA	2.63246	2.34277	NA	NA	4.51615	4.20983	NA	NA	340481	340603	NA	NA	340727	340869	NA	NA	129	190
XVI	364517	365076	Interval_1244	1	1	FALSE	FALSE	FALSE	TRUE	NA	NA	NA	4.21644	NA	NA	NA	3.18267	NA	NA	NA	5.32648	NA	NA	NA	364517	NA	NA	NA	365076	NA	NA	NA	446
XVI	369388	369662	Interval_1245	2	2	FALSE	FALSE	TRUE	TRUE	NA	NA	4.17154	3.08922	NA	NA	3.40476	1.69517	NA	NA	5.43806	3.36001	NA	NA	369452	369388	NA	NA	369662	369585	NA	NA	129	98
XVI	370551	371008	Interval_1246	3	3	TRUE	FALSE	TRUE	TRUE	4.11997	NA	4.7628	5.7976	2.98981	NA	4.38698	5.71363	5.05521	NA	6.57964	8.47482	370733	NA	370590	370551	371008	NA	370869	370881	124	NA	147	284
XVI	378457	378881	Interval_1247	3	3	TRUE	TRUE	TRUE	FALSE	5.92833	4.28296	5.93211	NA	6.08079	3.22695	6.95868	NA	8.68636	5.43124	9.62034	NA	378457	378569	378568	NA	378757	378852	378881	NA	144	183	63	NA
XVI	381202	381562	Interval_1248	2	2	TRUE	FALSE	TRUE	FALSE	4.57791	NA	4.85956	NA	3.73524	NA	4.74229	NA	5.90386	NA	6.98442	NA	381365	NA	381202	NA	381562	NA	381562	NA	130	NA	198	NA
XVI	404200	404688	Interval_1249	4	4	TRUE	TRUE	TRUE	TRUE	4.96695	3.33762	4.01018	4.6763	4.58125	1.94849	3.17973	4.29089	6.90081	3.83377	5.18891	6.69528	404317	404448	404232	404200	404674	404688	404433	404679	167	27	177	224
XVI	406167	406540	Interval_1250	4	4	TRUE	TRUE	TRUE	TRUE	7.91447	5.48676	5.67062	4.55796	10.3974	5.63128	6.3327	4.13314	13.5889	8.26082	8.86517	6.50834	406289	406167	406301	406306	406535	406540	406500	406486	157	268	146	130
XVI	408875	409174	Interval_1251	1	1	FALSE	FALSE	FALSE	TRUE	NA	NA	NA	4.11201	NA	NA	NA	3.59127	NA	NA	NA	5.79976	NA	NA	NA	408875	NA	NA	NA	409174	NA	NA	NA	96
XVI	411601	412156	Interval_1252	3	3	TRUE	FALSE	TRUE	TRUE	3.5314	NA	4.0426	4.99174	2.15114	NA	3.06233	4.50266	4.04885	NA	5.05527	6.93996	411778	NA	411623	411601	412156	NA	412133	412118	262	NA	132	166
XVI	425083	426203	Interval_1253	4	4	TRUE	TRUE	TRUE	TRUE	9.13569	7.61722	9.07778	7.51281	13.3342	9.19991	14.703	9.99866	16.8968	12.3545	18.7782	13.7721	425083	425285	425279	425261	425693	425999	426203	426010	321	94	260	330
XVI	431571	432713	Interval_1254	4	4	TRUE	TRUE	TRUE	TRUE	5.94771	6.35654	7.65292	7.03154	6.90883	6.83284	13.2812	10.8141	9.64559	9.65546	17.2506	14.7145	431802	431571	431678	431616	432271	432212	432713	432429	259	317	554	174
XVI	450870	451337	Interval_1255	2	2	FALSE	FALSE	TRUE	TRUE	NA	NA	5.61875	4.09864	NA	NA	7.4368	3.57406	NA	NA	10.1679	5.77837	NA	NA	450870	450885	NA	NA	451311	451337	NA	NA	130	235
XVI	453342	453750	Interval_1256	3	3	TRUE	FALSE	TRUE	TRUE	4.08285	NA	3.57862	5.96579	3.20989	NA	3.00436	7.52338	5.30103	NA	4.9363	10.7673	453342	NA	453436	453405	453740	NA	453723	453750	207	NA	80	113
XVI	455066	455304	Interval_1257	1	1	FALSE	FALSE	TRUE	FALSE	NA	NA	5.59267	NA	NA	NA	7.67593	NA	NA	NA	10.4872	NA	NA	NA	455066	NA	NA	NA	455304	NA	NA	NA	136	NA
XVI	463908	464118	Interval_1258	1	1	FALSE	FALSE	FALSE	TRUE	NA	NA	NA	4.74349	NA	NA	NA	3.98495	NA	NA	NA	6.33242	NA	NA	NA	463908	NA	NA	NA	464118	NA	NA	NA	158
XVI	481991	482336	Interval_1259	1	1	TRUE	FALSE	FALSE	FALSE	4.70853	NA	NA	NA	3.88981	NA	NA	NA	6.11827	NA	NA	NA	481991	NA	NA	NA	482336	NA	NA	NA	171	NA	NA	NA
XVI	497579	497928	Interval_1260	1	1	FALSE	FALSE	TRUE	FALSE	NA	NA	4.13681	NA	NA	NA	3.75977	NA	NA	NA	5.83941	NA	NA	NA	497579	NA	NA	NA	497928	NA	NA	NA	322	NA
XVI	502382	503323	Interval_1261	4	4	TRUE	TRUE	TRUE	TRUE	7.45503	5.50675	6.46528	7.86491	9.73955	5.41796	9.26072	12.2129	12.84	8.00868	12.42	16.1948	502382	502482	502404	502421	503048	503323	503065	503161	142	275	339	523
XVI	517164	517367	Interval_1262	1	1	FALSE	FALSE	FALSE	TRUE	NA	NA	NA	3.68938	NA	NA	NA	2.41337	NA	NA	NA	4.37052	NA	NA	NA	517164	NA	NA	NA	517367	NA	NA	NA	126
XVI	520041	520618	Interval_1263	3	3	TRUE	FALSE	TRUE	TRUE	5.88567	NA	6.56922	4.21644	5.82349	NA	7.5235	3.18267	8.38997	NA	10.3084	5.32648	520335	NA	520107	520041	520604	NA	520618	520573	32	NA	362	365
XVI	526687	527325	Interval_1264	2	2	FALSE	FALSE	TRUE	TRUE	NA	NA	9.93644	6.32466	NA	NA	14.6249	6.60525	NA	NA	18.6941	9.60369	NA	NA	526855	526687	NA	NA	527325	527325	NA	NA	247	175
XVI	534664	534908	Interval_1265	1	1	FALSE	FALSE	TRUE	FALSE	NA	NA	3.53727	NA	NA	NA	2.28985	NA	NA	NA	4.13652	NA	NA	NA	534664	NA	NA	NA	534908	NA	NA	NA	134	NA
XVI	551798	552153	Interval_1266	2	2	FALSE	FALSE	TRUE	TRUE	NA	NA	4.54792	4.21644	NA	NA	3.88729	3.18267	NA	NA	6.02386	5.32648	NA	NA	551798	551803	NA	NA	552153	552104	NA	NA	280	230
XVI	566769	567067	Interval_1267	1	1	FALSE	FALSE	FALSE	TRUE	NA	NA	NA	7.90582	NA	NA	NA	9.46846	NA	NA	NA	13.1869	NA	NA	NA	566769	NA	NA	NA	567067	NA	NA	NA	245
XVI	572297	572705	Interval_1268	2	2	FALSE	TRUE	FALSE	TRUE	NA	4.72924	NA	5.7976	NA	3.8235	NA	5.71363	NA	6.15258	NA	8.47482	NA	572297	NA	572352	NA	572705	NA	572537	NA	292	NA	88
XVI	581471	581832	Interval_1269	1	1	TRUE	FALSE	FALSE	FALSE	3.19078	NA	NA	NA	1.75522	NA	NA	NA	3.51424	NA	NA	NA	581471	NA	NA	NA	581832	NA	NA	NA	109	NA	NA	NA
XVI	586029	586515	Interval_1270	2	2	TRUE	TRUE	FALSE	FALSE	4.45189	4.70095	NA	NA	3.7099	4.11595	NA	NA	5.87355	6.48269	NA	NA	586029	586070	NA	NA	586321	586515	NA	NA	182	194	NA	NA
XVI	587203	587485	Interval_1271	3	3	TRUE	FALSE	TRUE	TRUE	3.68998	NA	6.40822	6.26726	2.44219	NA	7.90037	7.62599	4.37145	NA	10.7508	10.8952	587222	NA	587260	587203	587428	NA	587485	587485	25	NA	170	129
XVI	591269	591496	Interval_1272	1	1	TRUE	FALSE	FALSE	FALSE	4.62184	NA	NA	NA	3.79955	NA	NA	NA	5.97558	NA	NA	NA	591269	NA	NA	NA	591496	NA	NA	NA	47	NA	NA	NA
XVI	594036	594235	Interval_1273	1	1	FALSE	FALSE	TRUE	FALSE	NA	NA	4.54792	NA	NA	NA	3.88729	NA	NA	NA	6.02386	NA	NA	NA	594036	NA	NA	NA	594235	NA	NA	NA	183	NA
XVI	622601	622842	Interval_1274	1	1	TRUE	FALSE	FALSE	FALSE	2.94283	NA	NA	NA	1.39059	NA	NA	NA	3.10747	NA	NA	NA	622601	NA	NA	NA	622842	NA	NA	NA	43	NA	NA	NA
XVI	627167	627609	Interval_1275	1	1	TRUE	FALSE	FALSE	FALSE	5.2971	NA	NA	NA	4.83045	NA	NA	NA	7.23157	NA	NA	NA	627167	NA	NA	NA	627609	NA	NA	NA	371	NA	NA	NA
XVI	641202	641893	Interval_1276	4	4	TRUE	TRUE	TRUE	TRUE	5.22903	5.00789	5.17576	4.94256	6.48542	5.50233	8.22826	6.62365	9.13821	8.10644	11.1336	9.62909	641282	641256	641202	641203	641668	641893	641498	641798	195	101	184	276
XVI	645111	645799	Interval_1277	3	3	TRUE	FALSE	TRUE	TRUE	5.67917	NA	4.89958	4.10624	7.46328	NA	8.02376	4.64498	10.2731	NA	10.8917	7.1084	645111	NA	645132	645132	645749	NA	645781	645799	121	NA	491	299
XVI	653804	654097	Interval_1278	3	3	TRUE	FALSE	TRUE	TRUE	5.88567	NA	6.56922	5.7976	5.82349	NA	7.5235	5.71363	8.38997	NA	10.3084	8.47482	653811	NA	653804	653838	654097	NA	654072	654048	203	NA	236	81
XVI	664854	665067	Interval_1279	1	1	FALSE	FALSE	TRUE	FALSE	NA	NA	3.53727	NA	NA	NA	2.28985	NA	NA	NA	4.13652	NA	NA	NA	664854	NA	NA	NA	665067	NA	NA	NA	45	NA
XVI	673691	673934	Interval_1280	1	1	TRUE	FALSE	FALSE	FALSE	2.94283	NA	NA	NA	1.39059	NA	NA	NA	3.10747	NA	NA	NA	673691	NA	NA	NA	673934	NA	NA	NA	174	NA	NA	NA
XVI	678467	679386	Interval_1281	4	4	TRUE	TRUE	TRUE	TRUE	5.46439	5.88971	6.96846	5.66691	5.70077	6.17862	9.9796	6.84767	8.22523	8.90339	13.2894	9.88944	678494	678496	678481	678467	679386	679294	679183	679380	540	541	468	867
XVI	689632	689892	Interval_1282	1	1	TRUE	FALSE	FALSE	FALSE	6.47424	NA	NA	NA	6.85857	NA	NA	NA	9.58927	NA	NA	NA	689632	NA	NA	NA	689892	NA	NA	NA	228	NA	NA	NA
XVI	695003	695537	Interval_1283	4	4	TRUE	TRUE	TRUE	TRUE	5.41893	3.64123	3.06631	5.69553	5.3911	2.41021	1.71998	6.0773	7.86892	4.43945	3.42801	8.90511	695228	695234	695003	695017	695537	695533	695268	695537	82	253	220	219
XVI	698702	698877	Interval_1284	1	1	FALSE	FALSE	FALSE	TRUE	NA	NA	NA	2.90052	NA	NA	NA	1.544	NA	NA	NA	3.18209	NA	NA	NA	698702	NA	NA	NA	698877	NA	NA	NA	0
XVI	700070	700331	Interval_1285	2	2	FALSE	TRUE	FALSE	TRUE	NA	6.06904	NA	5.3184	NA	7.00161	NA	5.35379	NA	9.84172	NA	7.99296	NA	700070	NA	700081	NA	700331	NA	700331	NA	172	NA	98
XVI	702170	702369	Interval_1286	1	1	FALSE	TRUE	FALSE	FALSE	NA	2.9163	NA	NA	NA	1.3324	NA	NA	NA	3.10158	NA	NA	NA	702170	NA	NA	NA	702369	NA	NA	NA	27	NA	NA
XVI	731891	732170	Interval_1287	1	1	FALSE	FALSE	FALSE	TRUE	NA	NA	NA	8.95993	NA	NA	NA	11.7491	NA	NA	NA	15.7184	NA	NA	NA	731891	NA	NA	NA	732170	NA	NA	NA	103
XVI	739689	739972	Interval_1288	1	1	TRUE	FALSE	FALSE	FALSE	3.5314	NA	NA	NA	2.15114	NA	NA	NA	4.04885	NA	NA	NA	739689	NA	NA	NA	739972	NA	NA	NA	263	NA	NA	NA
XVI	744239	744502	Interval_1289	1	1	TRUE	FALSE	FALSE	FALSE	4.11997	NA	NA	NA	2.98981	NA	NA	NA	5.05521	NA	NA	NA	744239	NA	NA	NA	744502	NA	NA	NA	74	NA	NA	NA
XVI	752101	752334	Interval_1290	1	1	TRUE	FALSE	FALSE	FALSE	3.5314	NA	NA	NA	2.15114	NA	NA	NA	4.04885	NA	NA	NA	752101	NA	NA	NA	752334	NA	NA	NA	31	NA	NA	NA
XVI	770667	771025	Interval_1291	3	3	TRUE	TRUE	FALSE	TRUE	4.25438	4.89678	NA	4.11896	3.28507	4.19925	NA	3.10461	5.38616	6.57707	NA	5.17398	770667	770773	NA	770767	771025	771012	NA	771017	82	122	NA	157
XVI	775439	776076	Interval_1292	2	2	TRUE	TRUE	FALSE	FALSE	6.32569	4.62906	NA	NA	6.8716	3.70957	NA	NA	9.60536	5.9874	NA	NA	775481	775439	NA	NA	776076	775816	NA	NA	144	45	NA	NA
XVI	789652	789830	Interval_1293	1	1	FALSE	FALSE	FALSE	TRUE	NA	NA	NA	4.64765	NA	NA	NA	4.03831	NA	NA	NA	6.39925	NA	NA	NA	789652	NA	NA	NA	789830	NA	NA	NA	142
XVI	794572	794887	Interval_1294	4	4	TRUE	TRUE	TRUE	TRUE	7.1837	4.8605	6.83543	6.60431	9.00289	4.33431	8.77344	7.23316	12.0088	6.73309	11.8299	10.3651	794626	794575	794583	794572	794887	794848	794831	794848	78	173	125	217
XVI	812795	813049	Interval_1295	3	3	FALSE	TRUE	TRUE	TRUE	NA	5.91154	6.0639	6.85171	NA	5.76732	6.58199	7.5231	NA	8.4335	9.18268	10.7669	NA	812800	812795	812854	NA	813049	813032	813046	NA	85	58	63
XVI	821678	822604	Interval_1296	4	4	TRUE	TRUE	TRUE	TRUE	6.89682	5.98496	7.54237	5.38082	8.25851	6.07272	10.0632	5.43571	11.1777	8.77847	13.3937	8.09226	821852	822090	822147	821678	822472	822494	822499	822604	466	162	203	497
XVI	828682	829555	Interval_1297	4	4	TRUE	TRUE	TRUE	TRUE	7.23116	6.25735	5.60089	7.23323	9.40722	6.69415	7.40789	11.1599	12.4755	9.49462	10.1368	15.0782	829043	828848	828761	828682	829380	829432	829422	829555	223	474	562	623
XVI	840189	840984	Interval_1298	4	4	TRUE	TRUE	TRUE	TRUE	6.13758	4.55027	5.05325	9.43722	6.62122	3.60054	4.75515	12.9247	9.30125	5.85893	7.03726	16.9393	840220	840189	840282	840218	840984	840962	840771	840924	546	216	110	524
XVI	856917	857187	Interval_1299	2	2	TRUE	TRUE	FALSE	FALSE	6.21069	6.90375	NA	NA	7.28323	7.63152	NA	NA	10.0704	10.5577	NA	NA	856917	856927	NA	NA	857187	857146	NA	NA	14	5	NA	NA
XVI	860428	860787	Interval_1300	2	2	TRUE	FALSE	TRUE	FALSE	4.52936	NA	6.52957	NA	4.19901	NA	9.3501	NA	6.46311	NA	12.5322	NA	860467	NA	860428	NA	860687	NA	860787	NA	27	NA	123	NA
XVI	870081	870568	Interval_1301	2	2	TRUE	FALSE	TRUE	FALSE	4.11997	NA	3.53727	NA	2.98981	NA	2.28985	NA	5.05521	NA	4.13652	NA	870081	NA	870219	NA	870255	NA	870568	NA	69	NA	18	NA
XVI	882862	883429	Interval_1302	1	1	TRUE	FALSE	FALSE	FALSE	4.11997	NA	NA	NA	2.98981	NA	NA	NA	5.05521	NA	NA	NA	882862	NA	NA	NA	883429	NA	NA	NA	428	NA	NA	NA
XVI	887754	887978	Interval_1303	1	1	FALSE	FALSE	FALSE	TRUE	NA	NA	NA	4.21644	NA	NA	NA	3.18267	NA	NA	NA	5.32648	NA	NA	NA	887754	NA	NA	NA	887978	NA	NA	NA	157
XVI	900092	900493	Interval_1304	1	1	TRUE	FALSE	FALSE	FALSE	3.85894	NA	NA	NA	2.67517	NA	NA	NA	4.63567	NA	NA	NA	900092	NA	NA	NA	900493	NA	NA	NA	31	NA	NA	NA
XVI	901644	901881	Interval_1305	2	2	FALSE	FALSE	TRUE	TRUE	NA	NA	4.22825	6.45437	NA	NA	3.48265	7.31385	NA	NA	5.52583	10.4633	NA	NA	901645	901644	NA	NA	901881	901861	NA	NA	38	39
XVI	920828	921414	Interval_1306	2	2	FALSE	FALSE	TRUE	TRUE	NA	NA	4.54792	6.32466	NA	NA	3.88729	6.60525	NA	NA	6.02386	9.60369	NA	NA	921087	920828	NA	NA	921414	921343	NA	NA	279	322
XVI	927673	928355	Interval_1307	4	4	TRUE	TRUE	TRUE	TRUE	5.53211	5.45229	4.0426	6.62239	5.54904	5.34058	3.06233	7.79227	8.04913	7.92197	5.05527	11.0987	927673	927794	927800	927675	928355	928329	928338	928213	490	252	357	431
XVI	942471	942926	Interval_1308	2	2	TRUE	TRUE	FALSE	FALSE	8.23994	8.05437	NA	NA	10.2319	9.85912	NA	NA	13.4003	13.0848	NA	NA	942471	942546	NA	NA	942922	942926	NA	NA	169	100	NA	NA
